dataset_id,title,url,final_url,http_status,reachable,error,elapsed_ms
inq-0001,Agricultural land classification,https://www.planning.data.gov.uk/dataset/agricultural-land-classification,https://www.planning.data.gov.uk/dataset/agricultural-land-classification,200,True,,111
inq-0002,Air quality management area,https://www.planning.data.gov.uk/dataset/air-quality-management-area,https://www.planning.data.gov.uk/dataset/air-quality-management-area,200,True,,113
inq-0003,Ancient woodland,https://www.planning.data.gov.uk/dataset/ancient-woodland,https://www.planning.data.gov.uk/dataset/ancient-woodland,200,True,,63
inq-0004,Archaeological priority area,https://www.planning.data.gov.uk/dataset/archaeological-priority-area,https://www.planning.data.gov.uk/dataset/archaeological-priority-area,200,True,,97
inq-0005,Area of outstanding natural beauty,https://www.planning.data.gov.uk/dataset/area-of-outstanding-natural-beauty,https://www.planning.data.gov.uk/dataset/area-of-outstanding-natural-beauty,200,True,,127
inq-0006,Article 4 direction area,https://www.planning.data.gov.uk/dataset/article-4-direction-area,https://www.planning.data.gov.uk/dataset/article-4-direction-area,200,True,,278
inq-0007,Asset of community value,https://www.planning.data.gov.uk/dataset/asset-of-community-value,https://www.planning.data.gov.uk/dataset/asset-of-community-value,200,True,,278
inq-0008,Battlefield,https://www.planning.data.gov.uk/dataset/battlefield,https://www.planning.data.gov.uk/dataset/battlefield,200,True,,144
inq-0009,Border,https://www.planning.data.gov.uk/dataset/border,https://www.planning.data.gov.uk/dataset/border,200,True,,289
inq-0010,Brownfield land,https://www.planning.data.gov.uk/dataset/brownfield-land,https://www.planning.data.gov.uk/dataset/brownfield-land,200,True,,138
inq-0011,Brownfield site,https://www.planning.data.gov.uk/dataset/brownfield-site,https://www.planning.data.gov.uk/dataset/brownfield-site,200,True,,262
inq-0012,Building preservation notice,https://www.planning.data.gov.uk/dataset/building-preservation-notice,https://www.planning.data.gov.uk/dataset/building-preservation-notice,200,True,,270
inq-0013,Built up area,https://www.planning.data.gov.uk/dataset/built-up-area,https://www.planning.data.gov.uk/dataset/built-up-area,200,True,,134
inq-0014,Central activities zone,https://www.planning.data.gov.uk/dataset/central-activities-zone,https://www.planning.data.gov.uk/dataset/central-activities-zone,200,True,,114
inq-0015,Certificate of immunity,https://www.planning.data.gov.uk/dataset/certificate-of-immunity,https://www.planning.data.gov.uk/dataset/certificate-of-immunity,200,True,,124
inq-0016,Civil parish,https://www.planning.data.gov.uk/dataset/,https://www.planning.data.gov.uk/dataset/,200,True,,129
inq-0017,Conservation area,https://www.planning.data.gov.uk/dataset/conservation-area,https://www.planning.data.gov.uk/dataset/conservation-area,200,True,,94
inq-0018,Design code area,https://www.planning.data.gov.uk/dataset/design-code-area,https://www.planning.data.gov.uk/dataset/design-code-area,200,True,,256
inq-0019,Development corporation boundary,https://www.planning.data.gov.uk/dataset/development-corporation-boundary,https://www.planning.data.gov.uk/dataset/development-corporation-boundary,200,True,,264
inq-0020,Educational establishment,https://www.planning.data.gov.uk/dataset/educational-establishment,https://www.planning.data.gov.uk/dataset/educational-establishment,200,True,,135
inq-0021,Flood risk zone,https://www.planning.data.gov.uk/dataset/flood-risk-zone,https://www.planning.data.gov.uk/dataset/flood-risk-zone,200,True,,298
inq-0022,Flood storage area,https://www.planning.data.gov.uk/dataset/flood-storage-area,https://www.planning.data.gov.uk/dataset/flood-storage-area,200,True,,152
inq-0023,Green belt,https://www.planning.data.gov.uk/dataset/green-belt,https://www.planning.data.gov.uk/dataset/green-belt,200,True,,128
inq-0024,Heritage at risk,https://www.planning.data.gov.uk/dataset/heritage-at-risk,https://www.planning.data.gov.uk/dataset/heritage-at-risk,200,True,,239
inq-0025,Heritage coast,https://www.planning.data.gov.uk/dataset/heritage-coast,https://www.planning.data.gov.uk/dataset/heritage-coast,200,True,,286
inq-0026,Historic parks and gardens,https://www.planning.data.gov.uk/dataset/,https://www.planning.data.gov.uk/dataset/,200,True,,129
inq-0027,Infrastructure project,https://www.planning.data.gov.uk/dataset/infrastructure-project,https://www.planning.data.gov.uk/dataset/infrastructure-project,200,True,,315
inq-0028,Listed building,https://www.planning.data.gov.uk/dataset/listed-building,https://www.planning.data.gov.uk/dataset/listed-building,200,True,,125
inq-0029,Listed building outline,https://www.planning.data.gov.uk/dataset/listed-building-outline,https://www.planning.data.gov.uk/dataset/listed-building-outline,200,True,,253
inq-0030,Local authority district,https://www.planning.data.gov.uk/dataset/local-authority-district,https://www.planning.data.gov.uk/dataset/local-authority-district,200,True,,92
inq-0031,Local nature reserve,https://www.planning.data.gov.uk/dataset/local-nature-reserve,https://www.planning.data.gov.uk/dataset/local-nature-reserve,200,True,,110
inq-0032,Local plan boundary,https://www.planning.data.gov.uk/dataset/local-plan-boundary,https://www.planning.data.gov.uk/dataset/local-plan-boundary,200,True,,249
inq-0033,Local Planning Authority,https://www.planning.data.gov.uk/dataset/local-planning-authority,https://www.planning.data.gov.uk/dataset/local-planning-authority,200,True,,280
inq-0034,Local resilience forum boundary,https://www.planning.data.gov.uk/dataset/local-resilience-forum-boundary,https://www.planning.data.gov.uk/dataset/local-resilience-forum-boundary,200,True,,258
inq-0035,Locally listed building,https://www.planning.data.gov.uk/dataset/locally-listed-building,https://www.planning.data.gov.uk/dataset/locally-listed-building,200,True,,162
inq-0036,Minerals plan boundary,https://www.planning.data.gov.uk/dataset/minerals-plan-boundary,https://www.planning.data.gov.uk/dataset/minerals-plan-boundary,200,True,,152
inq-0037,National nature reserve,https://www.planning.data.gov.uk/dataset/national-nature-reserve,https://www.planning.data.gov.uk/dataset/national-nature-reserve,200,True,,151
inq-0038,National park,https://www.planning.data.gov.uk/dataset/national-park,https://www.planning.data.gov.uk/dataset/national-park,200,True,,168
inq-0039,Nature improvement area,https://www.planning.data.gov.uk/dataset/nature-improvement-area,https://www.planning.data.gov.uk/dataset/nature-improvement-area,200,True,,692
inq-0040,Nutrient neutrality catchment,https://www.planning.data.gov.uk/dataset/nutrient-neutrality-catchment,https://www.planning.data.gov.uk/dataset/nutrient-neutrality-catchment,200,True,,686
inq-0041,Planning application,https://www.planning.data.gov.uk/dataset/planning-application,https://www.planning.data.gov.uk/dataset/planning-application,200,True,,483
inq-0042,Protected wreck site,https://www.planning.data.gov.uk/dataset/protected-wreck-site,https://www.planning.data.gov.uk/dataset/protected-wreck-site,200,True,,112
inq-0043,Public transport access node,https://www.planning.data.gov.uk/dataset/,https://www.planning.data.gov.uk/dataset/,200,True,,129
inq-0044,Ramsar site,https://www.planning.data.gov.uk/dataset/,https://www.planning.data.gov.uk/dataset/,200,True,,129
inq-0045,Region,https://www.planning.data.gov.uk/dataset/region,https://www.planning.data.gov.uk/dataset/region,200,True,,136
inq-0046,Scheduled monument,https://www.planning.data.gov.uk/dataset/scheduled-monument,https://www.planning.data.gov.uk/dataset/scheduled-monument,200,True,,130
inq-0047,Site of special scientific interest,https://www.planning.data.gov.uk/dataset/site-of-special-scientific-interest,https://www.planning.data.gov.uk/dataset/site-of-special-scientific-interest,200,True,,268
inq-0048,Special area of conservation,https://www.planning.data.gov.uk/dataset/special-area-of-conservation,https://www.planning.data.gov.uk/dataset/special-area-of-conservation,200,True,,267
inq-0049,Special protection area,https://www.planning.data.gov.uk/dataset/special-protection-area,https://www.planning.data.gov.uk/dataset/special-protection-area,200,True,,119
inq-0050,Title boundary,https://www.planning.data.gov.uk/dataset/title-boundary,https://www.planning.data.gov.uk/dataset/title-boundary,200,True,,110
inq-0051,Tree,https://www.planning.data.gov.uk/dataset/tree,https://www.planning.data.gov.uk/dataset/tree,200,True,,110
inq-0052,Tree preservation zone,https://www.planning.data.gov.uk/dataset/tree-preservation-zone,https://www.planning.data.gov.uk/dataset/tree-preservation-zone,200,True,,121
inq-0053,Ward,https://www.planning.data.gov.uk/dataset/ward,https://www.planning.data.gov.uk/dataset/ward,200,True,,87
inq-0054,Waste plan boundary,https://www.planning.data.gov.uk/dataset/waste-plan-boundary,https://www.planning.data.gov.uk/dataset/waste-plan-boundary,200,True,,106
inq-0055,World heritage site,https://www.planning.data.gov.uk/dataset/world-heritage-site,https://www.planning.data.gov.uk/dataset/world-heritage-site,200,True,,96
inq-0056,World heritage site buffer zone,https://www.planning.data.gov.uk/dataset/world-heritage-site-buffer-zone,https://www.planning.data.gov.uk/dataset/world-heritage-site-buffer-zone,200,True,,95
inq-0057,Ancient woodland status,https://www.planning.data.gov.uk/dataset/ancient-woodland-status,https://www.planning.data.gov.uk/dataset/ancient-woodland-status,200,True,,125
inq-0058,Conservation area document type,https://www.planning.data.gov.uk/dataset/conservation-area-document-type,https://www.planning.data.gov.uk/dataset/conservation-area-document-type,200,True,,95
inq-0059,Contribution funding status,https://www.planning.data.gov.uk/dataset/contribution-funding-status,https://www.planning.data.gov.uk/dataset/contribution-funding-status,200,True,,96
inq-0060,Contribution purpose,https://www.planning.data.gov.uk/dataset/contribution-purpose,https://www.planning.data.gov.uk/dataset/contribution-purpose,200,True,,257
inq-0061,Design code area type,https://www.planning.data.gov.uk/dataset/design-code-area-type,https://www.planning.data.gov.uk/dataset/design-code-area-type,200,True,,130
inq-0062,Design code characteristic,https://www.planning.data.gov.uk/dataset/design-code-characteristic,https://www.planning.data.gov.uk/dataset/design-code-characteristic,200,True,,126
inq-0063,Design code rule category,https://www.planning.data.gov.uk/dataset/design-code-rule-category,https://www.planning.data.gov.uk/dataset/design-code-rule-category,200,True,,163
inq-0064,Design code status,https://www.planning.data.gov.uk/dataset/design-code-status,https://www.planning.data.gov.uk/dataset/design-code-status,200,True,,164
inq-0065,Developer agreement type,https://www.planning.data.gov.uk/dataset/developer-agreement-type,https://www.planning.data.gov.uk/dataset/developer-agreement-type,200,True,,135
inq-0066,Development plan document type,https://www.planning.data.gov.uk/dataset/development-plan-document-type,https://www.planning.data.gov.uk/dataset/development-plan-document-type,200,True,,157
inq-0067,Document type,https://www.planning.data.gov.uk/dataset/document-type,https://www.planning.data.gov.uk/dataset/document-type,200,True,,153
inq-0068,Flood risk level,https://www.planning.data.gov.uk/dataset/flood-risk-level,https://www.planning.data.gov.uk/dataset/flood-risk-level,200,True,,149
inq-0069,Flood risk type,https://www.planning.data.gov.uk/dataset/flood-risk-type,https://www.planning.data.gov.uk/dataset/flood-risk-type,200,True,,293
inq-0070,Green belt core,https://www.planning.data.gov.uk/dataset/green-belt-core,https://www.planning.data.gov.uk/dataset/green-belt-core,200,True,,128
inq-0071,Infrastructure project decision,https://www.planning.data.gov.uk/dataset/infrastructure-project-decision,https://www.planning.data.gov.uk/dataset/infrastructure-project-decision,200,True,,269
inq-0072,Infrastructure project document type,https://www.planning.data.gov.uk/dataset/infrastructure-project-document-type,https://www.planning.data.gov.uk/dataset/infrastructure-project-document-type,200,True,,136
inq-0073,Infrastructure project event,https://www.planning.data.gov.uk/dataset/infrastructure-project-event,https://www.planning.data.gov.uk/dataset/infrastructure-project-event,200,True,,135
inq-0074,Infrastructure project type,https://www.planning.data.gov.uk/dataset/infrastructure-project-type,https://www.planning.data.gov.uk/dataset/infrastructure-project-type,200,True,,140
inq-0075,Listed building grade,https://www.planning.data.gov.uk/dataset/listed-building-grade,https://www.planning.data.gov.uk/dataset/listed-building-grade,200,True,,134
inq-0076,Local authority type,https://www.planning.data.gov.uk/dataset/local-authority-type,https://www.planning.data.gov.uk/dataset/local-authority-type,200,True,,104
inq-0077,Ownership status,https://www.planning.data.gov.uk/dataset/ownership-status,https://www.planning.data.gov.uk/dataset/ownership-status,200,True,,292
inq-0078,Park and garden grade,https://www.planning.data.gov.uk/dataset/park-and-garden-grade,https://www.planning.data.gov.uk/dataset/park-and-garden-grade,200,True,,317
inq-0079,Permitted development right,https://www.planning.data.gov.uk/dataset/permitted-development-right,https://www.planning.data.gov.uk/dataset/permitted-development-right,200,True,,320
inq-0080,Permitted development right part,https://www.planning.data.gov.uk/dataset/permitted-development-right-part,https://www.planning.data.gov.uk/dataset/permitted-development-right-part,200,True,,275
inq-0081,Plan event,https://www.planning.data.gov.uk/dataset/plan-event,https://www.planning.data.gov.uk/dataset/plan-event,200,True,,283
inq-0082,Planning application type,https://www.planning.data.gov.uk/dataset/planning-application-type,https://www.planning.data.gov.uk/dataset/planning-application-type,200,True,,148
inq-0083,Planning permission status,https://www.planning.data.gov.uk/dataset/planning-permission-status,https://www.planning.data.gov.uk/dataset/planning-permission-status,200,True,,270
inq-0084,Planning permission type,https://www.planning.data.gov.uk/dataset/planning-permission-type,https://www.planning.data.gov.uk/dataset/planning-permission-type,200,True,,124
inq-0085,Site category,https://www.planning.data.gov.uk/dataset/site-category,https://www.planning.data.gov.uk/dataset/site-category,200,True,,118
inq-0086,Tree preservation zone type,https://www.planning.data.gov.uk/dataset/tree-preservation-zone-type,https://www.planning.data.gov.uk/dataset/tree-preservation-zone-type,200,True,,116
inq-0087,Article 4 direction,https://www.planning.data.gov.uk/dataset/article-4-direction,https://www.planning.data.gov.uk/dataset/article-4-direction,200,True,,119
inq-0088,Local plan,https://www.planning.data.gov.uk/dataset/local-plan,https://www.planning.data.gov.uk/dataset/local-plan,200,True,,89
inq-0089,minerals plan,https://www.planning.data.gov.uk/dataset/minerals-plan,https://www.planning.data.gov.uk/dataset/minerals-plan,200,True,,158
inq-0090,supplementary plan,https://www.planning.data.gov.uk/dataset/supplementary-plan,https://www.planning.data.gov.uk/dataset/supplementary-plan,200,True,,118
inq-0091,Tree preservation order,https://www.planning.data.gov.uk/dataset/tree-preservation-order,https://www.planning.data.gov.uk/dataset/tree-preservation-order,200,True,,108
inq-0092,waste plan,https://www.planning.data.gov.uk/dataset/waste-plan,https://www.planning.data.gov.uk/dataset/waste-plan,200,True,,110
inq-0093,Community infrastructure levy schedule,https://www.planning.data.gov.uk/dataset/community-infrastructure-levy-schedule,https://www.planning.data.gov.uk/dataset/community-infrastructure-levy-schedule,200,True,,123
inq-0094,Conservation area document,https://www.planning.data.gov.uk/dataset/conservation-area-document,https://www.planning.data.gov.uk/dataset/conservation-area-document,200,True,,91
inq-0095,Developer agreement,https://www.planning.data.gov.uk/dataset/developer-agreement,https://www.planning.data.gov.uk/dataset/developer-agreement,200,True,,151
inq-0096,Development plan document,https://www.planning.data.gov.uk/dataset/development-plan-document,https://www.planning.data.gov.uk/dataset/development-plan-document,200,True,,252
inq-0097,Infrastructure funding statement,https://www.planning.data.gov.uk/dataset/infrastructure-funding-statement,https://www.planning.data.gov.uk/dataset/infrastructure-funding-statement,200,True,,282
inq-0098,Local area requirements,https://www.planning.data.gov.uk/dataset/local-area-requirements,https://www.planning.data.gov.uk/dataset/local-area-requirements,200,True,,98
inq-0099,Company,https://www.planning.data.gov.uk/dataset/company,https://www.planning.data.gov.uk/dataset/company,200,True,,123
inq-0100,Development corporation,https://www.planning.data.gov.uk/dataset/development-corporation,https://www.planning.data.gov.uk/dataset/development-corporation,200,True,,122
inq-0101,Government organisation,https://www.planning.data.gov.uk/dataset/government-organisation,https://www.planning.data.gov.uk/dataset/government-organisation,200,True,,142
inq-0102,Local authority,https://www.planning.data.gov.uk/dataset/local-authority,https://www.planning.data.gov.uk/dataset/local-authority,200,True,,105
inq-0103,Local planning group,https://www.planning.data.gov.uk/dataset/local-planning-group,https://www.planning.data.gov.uk/dataset/local-planning-group,200,True,,149
inq-0104,Local resilience forum,https://www.planning.data.gov.uk/dataset/local-resilience-forum,https://www.planning.data.gov.uk/dataset/local-resilience-forum,200,True,,273
inq-0105,National park authority,https://www.planning.data.gov.uk/dataset/national-park-authority,https://www.planning.data.gov.uk/dataset/national-park-authority,200,True,,309
inq-0106,Nonprofit organisation,https://www.planning.data.gov.uk/dataset/,https://www.planning.data.gov.uk/dataset/,200,True,,129
inq-0107,Passenger transport executive,https://www.planning.data.gov.uk/dataset/passenger-transport-executive,https://www.planning.data.gov.uk/dataset/passenger-transport-executive,200,True,,318
inq-0108,Public authority,https://www.planning.data.gov.uk/dataset/public-authority,https://www.planning.data.gov.uk/dataset/public-authority,200,True,,111
inq-0109,Regional park authority,https://www.planning.data.gov.uk/dataset/regional-park-authority,https://www.planning.data.gov.uk/dataset/regional-park-authority,200,True,,140
inq-0110,Waste disposal authority,https://www.planning.data.gov.uk/dataset/,https://www.planning.data.gov.uk/dataset/,200,True,,129
inq-0111,Design code,https://www.planning.data.gov.uk/dataset/design-code,https://www.planning.data.gov.uk/dataset/design-code,200,True,,120
inq-0112,Design code rule,https://www.planning.data.gov.uk/dataset/design-code-rule,https://www.planning.data.gov.uk/dataset/design-code-rule,200,True,,153
inq-0113,Planning application condition,https://www.planning.data.gov.uk/dataset/planning-application-condition,https://www.planning.data.gov.uk/dataset/planning-application-condition,200,True,,213
inq-0114,Planning condition,https://www.planning.data.gov.uk/dataset/planning-condition,https://www.planning.data.gov.uk/dataset/planning-condition,200,True,,137
inq-0115,Developer agreement contribution,https://www.planning.data.gov.uk/dataset/developer-agreement-contribution,https://www.planning.data.gov.uk/dataset/developer-agreement-contribution,200,True,,163
inq-0116,Developer agreement transaction,https://www.planning.data.gov.uk/dataset/developer-agreement-transaction,https://www.planning.data.gov.uk/dataset/developer-agreement-transaction,200,True,,150
inq-0117,plan timetable,https://www.planning.data.gov.uk/dataset/plan-timetable,https://www.planning.data.gov.uk/dataset/plan-timetable,200,True,,232
inq-0118,HadUK-Grid Maximum air temperature – monthly – 1km,https://www.metoffice.gov.uk/research/climate/maps-and-data/data/haduk-grid/datasets,https://www.metoffice.gov.uk/research/climate/maps-and-data/data/haduk-grid/datasets,200,True,,638
inq-0119,HadUK-Grid Maximum air temperature – monthly – 5km,https://www.metoffice.gov.uk/research/climate/maps-and-data/data/haduk-grid/datasets,https://www.metoffice.gov.uk/research/climate/maps-and-data/data/haduk-grid/datasets,200,True,,638
inq-0120,HadUK-Grid Maximum air temperature – monthly – 12km,https://www.metoffice.gov.uk/research/climate/maps-and-data/data/haduk-grid/datasets,https://www.metoffice.gov.uk/research/climate/maps-and-data/data/haduk-grid/datasets,200,True,,638
inq-0121,HadUK-Grid Maximum air temperature – monthly – 25km,https://www.metoffice.gov.uk/research/climate/maps-and-data/data/haduk-grid/datasets,https://www.metoffice.gov.uk/research/climate/maps-and-data/data/haduk-grid/datasets,200,True,,638
inq-0122,HadUK-Grid Maximum air temperature – monthly – 60km,https://www.metoffice.gov.uk/research/climate/maps-and-data/data/haduk-grid/datasets,https://www.metoffice.gov.uk/research/climate/maps-and-data/data/haduk-grid/datasets,200,True,,638
inq-0123,HadUK-Grid Minimum air temperature – monthly – 1km,https://www.metoffice.gov.uk/research/climate/maps-and-data/data/haduk-grid/datasets,https://www.metoffice.gov.uk/research/climate/maps-and-data/data/haduk-grid/datasets,200,True,,638
inq-0124,HadUK-Grid Minimum air temperature – monthly – 5km,https://www.metoffice.gov.uk/research/climate/maps-and-data/data/haduk-grid/datasets,https://www.metoffice.gov.uk/research/climate/maps-and-data/data/haduk-grid/datasets,200,True,,638
inq-0125,HadUK-Grid Minimum air temperature – monthly – 12km,https://www.metoffice.gov.uk/research/climate/maps-and-data/data/haduk-grid/datasets,https://www.metoffice.gov.uk/research/climate/maps-and-data/data/haduk-grid/datasets,200,True,,638
inq-0126,HadUK-Grid Minimum air temperature – monthly – 25km,https://www.metoffice.gov.uk/research/climate/maps-and-data/data/haduk-grid/datasets,https://www.metoffice.gov.uk/research/climate/maps-and-data/data/haduk-grid/datasets,200,True,,638
inq-0127,HadUK-Grid Minimum air temperature – monthly – 60km,https://www.metoffice.gov.uk/research/climate/maps-and-data/data/haduk-grid/datasets,https://www.metoffice.gov.uk/research/climate/maps-and-data/data/haduk-grid/datasets,200,True,,638
inq-0128,HadUK-Grid Mean air temperature – monthly – 1km,https://www.metoffice.gov.uk/research/climate/maps-and-data/data/haduk-grid/datasets,https://www.metoffice.gov.uk/research/climate/maps-and-data/data/haduk-grid/datasets,200,True,,638
inq-0129,HadUK-Grid Mean air temperature – monthly – 5km,https://www.metoffice.gov.uk/research/climate/maps-and-data/data/haduk-grid/datasets,https://www.metoffice.gov.uk/research/climate/maps-and-data/data/haduk-grid/datasets,200,True,,638
inq-0130,HadUK-Grid Mean air temperature – monthly – 12km,https://www.metoffice.gov.uk/research/climate/maps-and-data/data/haduk-grid/datasets,https://www.metoffice.gov.uk/research/climate/maps-and-data/data/haduk-grid/datasets,200,True,,638
inq-0131,HadUK-Grid Mean air temperature – monthly – 25km,https://www.metoffice.gov.uk/research/climate/maps-and-data/data/haduk-grid/datasets,https://www.metoffice.gov.uk/research/climate/maps-and-data/data/haduk-grid/datasets,200,True,,638
inq-0132,HadUK-Grid Mean air temperature – monthly – 60km,https://www.metoffice.gov.uk/research/climate/maps-and-data/data/haduk-grid/datasets,https://www.metoffice.gov.uk/research/climate/maps-and-data/data/haduk-grid/datasets,200,True,,638
inq-0133,HadUK-Grid Precipitation – monthly – 1km,https://www.metoffice.gov.uk/research/climate/maps-and-data/data/haduk-grid/datasets,https://www.metoffice.gov.uk/research/climate/maps-and-data/data/haduk-grid/datasets,200,True,,638
inq-0134,HadUK-Grid Precipitation – monthly – 5km,https://www.metoffice.gov.uk/research/climate/maps-and-data/data/haduk-grid/datasets,https://www.metoffice.gov.uk/research/climate/maps-and-data/data/haduk-grid/datasets,200,True,,638
inq-0135,HadUK-Grid Precipitation – monthly – 12km,https://www.metoffice.gov.uk/research/climate/maps-and-data/data/haduk-grid/datasets,https://www.metoffice.gov.uk/research/climate/maps-and-data/data/haduk-grid/datasets,200,True,,638
inq-0136,HadUK-Grid Precipitation – monthly – 25km,https://www.metoffice.gov.uk/research/climate/maps-and-data/data/haduk-grid/datasets,https://www.metoffice.gov.uk/research/climate/maps-and-data/data/haduk-grid/datasets,200,True,,638
inq-0137,HadUK-Grid Precipitation – monthly – 60km,https://www.metoffice.gov.uk/research/climate/maps-and-data/data/haduk-grid/datasets,https://www.metoffice.gov.uk/research/climate/maps-and-data/data/haduk-grid/datasets,200,True,,638
inq-0138,HadUK-Grid Sunshine duration – monthly – 1km,https://www.metoffice.gov.uk/research/climate/maps-and-data/data/haduk-grid/datasets,https://www.metoffice.gov.uk/research/climate/maps-and-data/data/haduk-grid/datasets,200,True,,638
inq-0139,HadUK-Grid Sunshine duration – monthly – 5km,https://www.metoffice.gov.uk/research/climate/maps-and-data/data/haduk-grid/datasets,https://www.metoffice.gov.uk/research/climate/maps-and-data/data/haduk-grid/datasets,200,True,,638
inq-0140,HadUK-Grid Sunshine duration – monthly – 12km,https://www.metoffice.gov.uk/research/climate/maps-and-data/data/haduk-grid/datasets,https://www.metoffice.gov.uk/research/climate/maps-and-data/data/haduk-grid/datasets,200,True,,638
inq-0141,HadUK-Grid Sunshine duration – monthly – 25km,https://www.metoffice.gov.uk/research/climate/maps-and-data/data/haduk-grid/datasets,https://www.metoffice.gov.uk/research/climate/maps-and-data/data/haduk-grid/datasets,200,True,,638
inq-0142,HadUK-Grid Sunshine duration – monthly – 60km,https://www.metoffice.gov.uk/research/climate/maps-and-data/data/haduk-grid/datasets,https://www.metoffice.gov.uk/research/climate/maps-and-data/data/haduk-grid/datasets,200,True,,638
inq-0143,HadUK-Grid Mean wind speed at 10 m – monthly – 1km,https://www.metoffice.gov.uk/research/climate/maps-and-data/data/haduk-grid/datasets,https://www.metoffice.gov.uk/research/climate/maps-and-data/data/haduk-grid/datasets,200,True,,638
inq-0144,HadUK-Grid Mean wind speed at 10 m – monthly – 5km,https://www.metoffice.gov.uk/research/climate/maps-and-data/data/haduk-grid/datasets,https://www.metoffice.gov.uk/research/climate/maps-and-data/data/haduk-grid/datasets,200,True,,638
inq-0145,HadUK-Grid Mean wind speed at 10 m – monthly – 12km,https://www.metoffice.gov.uk/research/climate/maps-and-data/data/haduk-grid/datasets,https://www.metoffice.gov.uk/research/climate/maps-and-data/data/haduk-grid/datasets,200,True,,638
inq-0146,HadUK-Grid Mean wind speed at 10 m – monthly – 25km,https://www.metoffice.gov.uk/research/climate/maps-and-data/data/haduk-grid/datasets,https://www.metoffice.gov.uk/research/climate/maps-and-data/data/haduk-grid/datasets,200,True,,638
inq-0147,HadUK-Grid Mean wind speed at 10 m – monthly – 60km,https://www.metoffice.gov.uk/research/climate/maps-and-data/data/haduk-grid/datasets,https://www.metoffice.gov.uk/research/climate/maps-and-data/data/haduk-grid/datasets,200,True,,638
inq-0148,HadUK-Grid Mean sea level pressure – monthly – 1km,https://www.metoffice.gov.uk/research/climate/maps-and-data/data/haduk-grid/datasets,https://www.metoffice.gov.uk/research/climate/maps-and-data/data/haduk-grid/datasets,200,True,,638
inq-0149,HadUK-Grid Mean sea level pressure – monthly – 5km,https://www.metoffice.gov.uk/research/climate/maps-and-data/data/haduk-grid/datasets,https://www.metoffice.gov.uk/research/climate/maps-and-data/data/haduk-grid/datasets,200,True,,638
inq-0150,HadUK-Grid Mean sea level pressure – monthly – 12km,https://www.metoffice.gov.uk/research/climate/maps-and-data/data/haduk-grid/datasets,https://www.metoffice.gov.uk/research/climate/maps-and-data/data/haduk-grid/datasets,200,True,,638
inq-0151,HadUK-Grid Mean sea level pressure – monthly – 25km,https://www.metoffice.gov.uk/research/climate/maps-and-data/data/haduk-grid/datasets,https://www.metoffice.gov.uk/research/climate/maps-and-data/data/haduk-grid/datasets,200,True,,638
inq-0152,HadUK-Grid Mean sea level pressure – monthly – 60km,https://www.metoffice.gov.uk/research/climate/maps-and-data/data/haduk-grid/datasets,https://www.metoffice.gov.uk/research/climate/maps-and-data/data/haduk-grid/datasets,200,True,,638
inq-0153,HadUK-Grid Mean relative humidity – monthly – 1km,https://www.metoffice.gov.uk/research/climate/maps-and-data/data/haduk-grid/datasets,https://www.metoffice.gov.uk/research/climate/maps-and-data/data/haduk-grid/datasets,200,True,,638
inq-0154,HadUK-Grid Mean relative humidity – monthly – 5km,https://www.metoffice.gov.uk/research/climate/maps-and-data/data/haduk-grid/datasets,https://www.metoffice.gov.uk/research/climate/maps-and-data/data/haduk-grid/datasets,200,True,,638
inq-0155,HadUK-Grid Mean relative humidity – monthly – 12km,https://www.metoffice.gov.uk/research/climate/maps-and-data/data/haduk-grid/datasets,https://www.metoffice.gov.uk/research/climate/maps-and-data/data/haduk-grid/datasets,200,True,,638
inq-0156,HadUK-Grid Mean relative humidity – monthly – 25km,https://www.metoffice.gov.uk/research/climate/maps-and-data/data/haduk-grid/datasets,https://www.metoffice.gov.uk/research/climate/maps-and-data/data/haduk-grid/datasets,200,True,,638
inq-0157,HadUK-Grid Mean relative humidity – monthly – 60km,https://www.metoffice.gov.uk/research/climate/maps-and-data/data/haduk-grid/datasets,https://www.metoffice.gov.uk/research/climate/maps-and-data/data/haduk-grid/datasets,200,True,,638
inq-0158,HadUK-Grid Mean vapour pressure – monthly – 1km,https://www.metoffice.gov.uk/research/climate/maps-and-data/data/haduk-grid/datasets,https://www.metoffice.gov.uk/research/climate/maps-and-data/data/haduk-grid/datasets,200,True,,638
inq-0159,HadUK-Grid Mean vapour pressure – monthly – 5km,https://www.metoffice.gov.uk/research/climate/maps-and-data/data/haduk-grid/datasets,https://www.metoffice.gov.uk/research/climate/maps-and-data/data/haduk-grid/datasets,200,True,,638
inq-0160,HadUK-Grid Mean vapour pressure – monthly – 12km,https://www.metoffice.gov.uk/research/climate/maps-and-data/data/haduk-grid/datasets,https://www.metoffice.gov.uk/research/climate/maps-and-data/data/haduk-grid/datasets,200,True,,638
inq-0161,HadUK-Grid Mean vapour pressure – monthly – 25km,https://www.metoffice.gov.uk/research/climate/maps-and-data/data/haduk-grid/datasets,https://www.metoffice.gov.uk/research/climate/maps-and-data/data/haduk-grid/datasets,200,True,,638
inq-0162,HadUK-Grid Mean vapour pressure – monthly – 60km,https://www.metoffice.gov.uk/research/climate/maps-and-data/data/haduk-grid/datasets,https://www.metoffice.gov.uk/research/climate/maps-and-data/data/haduk-grid/datasets,200,True,,638
inq-0163,HadUK-Grid Days of ground frost – monthly – 1km,https://www.metoffice.gov.uk/research/climate/maps-and-data/data/haduk-grid/datasets,https://www.metoffice.gov.uk/research/climate/maps-and-data/data/haduk-grid/datasets,200,True,,638
inq-0164,HadUK-Grid Days of ground frost – monthly – 5km,https://www.metoffice.gov.uk/research/climate/maps-and-data/data/haduk-grid/datasets,https://www.metoffice.gov.uk/research/climate/maps-and-data/data/haduk-grid/datasets,200,True,,638
inq-0165,HadUK-Grid Days of ground frost – monthly – 12km,https://www.metoffice.gov.uk/research/climate/maps-and-data/data/haduk-grid/datasets,https://www.metoffice.gov.uk/research/climate/maps-and-data/data/haduk-grid/datasets,200,True,,638
inq-0166,HadUK-Grid Days of ground frost – monthly – 25km,https://www.metoffice.gov.uk/research/climate/maps-and-data/data/haduk-grid/datasets,https://www.metoffice.gov.uk/research/climate/maps-and-data/data/haduk-grid/datasets,200,True,,638
inq-0167,HadUK-Grid Days of ground frost – monthly – 60km,https://www.metoffice.gov.uk/research/climate/maps-and-data/data/haduk-grid/datasets,https://www.metoffice.gov.uk/research/climate/maps-and-data/data/haduk-grid/datasets,200,True,,638
inq-0168,HadUK-Grid Days of snow lying – monthly – 1km,https://www.metoffice.gov.uk/research/climate/maps-and-data/data/haduk-grid/datasets,https://www.metoffice.gov.uk/research/climate/maps-and-data/data/haduk-grid/datasets,200,True,,638
inq-0169,HadUK-Grid Days of snow lying – monthly – 5km,https://www.metoffice.gov.uk/research/climate/maps-and-data/data/haduk-grid/datasets,https://www.metoffice.gov.uk/research/climate/maps-and-data/data/haduk-grid/datasets,200,True,,638
inq-0170,HadUK-Grid Days of snow lying – monthly – 12km,https://www.metoffice.gov.uk/research/climate/maps-and-data/data/haduk-grid/datasets,https://www.metoffice.gov.uk/research/climate/maps-and-data/data/haduk-grid/datasets,200,True,,638
inq-0171,HadUK-Grid Days of snow lying – monthly – 25km,https://www.metoffice.gov.uk/research/climate/maps-and-data/data/haduk-grid/datasets,https://www.metoffice.gov.uk/research/climate/maps-and-data/data/haduk-grid/datasets,200,True,,638
inq-0172,HadUK-Grid Days of snow lying – monthly – 60km,https://www.metoffice.gov.uk/research/climate/maps-and-data/data/haduk-grid/datasets,https://www.metoffice.gov.uk/research/climate/maps-and-data/data/haduk-grid/datasets,200,True,,638
inq-0173,HadUK-Grid Maximum air temperature – seasonal – 1km,https://www.metoffice.gov.uk/research/climate/maps-and-data/data/haduk-grid/datasets,https://www.metoffice.gov.uk/research/climate/maps-and-data/data/haduk-grid/datasets,200,True,,638
inq-0174,HadUK-Grid Maximum air temperature – seasonal – 5km,https://www.metoffice.gov.uk/research/climate/maps-and-data/data/haduk-grid/datasets,https://www.metoffice.gov.uk/research/climate/maps-and-data/data/haduk-grid/datasets,200,True,,638
inq-0175,HadUK-Grid Maximum air temperature – seasonal – 12km,https://www.metoffice.gov.uk/research/climate/maps-and-data/data/haduk-grid/datasets,https://www.metoffice.gov.uk/research/climate/maps-and-data/data/haduk-grid/datasets,200,True,,638
inq-0176,HadUK-Grid Maximum air temperature – seasonal – 25km,https://www.metoffice.gov.uk/research/climate/maps-and-data/data/haduk-grid/datasets,https://www.metoffice.gov.uk/research/climate/maps-and-data/data/haduk-grid/datasets,200,True,,638
inq-0177,HadUK-Grid Maximum air temperature – seasonal – 60km,https://www.metoffice.gov.uk/research/climate/maps-and-data/data/haduk-grid/datasets,https://www.metoffice.gov.uk/research/climate/maps-and-data/data/haduk-grid/datasets,200,True,,638
inq-0178,HadUK-Grid Minimum air temperature – seasonal – 1km,https://www.metoffice.gov.uk/research/climate/maps-and-data/data/haduk-grid/datasets,https://www.metoffice.gov.uk/research/climate/maps-and-data/data/haduk-grid/datasets,200,True,,638
inq-0179,HadUK-Grid Minimum air temperature – seasonal – 5km,https://www.metoffice.gov.uk/research/climate/maps-and-data/data/haduk-grid/datasets,https://www.metoffice.gov.uk/research/climate/maps-and-data/data/haduk-grid/datasets,200,True,,638
inq-0180,HadUK-Grid Minimum air temperature – seasonal – 12km,https://www.metoffice.gov.uk/research/climate/maps-and-data/data/haduk-grid/datasets,https://www.metoffice.gov.uk/research/climate/maps-and-data/data/haduk-grid/datasets,200,True,,638
inq-0181,HadUK-Grid Minimum air temperature – seasonal – 25km,https://www.metoffice.gov.uk/research/climate/maps-and-data/data/haduk-grid/datasets,https://www.metoffice.gov.uk/research/climate/maps-and-data/data/haduk-grid/datasets,200,True,,638
inq-0182,HadUK-Grid Minimum air temperature – seasonal – 60km,https://www.metoffice.gov.uk/research/climate/maps-and-data/data/haduk-grid/datasets,https://www.metoffice.gov.uk/research/climate/maps-and-data/data/haduk-grid/datasets,200,True,,638
inq-0183,HadUK-Grid Mean air temperature – seasonal – 1km,https://www.metoffice.gov.uk/research/climate/maps-and-data/data/haduk-grid/datasets,https://www.metoffice.gov.uk/research/climate/maps-and-data/data/haduk-grid/datasets,200,True,,638
inq-0184,HadUK-Grid Mean air temperature – seasonal – 5km,https://www.metoffice.gov.uk/research/climate/maps-and-data/data/haduk-grid/datasets,https://www.metoffice.gov.uk/research/climate/maps-and-data/data/haduk-grid/datasets,200,True,,638
inq-0185,HadUK-Grid Mean air temperature – seasonal – 12km,https://www.metoffice.gov.uk/research/climate/maps-and-data/data/haduk-grid/datasets,https://www.metoffice.gov.uk/research/climate/maps-and-data/data/haduk-grid/datasets,200,True,,638
inq-0186,HadUK-Grid Mean air temperature – seasonal – 25km,https://www.metoffice.gov.uk/research/climate/maps-and-data/data/haduk-grid/datasets,https://www.metoffice.gov.uk/research/climate/maps-and-data/data/haduk-grid/datasets,200,True,,638
inq-0187,HadUK-Grid Mean air temperature – seasonal – 60km,https://www.metoffice.gov.uk/research/climate/maps-and-data/data/haduk-grid/datasets,https://www.metoffice.gov.uk/research/climate/maps-and-data/data/haduk-grid/datasets,200,True,,638
inq-0188,HadUK-Grid Precipitation – seasonal – 1km,https://www.metoffice.gov.uk/research/climate/maps-and-data/data/haduk-grid/datasets,https://www.metoffice.gov.uk/research/climate/maps-and-data/data/haduk-grid/datasets,200,True,,638
inq-0189,HadUK-Grid Precipitation – seasonal – 5km,https://www.metoffice.gov.uk/research/climate/maps-and-data/data/haduk-grid/datasets,https://www.metoffice.gov.uk/research/climate/maps-and-data/data/haduk-grid/datasets,200,True,,638
inq-0190,HadUK-Grid Precipitation – seasonal – 12km,https://www.metoffice.gov.uk/research/climate/maps-and-data/data/haduk-grid/datasets,https://www.metoffice.gov.uk/research/climate/maps-and-data/data/haduk-grid/datasets,200,True,,638
inq-0191,HadUK-Grid Precipitation – seasonal – 25km,https://www.metoffice.gov.uk/research/climate/maps-and-data/data/haduk-grid/datasets,https://www.metoffice.gov.uk/research/climate/maps-and-data/data/haduk-grid/datasets,200,True,,638
inq-0192,HadUK-Grid Precipitation – seasonal – 60km,https://www.metoffice.gov.uk/research/climate/maps-and-data/data/haduk-grid/datasets,https://www.metoffice.gov.uk/research/climate/maps-and-data/data/haduk-grid/datasets,200,True,,638
inq-0193,HadUK-Grid Sunshine duration – seasonal – 1km,https://www.metoffice.gov.uk/research/climate/maps-and-data/data/haduk-grid/datasets,https://www.metoffice.gov.uk/research/climate/maps-and-data/data/haduk-grid/datasets,200,True,,638
inq-0194,HadUK-Grid Sunshine duration – seasonal – 5km,https://www.metoffice.gov.uk/research/climate/maps-and-data/data/haduk-grid/datasets,https://www.metoffice.gov.uk/research/climate/maps-and-data/data/haduk-grid/datasets,200,True,,638
inq-0195,HadUK-Grid Sunshine duration – seasonal – 12km,https://www.metoffice.gov.uk/research/climate/maps-and-data/data/haduk-grid/datasets,https://www.metoffice.gov.uk/research/climate/maps-and-data/data/haduk-grid/datasets,200,True,,638
inq-0196,HadUK-Grid Sunshine duration – seasonal – 25km,https://www.metoffice.gov.uk/research/climate/maps-and-data/data/haduk-grid/datasets,https://www.metoffice.gov.uk/research/climate/maps-and-data/data/haduk-grid/datasets,200,True,,638
inq-0197,HadUK-Grid Sunshine duration – seasonal – 60km,https://www.metoffice.gov.uk/research/climate/maps-and-data/data/haduk-grid/datasets,https://www.metoffice.gov.uk/research/climate/maps-and-data/data/haduk-grid/datasets,200,True,,638
inq-0198,HadUK-Grid Mean wind speed at 10 m – seasonal – 1km,https://www.metoffice.gov.uk/research/climate/maps-and-data/data/haduk-grid/datasets,https://www.metoffice.gov.uk/research/climate/maps-and-data/data/haduk-grid/datasets,200,True,,638
inq-0199,HadUK-Grid Mean wind speed at 10 m – seasonal – 5km,https://www.metoffice.gov.uk/research/climate/maps-and-data/data/haduk-grid/datasets,https://www.metoffice.gov.uk/research/climate/maps-and-data/data/haduk-grid/datasets,200,True,,638
inq-0200,HadUK-Grid Mean wind speed at 10 m – seasonal – 12km,https://www.metoffice.gov.uk/research/climate/maps-and-data/data/haduk-grid/datasets,https://www.metoffice.gov.uk/research/climate/maps-and-data/data/haduk-grid/datasets,200,True,,638
inq-0201,HadUK-Grid Mean wind speed at 10 m – seasonal – 25km,https://www.metoffice.gov.uk/research/climate/maps-and-data/data/haduk-grid/datasets,https://www.metoffice.gov.uk/research/climate/maps-and-data/data/haduk-grid/datasets,200,True,,638
inq-0202,HadUK-Grid Mean wind speed at 10 m – seasonal – 60km,https://www.metoffice.gov.uk/research/climate/maps-and-data/data/haduk-grid/datasets,https://www.metoffice.gov.uk/research/climate/maps-and-data/data/haduk-grid/datasets,200,True,,638
inq-0203,HadUK-Grid Mean sea level pressure – seasonal – 1km,https://www.metoffice.gov.uk/research/climate/maps-and-data/data/haduk-grid/datasets,https://www.metoffice.gov.uk/research/climate/maps-and-data/data/haduk-grid/datasets,200,True,,638
inq-0204,HadUK-Grid Mean sea level pressure – seasonal – 5km,https://www.metoffice.gov.uk/research/climate/maps-and-data/data/haduk-grid/datasets,https://www.metoffice.gov.uk/research/climate/maps-and-data/data/haduk-grid/datasets,200,True,,638
inq-0205,HadUK-Grid Mean sea level pressure – seasonal – 12km,https://www.metoffice.gov.uk/research/climate/maps-and-data/data/haduk-grid/datasets,https://www.metoffice.gov.uk/research/climate/maps-and-data/data/haduk-grid/datasets,200,True,,638
inq-0206,HadUK-Grid Mean sea level pressure – seasonal – 25km,https://www.metoffice.gov.uk/research/climate/maps-and-data/data/haduk-grid/datasets,https://www.metoffice.gov.uk/research/climate/maps-and-data/data/haduk-grid/datasets,200,True,,638
inq-0207,HadUK-Grid Mean sea level pressure – seasonal – 60km,https://www.metoffice.gov.uk/research/climate/maps-and-data/data/haduk-grid/datasets,https://www.metoffice.gov.uk/research/climate/maps-and-data/data/haduk-grid/datasets,200,True,,638
inq-0208,HadUK-Grid Mean relative humidity – seasonal – 1km,https://www.metoffice.gov.uk/research/climate/maps-and-data/data/haduk-grid/datasets,https://www.metoffice.gov.uk/research/climate/maps-and-data/data/haduk-grid/datasets,200,True,,638
inq-0209,HadUK-Grid Mean relative humidity – seasonal – 5km,https://www.metoffice.gov.uk/research/climate/maps-and-data/data/haduk-grid/datasets,https://www.metoffice.gov.uk/research/climate/maps-and-data/data/haduk-grid/datasets,200,True,,638
inq-0210,HadUK-Grid Mean relative humidity – seasonal – 12km,https://www.metoffice.gov.uk/research/climate/maps-and-data/data/haduk-grid/datasets,https://www.metoffice.gov.uk/research/climate/maps-and-data/data/haduk-grid/datasets,200,True,,638
inq-0211,HadUK-Grid Mean relative humidity – seasonal – 25km,https://www.metoffice.gov.uk/research/climate/maps-and-data/data/haduk-grid/datasets,https://www.metoffice.gov.uk/research/climate/maps-and-data/data/haduk-grid/datasets,200,True,,638
inq-0212,HadUK-Grid Mean relative humidity – seasonal – 60km,https://www.metoffice.gov.uk/research/climate/maps-and-data/data/haduk-grid/datasets,https://www.metoffice.gov.uk/research/climate/maps-and-data/data/haduk-grid/datasets,200,True,,638
inq-0213,HadUK-Grid Mean vapour pressure – seasonal – 1km,https://www.metoffice.gov.uk/research/climate/maps-and-data/data/haduk-grid/datasets,https://www.metoffice.gov.uk/research/climate/maps-and-data/data/haduk-grid/datasets,200,True,,638
inq-0214,HadUK-Grid Mean vapour pressure – seasonal – 5km,https://www.metoffice.gov.uk/research/climate/maps-and-data/data/haduk-grid/datasets,https://www.metoffice.gov.uk/research/climate/maps-and-data/data/haduk-grid/datasets,200,True,,638
inq-0215,HadUK-Grid Mean vapour pressure – seasonal – 12km,https://www.metoffice.gov.uk/research/climate/maps-and-data/data/haduk-grid/datasets,https://www.metoffice.gov.uk/research/climate/maps-and-data/data/haduk-grid/datasets,200,True,,638
inq-0216,HadUK-Grid Mean vapour pressure – seasonal – 25km,https://www.metoffice.gov.uk/research/climate/maps-and-data/data/haduk-grid/datasets,https://www.metoffice.gov.uk/research/climate/maps-and-data/data/haduk-grid/datasets,200,True,,638
inq-0217,HadUK-Grid Mean vapour pressure – seasonal – 60km,https://www.metoffice.gov.uk/research/climate/maps-and-data/data/haduk-grid/datasets,https://www.metoffice.gov.uk/research/climate/maps-and-data/data/haduk-grid/datasets,200,True,,638
inq-0218,HadUK-Grid Days of ground frost – seasonal – 1km,https://www.metoffice.gov.uk/research/climate/maps-and-data/data/haduk-grid/datasets,https://www.metoffice.gov.uk/research/climate/maps-and-data/data/haduk-grid/datasets,200,True,,638
inq-0219,HadUK-Grid Days of ground frost – seasonal – 5km,https://www.metoffice.gov.uk/research/climate/maps-and-data/data/haduk-grid/datasets,https://www.metoffice.gov.uk/research/climate/maps-and-data/data/haduk-grid/datasets,200,True,,638
inq-0220,HadUK-Grid Days of ground frost – seasonal – 12km,https://www.metoffice.gov.uk/research/climate/maps-and-data/data/haduk-grid/datasets,https://www.metoffice.gov.uk/research/climate/maps-and-data/data/haduk-grid/datasets,200,True,,638
inq-0221,HadUK-Grid Days of ground frost – seasonal – 25km,https://www.metoffice.gov.uk/research/climate/maps-and-data/data/haduk-grid/datasets,https://www.metoffice.gov.uk/research/climate/maps-and-data/data/haduk-grid/datasets,200,True,,638
inq-0222,HadUK-Grid Days of ground frost – seasonal – 60km,https://www.metoffice.gov.uk/research/climate/maps-and-data/data/haduk-grid/datasets,https://www.metoffice.gov.uk/research/climate/maps-and-data/data/haduk-grid/datasets,200,True,,638
inq-0223,HadUK-Grid Days of snow lying – seasonal – 1km,https://www.metoffice.gov.uk/research/climate/maps-and-data/data/haduk-grid/datasets,https://www.metoffice.gov.uk/research/climate/maps-and-data/data/haduk-grid/datasets,200,True,,638
inq-0224,HadUK-Grid Days of snow lying – seasonal – 5km,https://www.metoffice.gov.uk/research/climate/maps-and-data/data/haduk-grid/datasets,https://www.metoffice.gov.uk/research/climate/maps-and-data/data/haduk-grid/datasets,200,True,,638
inq-0225,HadUK-Grid Days of snow lying – seasonal – 12km,https://www.metoffice.gov.uk/research/climate/maps-and-data/data/haduk-grid/datasets,https://www.metoffice.gov.uk/research/climate/maps-and-data/data/haduk-grid/datasets,200,True,,638
inq-0226,HadUK-Grid Days of snow lying – seasonal – 25km,https://www.metoffice.gov.uk/research/climate/maps-and-data/data/haduk-grid/datasets,https://www.metoffice.gov.uk/research/climate/maps-and-data/data/haduk-grid/datasets,200,True,,638
inq-0227,HadUK-Grid Days of snow lying – seasonal – 60km,https://www.metoffice.gov.uk/research/climate/maps-and-data/data/haduk-grid/datasets,https://www.metoffice.gov.uk/research/climate/maps-and-data/data/haduk-grid/datasets,200,True,,638
inq-0228,HadUK-Grid Maximum air temperature – annual – 1km,https://www.metoffice.gov.uk/research/climate/maps-and-data/data/haduk-grid/datasets,https://www.metoffice.gov.uk/research/climate/maps-and-data/data/haduk-grid/datasets,200,True,,638
inq-0229,HadUK-Grid Maximum air temperature – annual – 5km,https://www.metoffice.gov.uk/research/climate/maps-and-data/data/haduk-grid/datasets,https://www.metoffice.gov.uk/research/climate/maps-and-data/data/haduk-grid/datasets,200,True,,638
inq-0230,HadUK-Grid Maximum air temperature – annual – 12km,https://www.metoffice.gov.uk/research/climate/maps-and-data/data/haduk-grid/datasets,https://www.metoffice.gov.uk/research/climate/maps-and-data/data/haduk-grid/datasets,200,True,,638
inq-0231,HadUK-Grid Maximum air temperature – annual – 25km,https://www.metoffice.gov.uk/research/climate/maps-and-data/data/haduk-grid/datasets,https://www.metoffice.gov.uk/research/climate/maps-and-data/data/haduk-grid/datasets,200,True,,638
inq-0232,HadUK-Grid Maximum air temperature – annual – 60km,https://www.metoffice.gov.uk/research/climate/maps-and-data/data/haduk-grid/datasets,https://www.metoffice.gov.uk/research/climate/maps-and-data/data/haduk-grid/datasets,200,True,,638
inq-0233,HadUK-Grid Minimum air temperature – annual – 1km,https://www.metoffice.gov.uk/research/climate/maps-and-data/data/haduk-grid/datasets,https://www.metoffice.gov.uk/research/climate/maps-and-data/data/haduk-grid/datasets,200,True,,638
inq-0234,HadUK-Grid Minimum air temperature – annual – 5km,https://www.metoffice.gov.uk/research/climate/maps-and-data/data/haduk-grid/datasets,https://www.metoffice.gov.uk/research/climate/maps-and-data/data/haduk-grid/datasets,200,True,,638
inq-0235,HadUK-Grid Minimum air temperature – annual – 12km,https://www.metoffice.gov.uk/research/climate/maps-and-data/data/haduk-grid/datasets,https://www.metoffice.gov.uk/research/climate/maps-and-data/data/haduk-grid/datasets,200,True,,638
inq-0236,HadUK-Grid Minimum air temperature – annual – 25km,https://www.metoffice.gov.uk/research/climate/maps-and-data/data/haduk-grid/datasets,https://www.metoffice.gov.uk/research/climate/maps-and-data/data/haduk-grid/datasets,200,True,,638
inq-0237,HadUK-Grid Minimum air temperature – annual – 60km,https://www.metoffice.gov.uk/research/climate/maps-and-data/data/haduk-grid/datasets,https://www.metoffice.gov.uk/research/climate/maps-and-data/data/haduk-grid/datasets,200,True,,638
inq-0238,HadUK-Grid Mean air temperature – annual – 1km,https://www.metoffice.gov.uk/research/climate/maps-and-data/data/haduk-grid/datasets,https://www.metoffice.gov.uk/research/climate/maps-and-data/data/haduk-grid/datasets,200,True,,638
inq-0239,HadUK-Grid Mean air temperature – annual – 5km,https://www.metoffice.gov.uk/research/climate/maps-and-data/data/haduk-grid/datasets,https://www.metoffice.gov.uk/research/climate/maps-and-data/data/haduk-grid/datasets,200,True,,638
inq-0240,HadUK-Grid Mean air temperature – annual – 12km,https://www.metoffice.gov.uk/research/climate/maps-and-data/data/haduk-grid/datasets,https://www.metoffice.gov.uk/research/climate/maps-and-data/data/haduk-grid/datasets,200,True,,638
inq-0241,HadUK-Grid Mean air temperature – annual – 25km,https://www.metoffice.gov.uk/research/climate/maps-and-data/data/haduk-grid/datasets,https://www.metoffice.gov.uk/research/climate/maps-and-data/data/haduk-grid/datasets,200,True,,638
inq-0242,HadUK-Grid Mean air temperature – annual – 60km,https://www.metoffice.gov.uk/research/climate/maps-and-data/data/haduk-grid/datasets,https://www.metoffice.gov.uk/research/climate/maps-and-data/data/haduk-grid/datasets,200,True,,638
inq-0243,HadUK-Grid Precipitation – annual – 1km,https://www.metoffice.gov.uk/research/climate/maps-and-data/data/haduk-grid/datasets,https://www.metoffice.gov.uk/research/climate/maps-and-data/data/haduk-grid/datasets,200,True,,638
inq-0244,HadUK-Grid Precipitation – annual – 5km,https://www.metoffice.gov.uk/research/climate/maps-and-data/data/haduk-grid/datasets,https://www.metoffice.gov.uk/research/climate/maps-and-data/data/haduk-grid/datasets,200,True,,638
inq-0245,HadUK-Grid Precipitation – annual – 12km,https://www.metoffice.gov.uk/research/climate/maps-and-data/data/haduk-grid/datasets,https://www.metoffice.gov.uk/research/climate/maps-and-data/data/haduk-grid/datasets,200,True,,638
inq-0246,HadUK-Grid Precipitation – annual – 25km,https://www.metoffice.gov.uk/research/climate/maps-and-data/data/haduk-grid/datasets,https://www.metoffice.gov.uk/research/climate/maps-and-data/data/haduk-grid/datasets,200,True,,638
inq-0247,HadUK-Grid Precipitation – annual – 60km,https://www.metoffice.gov.uk/research/climate/maps-and-data/data/haduk-grid/datasets,https://www.metoffice.gov.uk/research/climate/maps-and-data/data/haduk-grid/datasets,200,True,,638
inq-0248,HadUK-Grid Sunshine duration – annual – 1km,https://www.metoffice.gov.uk/research/climate/maps-and-data/data/haduk-grid/datasets,https://www.metoffice.gov.uk/research/climate/maps-and-data/data/haduk-grid/datasets,200,True,,638
inq-0249,HadUK-Grid Sunshine duration – annual – 5km,https://www.metoffice.gov.uk/research/climate/maps-and-data/data/haduk-grid/datasets,https://www.metoffice.gov.uk/research/climate/maps-and-data/data/haduk-grid/datasets,200,True,,638
inq-0250,HadUK-Grid Sunshine duration – annual – 12km,https://www.metoffice.gov.uk/research/climate/maps-and-data/data/haduk-grid/datasets,https://www.metoffice.gov.uk/research/climate/maps-and-data/data/haduk-grid/datasets,200,True,,638
inq-0251,HadUK-Grid Sunshine duration – annual – 25km,https://www.metoffice.gov.uk/research/climate/maps-and-data/data/haduk-grid/datasets,https://www.metoffice.gov.uk/research/climate/maps-and-data/data/haduk-grid/datasets,200,True,,638
inq-0252,HadUK-Grid Sunshine duration – annual – 60km,https://www.metoffice.gov.uk/research/climate/maps-and-data/data/haduk-grid/datasets,https://www.metoffice.gov.uk/research/climate/maps-and-data/data/haduk-grid/datasets,200,True,,638
inq-0253,HadUK-Grid Mean wind speed at 10 m – annual – 1km,https://www.metoffice.gov.uk/research/climate/maps-and-data/data/haduk-grid/datasets,https://www.metoffice.gov.uk/research/climate/maps-and-data/data/haduk-grid/datasets,200,True,,638
inq-0254,HadUK-Grid Mean wind speed at 10 m – annual – 5km,https://www.metoffice.gov.uk/research/climate/maps-and-data/data/haduk-grid/datasets,https://www.metoffice.gov.uk/research/climate/maps-and-data/data/haduk-grid/datasets,200,True,,638
inq-0255,HadUK-Grid Mean wind speed at 10 m – annual – 12km,https://www.metoffice.gov.uk/research/climate/maps-and-data/data/haduk-grid/datasets,https://www.metoffice.gov.uk/research/climate/maps-and-data/data/haduk-grid/datasets,200,True,,638
inq-0256,HadUK-Grid Mean wind speed at 10 m – annual – 25km,https://www.metoffice.gov.uk/research/climate/maps-and-data/data/haduk-grid/datasets,https://www.metoffice.gov.uk/research/climate/maps-and-data/data/haduk-grid/datasets,200,True,,638
inq-0257,HadUK-Grid Mean wind speed at 10 m – annual – 60km,https://www.metoffice.gov.uk/research/climate/maps-and-data/data/haduk-grid/datasets,https://www.metoffice.gov.uk/research/climate/maps-and-data/data/haduk-grid/datasets,200,True,,638
inq-0258,HadUK-Grid Mean sea level pressure – annual – 1km,https://www.metoffice.gov.uk/research/climate/maps-and-data/data/haduk-grid/datasets,https://www.metoffice.gov.uk/research/climate/maps-and-data/data/haduk-grid/datasets,200,True,,638
inq-0259,HadUK-Grid Mean sea level pressure – annual – 5km,https://www.metoffice.gov.uk/research/climate/maps-and-data/data/haduk-grid/datasets,https://www.metoffice.gov.uk/research/climate/maps-and-data/data/haduk-grid/datasets,200,True,,638
inq-0260,HadUK-Grid Mean sea level pressure – annual – 12km,https://www.metoffice.gov.uk/research/climate/maps-and-data/data/haduk-grid/datasets,https://www.metoffice.gov.uk/research/climate/maps-and-data/data/haduk-grid/datasets,200,True,,638
inq-0261,HadUK-Grid Mean sea level pressure – annual – 25km,https://www.metoffice.gov.uk/research/climate/maps-and-data/data/haduk-grid/datasets,https://www.metoffice.gov.uk/research/climate/maps-and-data/data/haduk-grid/datasets,200,True,,638
inq-0262,HadUK-Grid Mean sea level pressure – annual – 60km,https://www.metoffice.gov.uk/research/climate/maps-and-data/data/haduk-grid/datasets,https://www.metoffice.gov.uk/research/climate/maps-and-data/data/haduk-grid/datasets,200,True,,638
inq-0263,HadUK-Grid Mean relative humidity – annual – 1km,https://www.metoffice.gov.uk/research/climate/maps-and-data/data/haduk-grid/datasets,https://www.metoffice.gov.uk/research/climate/maps-and-data/data/haduk-grid/datasets,200,True,,638
inq-0264,HadUK-Grid Mean relative humidity – annual – 5km,https://www.metoffice.gov.uk/research/climate/maps-and-data/data/haduk-grid/datasets,https://www.metoffice.gov.uk/research/climate/maps-and-data/data/haduk-grid/datasets,200,True,,638
inq-0265,HadUK-Grid Mean relative humidity – annual – 12km,https://www.metoffice.gov.uk/research/climate/maps-and-data/data/haduk-grid/datasets,https://www.metoffice.gov.uk/research/climate/maps-and-data/data/haduk-grid/datasets,200,True,,638
inq-0266,HadUK-Grid Mean relative humidity – annual – 25km,https://www.metoffice.gov.uk/research/climate/maps-and-data/data/haduk-grid/datasets,https://www.metoffice.gov.uk/research/climate/maps-and-data/data/haduk-grid/datasets,200,True,,638
inq-0267,HadUK-Grid Mean relative humidity – annual – 60km,https://www.metoffice.gov.uk/research/climate/maps-and-data/data/haduk-grid/datasets,https://www.metoffice.gov.uk/research/climate/maps-and-data/data/haduk-grid/datasets,200,True,,638
inq-0268,HadUK-Grid Mean vapour pressure – annual – 1km,https://www.metoffice.gov.uk/research/climate/maps-and-data/data/haduk-grid/datasets,https://www.metoffice.gov.uk/research/climate/maps-and-data/data/haduk-grid/datasets,200,True,,638
inq-0269,HadUK-Grid Mean vapour pressure – annual – 5km,https://www.metoffice.gov.uk/research/climate/maps-and-data/data/haduk-grid/datasets,https://www.metoffice.gov.uk/research/climate/maps-and-data/data/haduk-grid/datasets,200,True,,638
inq-0270,HadUK-Grid Mean vapour pressure – annual – 12km,https://www.metoffice.gov.uk/research/climate/maps-and-data/data/haduk-grid/datasets,https://www.metoffice.gov.uk/research/climate/maps-and-data/data/haduk-grid/datasets,200,True,,638
inq-0271,HadUK-Grid Mean vapour pressure – annual – 25km,https://www.metoffice.gov.uk/research/climate/maps-and-data/data/haduk-grid/datasets,https://www.metoffice.gov.uk/research/climate/maps-and-data/data/haduk-grid/datasets,200,True,,638
inq-0272,HadUK-Grid Mean vapour pressure – annual – 60km,https://www.metoffice.gov.uk/research/climate/maps-and-data/data/haduk-grid/datasets,https://www.metoffice.gov.uk/research/climate/maps-and-data/data/haduk-grid/datasets,200,True,,638
inq-0273,HadUK-Grid Days of ground frost – annual – 1km,https://www.metoffice.gov.uk/research/climate/maps-and-data/data/haduk-grid/datasets,https://www.metoffice.gov.uk/research/climate/maps-and-data/data/haduk-grid/datasets,200,True,,638
inq-0274,HadUK-Grid Days of ground frost – annual – 5km,https://www.metoffice.gov.uk/research/climate/maps-and-data/data/haduk-grid/datasets,https://www.metoffice.gov.uk/research/climate/maps-and-data/data/haduk-grid/datasets,200,True,,638
inq-0275,HadUK-Grid Days of ground frost – annual – 12km,https://www.metoffice.gov.uk/research/climate/maps-and-data/data/haduk-grid/datasets,https://www.metoffice.gov.uk/research/climate/maps-and-data/data/haduk-grid/datasets,200,True,,638
inq-0276,HadUK-Grid Days of ground frost – annual – 25km,https://www.metoffice.gov.uk/research/climate/maps-and-data/data/haduk-grid/datasets,https://www.metoffice.gov.uk/research/climate/maps-and-data/data/haduk-grid/datasets,200,True,,638
inq-0277,HadUK-Grid Days of ground frost – annual – 60km,https://www.metoffice.gov.uk/research/climate/maps-and-data/data/haduk-grid/datasets,https://www.metoffice.gov.uk/research/climate/maps-and-data/data/haduk-grid/datasets,200,True,,638
inq-0278,HadUK-Grid Days of snow lying – annual – 1km,https://www.metoffice.gov.uk/research/climate/maps-and-data/data/haduk-grid/datasets,https://www.metoffice.gov.uk/research/climate/maps-and-data/data/haduk-grid/datasets,200,True,,638
inq-0279,HadUK-Grid Days of snow lying – annual – 5km,https://www.metoffice.gov.uk/research/climate/maps-and-data/data/haduk-grid/datasets,https://www.metoffice.gov.uk/research/climate/maps-and-data/data/haduk-grid/datasets,200,True,,638
inq-0280,HadUK-Grid Days of snow lying – annual – 12km,https://www.metoffice.gov.uk/research/climate/maps-and-data/data/haduk-grid/datasets,https://www.metoffice.gov.uk/research/climate/maps-and-data/data/haduk-grid/datasets,200,True,,638
inq-0281,HadUK-Grid Days of snow lying – annual – 25km,https://www.metoffice.gov.uk/research/climate/maps-and-data/data/haduk-grid/datasets,https://www.metoffice.gov.uk/research/climate/maps-and-data/data/haduk-grid/datasets,200,True,,638
inq-0282,HadUK-Grid Days of snow lying – annual – 60km,https://www.metoffice.gov.uk/research/climate/maps-and-data/data/haduk-grid/datasets,https://www.metoffice.gov.uk/research/climate/maps-and-data/data/haduk-grid/datasets,200,True,,638
inq-0283,HadUK-Grid Maximum air temperature – daily – 1km,https://www.metoffice.gov.uk/research/climate/maps-and-data/data/haduk-grid/datasets,https://www.metoffice.gov.uk/research/climate/maps-and-data/data/haduk-grid/datasets,200,True,,638
inq-0284,HadUK-Grid Maximum air temperature – daily – 5km,https://www.metoffice.gov.uk/research/climate/maps-and-data/data/haduk-grid/datasets,https://www.metoffice.gov.uk/research/climate/maps-and-data/data/haduk-grid/datasets,200,True,,638
inq-0285,HadUK-Grid Maximum air temperature – daily – 12km,https://www.metoffice.gov.uk/research/climate/maps-and-data/data/haduk-grid/datasets,https://www.metoffice.gov.uk/research/climate/maps-and-data/data/haduk-grid/datasets,200,True,,638
inq-0286,HadUK-Grid Maximum air temperature – daily – 25km,https://www.metoffice.gov.uk/research/climate/maps-and-data/data/haduk-grid/datasets,https://www.metoffice.gov.uk/research/climate/maps-and-data/data/haduk-grid/datasets,200,True,,638
inq-0287,HadUK-Grid Maximum air temperature – daily – 60km,https://www.metoffice.gov.uk/research/climate/maps-and-data/data/haduk-grid/datasets,https://www.metoffice.gov.uk/research/climate/maps-and-data/data/haduk-grid/datasets,200,True,,638
inq-0288,HadUK-Grid Minimum air temperature – daily – 1km,https://www.metoffice.gov.uk/research/climate/maps-and-data/data/haduk-grid/datasets,https://www.metoffice.gov.uk/research/climate/maps-and-data/data/haduk-grid/datasets,200,True,,638
inq-0289,HadUK-Grid Minimum air temperature – daily – 5km,https://www.metoffice.gov.uk/research/climate/maps-and-data/data/haduk-grid/datasets,https://www.metoffice.gov.uk/research/climate/maps-and-data/data/haduk-grid/datasets,200,True,,638
inq-0290,HadUK-Grid Minimum air temperature – daily – 12km,https://www.metoffice.gov.uk/research/climate/maps-and-data/data/haduk-grid/datasets,https://www.metoffice.gov.uk/research/climate/maps-and-data/data/haduk-grid/datasets,200,True,,638
inq-0291,HadUK-Grid Minimum air temperature – daily – 25km,https://www.metoffice.gov.uk/research/climate/maps-and-data/data/haduk-grid/datasets,https://www.metoffice.gov.uk/research/climate/maps-and-data/data/haduk-grid/datasets,200,True,,638
inq-0292,HadUK-Grid Minimum air temperature – daily – 60km,https://www.metoffice.gov.uk/research/climate/maps-and-data/data/haduk-grid/datasets,https://www.metoffice.gov.uk/research/climate/maps-and-data/data/haduk-grid/datasets,200,True,,638
inq-0293,HadUK-Grid Precipitation – daily – 1km,https://www.metoffice.gov.uk/research/climate/maps-and-data/data/haduk-grid/datasets,https://www.metoffice.gov.uk/research/climate/maps-and-data/data/haduk-grid/datasets,200,True,,638
inq-0294,HadUK-Grid Precipitation – daily – 5km,https://www.metoffice.gov.uk/research/climate/maps-and-data/data/haduk-grid/datasets,https://www.metoffice.gov.uk/research/climate/maps-and-data/data/haduk-grid/datasets,200,True,,638
inq-0295,HadUK-Grid Precipitation – daily – 12km,https://www.metoffice.gov.uk/research/climate/maps-and-data/data/haduk-grid/datasets,https://www.metoffice.gov.uk/research/climate/maps-and-data/data/haduk-grid/datasets,200,True,,638
inq-0296,HadUK-Grid Precipitation – daily – 25km,https://www.metoffice.gov.uk/research/climate/maps-and-data/data/haduk-grid/datasets,https://www.metoffice.gov.uk/research/climate/maps-and-data/data/haduk-grid/datasets,200,True,,638
inq-0297,HadUK-Grid Precipitation – daily – 60km,https://www.metoffice.gov.uk/research/climate/maps-and-data/data/haduk-grid/datasets,https://www.metoffice.gov.uk/research/climate/maps-and-data/data/haduk-grid/datasets,200,True,,638
inq-0298,Combined Authorities Boundaries (2021),https://geoportal.statistics.gov.uk/search?q=Combined+Authorities+Boundaries+%282021%29,https://geoportal.statistics.gov.uk/search?q=Combined+Authorities+Boundaries+%282021%29,200,True,,430
inq-0299,Combined Authorities Boundaries (2022),https://geoportal.statistics.gov.uk/search?q=Combined+Authorities+Boundaries+%282022%29,https://geoportal.statistics.gov.uk/search?q=Combined+Authorities+Boundaries+%282022%29,200,True,,427
inq-0300,Combined Authorities Boundaries (2023),https://geoportal.statistics.gov.uk/search?q=Combined+Authorities+Boundaries+%282023%29,https://geoportal.statistics.gov.uk/search?q=Combined+Authorities+Boundaries+%282023%29,200,True,,422
inq-0301,Combined Authorities Boundaries (2024),https://geoportal.statistics.gov.uk/search?q=Combined+Authorities+Boundaries+%282024%29,https://geoportal.statistics.gov.uk/search?q=Combined+Authorities+Boundaries+%282024%29,200,True,,425
inq-0302,Combined Authorities Boundaries (2025),https://geoportal.statistics.gov.uk/search?q=Combined+Authorities+Boundaries+%282025%29,https://geoportal.statistics.gov.uk/search?q=Combined+Authorities+Boundaries+%282025%29,200,True,,426
inq-0303,Counties Boundaries (2021),https://geoportal.statistics.gov.uk/search?q=Counties+Boundaries+%282021%29,https://geoportal.statistics.gov.uk/search?q=Counties+Boundaries+%282021%29,200,True,,433
inq-0304,Counties Boundaries (2022),https://geoportal.statistics.gov.uk/search?q=Counties+Boundaries+%282022%29,https://geoportal.statistics.gov.uk/search?q=Counties+Boundaries+%282022%29,200,True,,436
inq-0305,Counties Boundaries (2023),https://geoportal.statistics.gov.uk/search?q=Counties+Boundaries+%282023%29,https://geoportal.statistics.gov.uk/search?q=Counties+Boundaries+%282023%29,200,True,,423
inq-0306,Counties Boundaries (2024),https://geoportal.statistics.gov.uk/search?q=Counties+Boundaries+%282024%29,https://geoportal.statistics.gov.uk/search?q=Counties+Boundaries+%282024%29,200,True,,426
inq-0307,Counties and Unitary Authorities Boundaries (2011),https://geoportal.statistics.gov.uk/search?q=Counties+and+Unitary+Authorities+Boundaries+%282011%29,https://geoportal.statistics.gov.uk/search?q=Counties+and+Unitary+Authorities+Boundaries+%282011%29,200,True,,430
inq-0308,Counties and Unitary Authorities Boundaries (2021),https://geoportal.statistics.gov.uk/search?q=Counties+and+Unitary+Authorities+Boundaries+%282021%29,https://geoportal.statistics.gov.uk/search?q=Counties+and+Unitary+Authorities+Boundaries+%282021%29,200,True,,430
inq-0309,Counties and Unitary Authorities Boundaries (2022),https://geoportal.statistics.gov.uk/search?q=Counties+and+Unitary+Authorities+Boundaries+%282022%29,https://geoportal.statistics.gov.uk/search?q=Counties+and+Unitary+Authorities+Boundaries+%282022%29,200,True,,420
inq-0310,Counties and Unitary Authorities Boundaries (2023),https://geoportal.statistics.gov.uk/search?q=Counties+and+Unitary+Authorities+Boundaries+%282023%29,https://geoportal.statistics.gov.uk/search?q=Counties+and+Unitary+Authorities+Boundaries+%282023%29,200,True,,431
inq-0311,Counties and Unitary Authorities Boundaries (2024),https://geoportal.statistics.gov.uk/search?q=Counties+and+Unitary+Authorities+Boundaries+%282024%29,https://geoportal.statistics.gov.uk/search?q=Counties+and+Unitary+Authorities+Boundaries+%282024%29,200,True,,427
inq-0312,Counties and Unitary Authorities Boundaries (2025),https://geoportal.statistics.gov.uk/search?q=Counties+and+Unitary+Authorities+Boundaries+%282025%29,https://geoportal.statistics.gov.uk/search?q=Counties+and+Unitary+Authorities+Boundaries+%282025%29,200,True,,433
inq-0313,Countries Boundaries (2021),https://geoportal.statistics.gov.uk/search?q=Countries+Boundaries+%282021%29,https://geoportal.statistics.gov.uk/search?q=Countries+Boundaries+%282021%29,200,True,,538
inq-0314,Countries Boundaries (2022),https://geoportal.statistics.gov.uk/search?q=Countries+Boundaries+%282022%29,https://geoportal.statistics.gov.uk/search?q=Countries+Boundaries+%282022%29,200,True,,430
inq-0315,Countries Boundaries (2024),https://geoportal.statistics.gov.uk/search?q=Countries+Boundaries+%282024%29,https://geoportal.statistics.gov.uk/search?q=Countries+Boundaries+%282024%29,200,True,,429
inq-0316,Countries Boundaries (2025),https://geoportal.statistics.gov.uk/search?q=Countries+Boundaries+%282025%29,https://geoportal.statistics.gov.uk/search?q=Countries+Boundaries+%282025%29,200,True,,434
inq-0317,Wards / Electoral Divisions Boundaries (2011),https://geoportal.statistics.gov.uk/search?q=Wards+%2F+Electoral+Divisions+Boundaries+%282011%29,https://geoportal.statistics.gov.uk/search?q=Wards+%2F+Electoral+Divisions+Boundaries+%282011%29,200,True,,423
inq-0318,Wards / Electoral Divisions Boundaries (2021),https://geoportal.statistics.gov.uk/search?q=Wards+%2F+Electoral+Divisions+Boundaries+%282021%29,https://geoportal.statistics.gov.uk/search?q=Wards+%2F+Electoral+Divisions+Boundaries+%282021%29,200,True,,418
inq-0319,Wards / Electoral Divisions Boundaries (2022),https://geoportal.statistics.gov.uk/search?q=Wards+%2F+Electoral+Divisions+Boundaries+%282022%29,https://geoportal.statistics.gov.uk/search?q=Wards+%2F+Electoral+Divisions+Boundaries+%282022%29,200,True,,438
inq-0320,Wards / Electoral Divisions Boundaries (2023),https://geoportal.statistics.gov.uk/search?q=Wards+%2F+Electoral+Divisions+Boundaries+%282023%29,https://geoportal.statistics.gov.uk/search?q=Wards+%2F+Electoral+Divisions+Boundaries+%282023%29,200,True,,438
inq-0321,Wards / Electoral Divisions Boundaries (2024),https://geoportal.statistics.gov.uk/search?q=Wards+%2F+Electoral+Divisions+Boundaries+%282024%29,https://geoportal.statistics.gov.uk/search?q=Wards+%2F+Electoral+Divisions+Boundaries+%282024%29,200,True,,432
inq-0322,Wards / Electoral Divisions Boundaries (2025),https://geoportal.statistics.gov.uk/search?q=Wards+%2F+Electoral+Divisions+Boundaries+%282025%29,https://geoportal.statistics.gov.uk/search?q=Wards+%2F+Electoral+Divisions+Boundaries+%282025%29,200,True,,425
inq-0323,Wards / Electoral Divisions Boundaries (2026),https://geoportal.statistics.gov.uk/search?q=Wards+%2F+Electoral+Divisions+Boundaries+%282026%29,https://geoportal.statistics.gov.uk/search?q=Wards+%2F+Electoral+Divisions+Boundaries+%282026%29,200,True,,443
inq-0324,Local Authority Districts Boundaries (2021),https://geoportal.statistics.gov.uk/search?q=Local+Authority+Districts+Boundaries+%282021%29,https://geoportal.statistics.gov.uk/search?q=Local+Authority+Districts+Boundaries+%282021%29,200,True,,421
inq-0325,Local Authority Districts Boundaries (2022),https://geoportal.statistics.gov.uk/search?q=Local+Authority+Districts+Boundaries+%282022%29,https://geoportal.statistics.gov.uk/search?q=Local+Authority+Districts+Boundaries+%282022%29,200,True,,432
inq-0326,Local Authority Districts Boundaries (2023),https://geoportal.statistics.gov.uk/search?q=Local+Authority+Districts+Boundaries+%282023%29,https://geoportal.statistics.gov.uk/search?q=Local+Authority+Districts+Boundaries+%282023%29,200,True,,427
inq-0327,Local Authority Districts Boundaries (2024),https://geoportal.statistics.gov.uk/search?q=Local+Authority+Districts+Boundaries+%282024%29,https://geoportal.statistics.gov.uk/search?q=Local+Authority+Districts+Boundaries+%282024%29,200,True,,417
inq-0328,Local Authority Districts Boundaries (2025),https://geoportal.statistics.gov.uk/search?q=Local+Authority+Districts+Boundaries+%282025%29,https://geoportal.statistics.gov.uk/search?q=Local+Authority+Districts+Boundaries+%282025%29,200,True,,429
inq-0329,Regions Boundaries (2021),https://geoportal.statistics.gov.uk/search?q=Regions+Boundaries+%282021%29,https://geoportal.statistics.gov.uk/search?q=Regions+Boundaries+%282021%29,200,True,,422
inq-0330,Regions Boundaries (2022),https://geoportal.statistics.gov.uk/search?q=Regions+Boundaries+%282022%29,https://geoportal.statistics.gov.uk/search?q=Regions+Boundaries+%282022%29,200,True,,435
inq-0331,Regions Boundaries (2023),https://geoportal.statistics.gov.uk/search?q=Regions+Boundaries+%282023%29,https://geoportal.statistics.gov.uk/search?q=Regions+Boundaries+%282023%29,200,True,,424
inq-0332,Regions Boundaries (2024),https://geoportal.statistics.gov.uk/search?q=Regions+Boundaries+%282024%29,https://geoportal.statistics.gov.uk/search?q=Regions+Boundaries+%282024%29,200,True,,424
inq-0333,Regions Boundaries (2025),https://geoportal.statistics.gov.uk/search?q=Regions+Boundaries+%282025%29,https://geoportal.statistics.gov.uk/search?q=Regions+Boundaries+%282025%29,200,True,,428
inq-0334,County Electoral Divisions Boundaries (2021),https://geoportal.statistics.gov.uk/search?q=County+Electoral+Divisions+Boundaries+%282021%29,https://geoportal.statistics.gov.uk/search?q=County+Electoral+Divisions+Boundaries+%282021%29,200,True,,431
inq-0335,County Electoral Divisions Boundaries (2022),https://geoportal.statistics.gov.uk/search?q=County+Electoral+Divisions+Boundaries+%282022%29,https://geoportal.statistics.gov.uk/search?q=County+Electoral+Divisions+Boundaries+%282022%29,200,True,,430
inq-0336,County Electoral Divisions Boundaries (2023),https://geoportal.statistics.gov.uk/search?q=County+Electoral+Divisions+Boundaries+%282023%29,https://geoportal.statistics.gov.uk/search?q=County+Electoral+Divisions+Boundaries+%282023%29,200,True,,420
inq-0337,County Electoral Divisions Boundaries (2024),https://geoportal.statistics.gov.uk/search?q=County+Electoral+Divisions+Boundaries+%282024%29,https://geoportal.statistics.gov.uk/search?q=County+Electoral+Divisions+Boundaries+%282024%29,200,True,,430
inq-0338,County Electoral Divisions Boundaries (2025),https://geoportal.statistics.gov.uk/search?q=County+Electoral+Divisions+Boundaries+%282025%29,https://geoportal.statistics.gov.uk/search?q=County+Electoral+Divisions+Boundaries+%282025%29,200,True,,437
inq-0339,County Electoral Divisions Boundaries (2026),https://geoportal.statistics.gov.uk/search?q=County+Electoral+Divisions+Boundaries+%282026%29,https://geoportal.statistics.gov.uk/search?q=County+Electoral+Divisions+Boundaries+%282026%29,200,True,,425
inq-0340,Parishes and Non-Civil Parished Areas Boundaries (2021),https://geoportal.statistics.gov.uk/search?q=Parishes+and+Non-Civil+Parished+Areas+Boundaries+%282021%29,https://geoportal.statistics.gov.uk/search?q=Parishes+and+Non-Civil+Parished+Areas+Boundaries+%282021%29,200,True,,436
inq-0341,Parishes and Non-Civil Parished Areas Boundaries (2022),https://geoportal.statistics.gov.uk/search?q=Parishes+and+Non-Civil+Parished+Areas+Boundaries+%282022%29,https://geoportal.statistics.gov.uk/search?q=Parishes+and+Non-Civil+Parished+Areas+Boundaries+%282022%29,200,True,,430
inq-0342,Parishes and Non-Civil Parished Areas Boundaries (2023),https://geoportal.statistics.gov.uk/search?q=Parishes+and+Non-Civil+Parished+Areas+Boundaries+%282023%29,https://geoportal.statistics.gov.uk/search?q=Parishes+and+Non-Civil+Parished+Areas+Boundaries+%282023%29,200,True,,435
inq-0343,Parishes and Non-Civil Parished Areas Boundaries (2024),https://geoportal.statistics.gov.uk/search?q=Parishes+and+Non-Civil+Parished+Areas+Boundaries+%282024%29,https://geoportal.statistics.gov.uk/search?q=Parishes+and+Non-Civil+Parished+Areas+Boundaries+%282024%29,200,True,,445
inq-0344,Parishes and Non-Civil Parished Areas Boundaries (2025),https://geoportal.statistics.gov.uk/search?q=Parishes+and+Non-Civil+Parished+Areas+Boundaries+%282025%29,https://geoportal.statistics.gov.uk/search?q=Parishes+and+Non-Civil+Parished+Areas+Boundaries+%282025%29,200,True,,441
inq-0345,Parishes and Non-Civil Parished Areas Boundaries (2026),https://geoportal.statistics.gov.uk/search?q=Parishes+and+Non-Civil+Parished+Areas+Boundaries+%282026%29,https://geoportal.statistics.gov.uk/search?q=Parishes+and+Non-Civil+Parished+Areas+Boundaries+%282026%29,200,True,,430
inq-0346,Local Planning Authorities Boundaries (2021),https://geoportal.statistics.gov.uk/search?q=Local+Planning+Authorities+Boundaries+%282021%29,https://geoportal.statistics.gov.uk/search?q=Local+Planning+Authorities+Boundaries+%282021%29,200,True,,427
inq-0347,Local Planning Authorities Boundaries (2022),https://geoportal.statistics.gov.uk/search?q=Local+Planning+Authorities+Boundaries+%282022%29,https://geoportal.statistics.gov.uk/search?q=Local+Planning+Authorities+Boundaries+%282022%29,200,True,,431
inq-0348,Local Planning Authorities Boundaries (2023),https://geoportal.statistics.gov.uk/search?q=Local+Planning+Authorities+Boundaries+%282023%29,https://geoportal.statistics.gov.uk/search?q=Local+Planning+Authorities+Boundaries+%282023%29,200,True,,440
inq-0349,Local Planning Authorities Boundaries (2024),https://geoportal.statistics.gov.uk/search?q=Local+Planning+Authorities+Boundaries+%282024%29,https://geoportal.statistics.gov.uk/search?q=Local+Planning+Authorities+Boundaries+%282024%29,200,True,,438
inq-0350,Local Planning Authorities Boundaries (2025),https://geoportal.statistics.gov.uk/search?q=Local+Planning+Authorities+Boundaries+%282025%29,https://geoportal.statistics.gov.uk/search?q=Local+Planning+Authorities+Boundaries+%282025%29,200,True,,430
inq-0351,Police Force Areas Boundaries (2021),https://geoportal.statistics.gov.uk/search?q=Police+Force+Areas+Boundaries+%282021%29,https://geoportal.statistics.gov.uk/search?q=Police+Force+Areas+Boundaries+%282021%29,200,True,,441
inq-0352,Police Force Areas Boundaries (2022),https://geoportal.statistics.gov.uk/search?q=Police+Force+Areas+Boundaries+%282022%29,https://geoportal.statistics.gov.uk/search?q=Police+Force+Areas+Boundaries+%282022%29,200,True,,434
inq-0353,Police Force Areas Boundaries (2023),https://geoportal.statistics.gov.uk/search?q=Police+Force+Areas+Boundaries+%282023%29,https://geoportal.statistics.gov.uk/search?q=Police+Force+Areas+Boundaries+%282023%29,200,True,,434
inq-0354,Police Force Areas Boundaries (2024),https://geoportal.statistics.gov.uk/search?q=Police+Force+Areas+Boundaries+%282024%29,https://geoportal.statistics.gov.uk/search?q=Police+Force+Areas+Boundaries+%282024%29,200,True,,438
inq-0355,Police Force Areas Boundaries (2025),https://geoportal.statistics.gov.uk/search?q=Police+Force+Areas+Boundaries+%282025%29,https://geoportal.statistics.gov.uk/search?q=Police+Force+Areas+Boundaries+%282025%29,200,True,,430
inq-0356,Lower Layer Super Output Areas Boundaries (2001),https://geoportal.statistics.gov.uk/search?q=Lower+Layer+Super+Output+Areas+Boundaries+%282001%29,https://geoportal.statistics.gov.uk/search?q=Lower+Layer+Super+Output+Areas+Boundaries+%282001%29,200,True,,425
inq-0357,Lower Layer Super Output Areas Boundaries (2011),https://geoportal.statistics.gov.uk/search?q=Lower+Layer+Super+Output+Areas+Boundaries+%282011%29,https://geoportal.statistics.gov.uk/search?q=Lower+Layer+Super+Output+Areas+Boundaries+%282011%29,200,True,,433
inq-0358,Lower Layer Super Output Areas Boundaries (2021),https://geoportal.statistics.gov.uk/search?q=Lower+Layer+Super+Output+Areas+Boundaries+%282021%29,https://geoportal.statistics.gov.uk/search?q=Lower+Layer+Super+Output+Areas+Boundaries+%282021%29,200,True,,439
inq-0359,Middle Layer Super Output Areas Boundaries (2001),https://geoportal.statistics.gov.uk/search?q=Middle+Layer+Super+Output+Areas+Boundaries+%282001%29,https://geoportal.statistics.gov.uk/search?q=Middle+Layer+Super+Output+Areas+Boundaries+%282001%29,200,True,,436
inq-0360,Middle Layer Super Output Areas Boundaries (2011),https://geoportal.statistics.gov.uk/search?q=Middle+Layer+Super+Output+Areas+Boundaries+%282011%29,https://geoportal.statistics.gov.uk/search?q=Middle+Layer+Super+Output+Areas+Boundaries+%282011%29,200,True,,540
inq-0361,Middle Layer Super Output Areas Boundaries (2021),https://geoportal.statistics.gov.uk/search?q=Middle+Layer+Super+Output+Areas+Boundaries+%282021%29,https://geoportal.statistics.gov.uk/search?q=Middle+Layer+Super+Output+Areas+Boundaries+%282021%29,200,True,,428
inq-0362,Output Areas Boundaries (2001),https://geoportal.statistics.gov.uk/search?q=Output+Areas+Boundaries+%282001%29,https://geoportal.statistics.gov.uk/search?q=Output+Areas+Boundaries+%282001%29,200,True,,450
inq-0363,Output Areas Boundaries (2011),https://geoportal.statistics.gov.uk/search?q=Output+Areas+Boundaries+%282011%29,https://geoportal.statistics.gov.uk/search?q=Output+Areas+Boundaries+%282011%29,200,True,,435
inq-0364,Output Areas Boundaries (2021),https://geoportal.statistics.gov.uk/search?q=Output+Areas+Boundaries+%282021%29,https://geoportal.statistics.gov.uk/search?q=Output+Areas+Boundaries+%282021%29,200,True,,436
inq-0365,Travel to Work Areas Boundaries (2001),https://geoportal.statistics.gov.uk/search?q=Travel+to+Work+Areas+Boundaries+%282001%29,https://geoportal.statistics.gov.uk/search?q=Travel+to+Work+Areas+Boundaries+%282001%29,200,True,,430
inq-0366,Travel to Work Areas Boundaries (2011),https://geoportal.statistics.gov.uk/search?q=Travel+to+Work+Areas+Boundaries+%282011%29,https://geoportal.statistics.gov.uk/search?q=Travel+to+Work+Areas+Boundaries+%282011%29,200,True,,429
inq-0367,Workplace Zones Boundaries (2011),https://geoportal.statistics.gov.uk/search?q=Workplace+Zones+Boundaries+%282011%29,https://geoportal.statistics.gov.uk/search?q=Workplace+Zones+Boundaries+%282011%29,200,True,,539
inq-0368,Built-up Areas Boundaries (2011),https://geoportal.statistics.gov.uk/search?q=Built-up+Areas+Boundaries+%282011%29,https://geoportal.statistics.gov.uk/search?q=Built-up+Areas+Boundaries+%282011%29,200,True,,424
inq-0369,Built-up Areas Boundaries (2022),https://geoportal.statistics.gov.uk/search?q=Built-up+Areas+Boundaries+%282022%29,https://geoportal.statistics.gov.uk/search?q=Built-up+Areas+Boundaries+%282022%29,200,True,,416
inq-0370,Built-up Areas Boundaries (2024),https://geoportal.statistics.gov.uk/search?q=Built-up+Areas+Boundaries+%282024%29,https://geoportal.statistics.gov.uk/search?q=Built-up+Areas+Boundaries+%282024%29,200,True,,429
inq-0371,Built-up Area Sub Divisions Boundaries (2011),https://geoportal.statistics.gov.uk/search?q=Built-up+Area+Sub+Divisions+Boundaries+%282011%29,https://geoportal.statistics.gov.uk/search?q=Built-up+Area+Sub+Divisions+Boundaries+%282011%29,200,True,,424
inq-0372,Major Towns and Cities Boundaries (2015),https://geoportal.statistics.gov.uk/search?q=Major+Towns+and+Cities+Boundaries+%282015%29,https://geoportal.statistics.gov.uk/search?q=Major+Towns+and+Cities+Boundaries+%282015%29,200,True,,429
inq-0373,Census 2011 Merged Local Authority Districts (2011),https://geoportal.statistics.gov.uk/search?q=Census+2011+Merged+Local+Authority+Districts+%282011%29,https://geoportal.statistics.gov.uk/search?q=Census+2011+Merged+Local+Authority+Districts+%282011%29,200,True,,421
inq-0374,Census 2021 Grouped Lower Tier Local Authorities (2021),https://geoportal.statistics.gov.uk/search?q=Census+2021+Grouped+Lower+Tier+Local+Authorities+%282021%29,https://geoportal.statistics.gov.uk/search?q=Census+2021+Grouped+Lower+Tier+Local+Authorities+%282021%29,200,True,,423
inq-0375,Census 2011 Merged Wards (2011),https://geoportal.statistics.gov.uk/search?q=Census+2011+Merged+Wards+%282011%29,https://geoportal.statistics.gov.uk/search?q=Census+2011+Merged+Wards+%282011%29,200,True,,425
inq-0376,1921 Country (England excl. Monmouthshire) Boundaries,https://geoportal.statistics.gov.uk/search?q=1921+Country+%28England+excl.+Monmouthshire%29+Boundaries,https://geoportal.statistics.gov.uk/search?q=1921+Country+%28England+excl.+Monmouthshire%29+Boundaries,200,True,,451
inq-0377,1921 Country Boundaries,https://geoportal.statistics.gov.uk/search?q=1921+Country+Boundaries,https://geoportal.statistics.gov.uk/search?q=1921+Country+Boundaries,200,True,,434
inq-0378,1921 County Borough Boundaries,https://geoportal.statistics.gov.uk/search?q=1921+County+Borough+Boundaries,https://geoportal.statistics.gov.uk/search?q=1921+County+Borough+Boundaries,200,True,,431
inq-0379,1921 Local Authority District (Parts) Boundaries,https://geoportal.statistics.gov.uk/search?q=1921+Local+Authority+District+%28Parts%29+Boundaries,https://geoportal.statistics.gov.uk/search?q=1921+Local+Authority+District+%28Parts%29+Boundaries,200,True,,423
inq-0380,1921 Local Authority District Boundaries,https://geoportal.statistics.gov.uk/search?q=1921+Local+Authority+District+Boundaries,https://geoportal.statistics.gov.uk/search?q=1921+Local+Authority+District+Boundaries,200,True,,431
inq-0381,1921 Region (England excl. Monmouthshire) Boundaries,https://geoportal.statistics.gov.uk/search?q=1921+Region+%28England+excl.+Monmouthshire%29+Boundaries,https://geoportal.statistics.gov.uk/search?q=1921+Region+%28England+excl.+Monmouthshire%29+Boundaries,200,True,,423
inq-0382,1921 Region Boundaries,https://geoportal.statistics.gov.uk/search?q=1921+Region+Boundaries,https://geoportal.statistics.gov.uk/search?q=1921+Region+Boundaries,200,True,,426
inq-0383,1961 Country Boundaries,https://geoportal.statistics.gov.uk/search?q=1961+Country+Boundaries,https://geoportal.statistics.gov.uk/search?q=1961+Country+Boundaries,200,True,,427
inq-0384,1961 County Boundaries,https://geoportal.statistics.gov.uk/search?q=1961+County+Boundaries,https://geoportal.statistics.gov.uk/search?q=1961+County+Boundaries,200,True,,434
inq-0385,1961 Local Authority District Boundaries,https://geoportal.statistics.gov.uk/search?q=1961+Local+Authority+District+Boundaries,https://geoportal.statistics.gov.uk/search?q=1961+Local+Authority+District+Boundaries,200,True,,428
inq-0386,European Electoral Regions Boundaries (2017),https://geoportal.statistics.gov.uk/search?q=European+Electoral+Regions+Boundaries+%282017%29,https://geoportal.statistics.gov.uk/search?q=European+Electoral+Regions+Boundaries+%282017%29,200,True,,424
inq-0387,European Electoral Regions Boundaries (2018),https://geoportal.statistics.gov.uk/search?q=European+Electoral+Regions+Boundaries+%282018%29,https://geoportal.statistics.gov.uk/search?q=European+Electoral+Regions+Boundaries+%282018%29,200,True,,423
inq-0388,London Assembly Constituencies Boundaries (2018),https://geoportal.statistics.gov.uk/search?q=London+Assembly+Constituencies+Boundaries+%282018%29,https://geoportal.statistics.gov.uk/search?q=London+Assembly+Constituencies+Boundaries+%282018%29,200,True,,434
inq-0389,Senedd Cymru Constituencies Boundaries (2021),https://geoportal.statistics.gov.uk/search?q=Senedd+Cymru+Constituencies+Boundaries+%282021%29,https://geoportal.statistics.gov.uk/search?q=Senedd+Cymru+Constituencies+Boundaries+%282021%29,200,True,,439
inq-0390,Senedd Cymru Constituencies Boundaries (2022),https://geoportal.statistics.gov.uk/search?q=Senedd+Cymru+Constituencies+Boundaries+%282022%29,https://geoportal.statistics.gov.uk/search?q=Senedd+Cymru+Constituencies+Boundaries+%282022%29,200,True,,430
inq-0391,Senedd Cymru Constituencies Boundaries (2026),https://geoportal.statistics.gov.uk/search?q=Senedd+Cymru+Constituencies+Boundaries+%282026%29,https://geoportal.statistics.gov.uk/search?q=Senedd+Cymru+Constituencies+Boundaries+%282026%29,200,True,,423
inq-0392,Senedd Cymru Electoral Regions Boundaries (2022),https://geoportal.statistics.gov.uk/search?q=Senedd+Cymru+Electoral+Regions+Boundaries+%282022%29,https://geoportal.statistics.gov.uk/search?q=Senedd+Cymru+Electoral+Regions+Boundaries+%282022%29,200,True,,526
inq-0393,Scottish Parliamentary Constituencies Boundaries (2016),https://geoportal.statistics.gov.uk/search?q=Scottish+Parliamentary+Constituencies+Boundaries+%282016%29,https://geoportal.statistics.gov.uk/search?q=Scottish+Parliamentary+Constituencies+Boundaries+%282016%29,200,True,,415
inq-0394,Scottish Parliamentary Constituencies Boundaries (2021),https://geoportal.statistics.gov.uk/search?q=Scottish+Parliamentary+Constituencies+Boundaries+%282021%29,https://geoportal.statistics.gov.uk/search?q=Scottish+Parliamentary+Constituencies+Boundaries+%282021%29,200,True,,422
inq-0395,Scottish Parliamentary Constituencies Boundaries (2022),https://geoportal.statistics.gov.uk/search?q=Scottish+Parliamentary+Constituencies+Boundaries+%282022%29,https://geoportal.statistics.gov.uk/search?q=Scottish+Parliamentary+Constituencies+Boundaries+%282022%29,200,True,,426
inq-0396,Scottish Parliamentary Constituencies Boundaries (2026),https://geoportal.statistics.gov.uk/search?q=Scottish+Parliamentary+Constituencies+Boundaries+%282026%29,https://geoportal.statistics.gov.uk/search?q=Scottish+Parliamentary+Constituencies+Boundaries+%282026%29,200,True,,432
inq-0397,Scottish Parliamentary Regions Boundaries (2016),https://geoportal.statistics.gov.uk/search?q=Scottish+Parliamentary+Regions+Boundaries+%282016%29,https://geoportal.statistics.gov.uk/search?q=Scottish+Parliamentary+Regions+Boundaries+%282016%29,200,True,,441
inq-0398,Scottish Parliamentary Regions Boundaries (2022),https://geoportal.statistics.gov.uk/search?q=Scottish+Parliamentary+Regions+Boundaries+%282022%29,https://geoportal.statistics.gov.uk/search?q=Scottish+Parliamentary+Regions+Boundaries+%282022%29,200,True,,431
inq-0399,Scottish Parliamentary Regions Boundaries (2026),https://geoportal.statistics.gov.uk/search?q=Scottish+Parliamentary+Regions+Boundaries+%282026%29,https://geoportal.statistics.gov.uk/search?q=Scottish+Parliamentary+Regions+Boundaries+%282026%29,200,True,,428
inq-0400,Westminster Parliamentary Constituencies Boundaries (2021),https://geoportal.statistics.gov.uk/search?q=Westminster+Parliamentary+Constituencies+Boundaries+%282021%29,https://geoportal.statistics.gov.uk/search?q=Westminster+Parliamentary+Constituencies+Boundaries+%282021%29,200,True,,469
inq-0401,Westminster Parliamentary Constituencies Boundaries (2022),https://geoportal.statistics.gov.uk/search?q=Westminster+Parliamentary+Constituencies+Boundaries+%282022%29,https://geoportal.statistics.gov.uk/search?q=Westminster+Parliamentary+Constituencies+Boundaries+%282022%29,200,True,,454
inq-0402,Westminster Parliamentary Constituencies Boundaries (July 2024),https://geoportal.statistics.gov.uk/search?q=Westminster+Parliamentary+Constituencies+Boundaries+%28July+2024%29,https://geoportal.statistics.gov.uk/search?q=Westminster+Parliamentary+Constituencies+Boundaries+%28July+2024%29,200,True,,443
inq-0403,International Territorial Level 1 Boundaries (2021),https://geoportal.statistics.gov.uk/search?q=International+Territorial+Level+1+Boundaries+%282021%29,https://geoportal.statistics.gov.uk/search?q=International+Territorial+Level+1+Boundaries+%282021%29,200,True,,426
inq-0404,International Territorial Level 1 Boundaries (2025),https://geoportal.statistics.gov.uk/search?q=International+Territorial+Level+1+Boundaries+%282025%29,https://geoportal.statistics.gov.uk/search?q=International+Territorial+Level+1+Boundaries+%282025%29,200,True,,419
inq-0405,International Territorial Level 2 Boundaries (2021),https://geoportal.statistics.gov.uk/search?q=International+Territorial+Level+2+Boundaries+%282021%29,https://geoportal.statistics.gov.uk/search?q=International+Territorial+Level+2+Boundaries+%282021%29,200,True,,427
inq-0406,International Territorial Level 2 Boundaries (2025),https://geoportal.statistics.gov.uk/search?q=International+Territorial+Level+2+Boundaries+%282025%29,https://geoportal.statistics.gov.uk/search?q=International+Territorial+Level+2+Boundaries+%282025%29,200,True,,430
inq-0407,International Territorial Level 3 Boundaries (2021),https://geoportal.statistics.gov.uk/search?q=International+Territorial+Level+3+Boundaries+%282021%29,https://geoportal.statistics.gov.uk/search?q=International+Territorial+Level+3+Boundaries+%282021%29,200,True,,429
inq-0408,International Territorial Level 3 Boundaries (2025),https://geoportal.statistics.gov.uk/search?q=International+Territorial+Level+3+Boundaries+%282025%29,https://geoportal.statistics.gov.uk/search?q=International+Territorial+Level+3+Boundaries+%282025%29,200,True,,433
inq-0409,NUTS 1 Boundaries,https://geoportal.statistics.gov.uk/search?q=NUTS+1+Boundaries,https://geoportal.statistics.gov.uk/search?q=NUTS+1+Boundaries,200,True,,432
inq-0410,NUTS 2 Boundaries,https://geoportal.statistics.gov.uk/search?q=NUTS+2+Boundaries,https://geoportal.statistics.gov.uk/search?q=NUTS+2+Boundaries,200,True,,426
inq-0411,NUTS 3 Boundaries,https://geoportal.statistics.gov.uk/search?q=NUTS+3+Boundaries,https://geoportal.statistics.gov.uk/search?q=NUTS+3+Boundaries,200,True,,433
inq-0412,LSOA (2001) to LSOA (2011) Lookup,https://geoportal.statistics.gov.uk/search?q=LSOA+%282001%29+to+LSOA+%282011%29+Lookup,https://geoportal.statistics.gov.uk/search?q=LSOA+%282001%29+to+LSOA+%282011%29+Lookup,200,True,,420
inq-0413,LSOA (2011) to LSOA (2021) Lookup,https://geoportal.statistics.gov.uk/search?q=LSOA+%282011%29+to+LSOA+%282021%29+Lookup,https://geoportal.statistics.gov.uk/search?q=LSOA+%282011%29+to+LSOA+%282021%29+Lookup,200,True,,430
inq-0414,LSOAs to Built-up Areas and Sub Divisions (2011) Lookup,https://geoportal.statistics.gov.uk/search?q=LSOAs+to+Built-up+Areas+and+Sub+Divisions+%282011%29+Lookup,https://geoportal.statistics.gov.uk/search?q=LSOAs+to+Built-up+Areas+and+Sub+Divisions+%282011%29+Lookup,200,True,,429
inq-0415,LSOA (2011) to Local Enterprise Partnerships Lookup,https://geoportal.statistics.gov.uk/search?q=LSOA+%282011%29+to+Local+Enterprise+Partnerships+Lookup,https://geoportal.statistics.gov.uk/search?q=LSOA+%282011%29+to+Local+Enterprise+Partnerships+Lookup,200,True,,427
inq-0416,LSOAs to Major Towns and Cities (2015) Lookup,https://geoportal.statistics.gov.uk/search?q=LSOAs+to+Major+Towns+and+Cities+%282015%29+Lookup,https://geoportal.statistics.gov.uk/search?q=LSOAs+to+Major+Towns+and+Cities+%282015%29+Lookup,200,True,,417
inq-0417,LSOA (2011) to County and Unitary Authorities Lookup,https://geoportal.statistics.gov.uk/search?q=LSOA+%282011%29+to+County+and+Unitary+Authorities+Lookup,https://geoportal.statistics.gov.uk/search?q=LSOA+%282011%29+to+County+and+Unitary+Authorities+Lookup,200,True,,422
inq-0418,LSOA (2011) to Electoral Wards to LADs Lookup,https://geoportal.statistics.gov.uk/search?q=LSOA+%282011%29+to+Electoral+Wards+to+LADs+Lookup,https://geoportal.statistics.gov.uk/search?q=LSOA+%282011%29+to+Electoral+Wards+to+LADs+Lookup,200,True,,430
inq-0419,LSOA (2001) to Electoral Wards Lookup,https://geoportal.statistics.gov.uk/search?q=LSOA+%282001%29+to+Electoral+Wards+Lookup,https://geoportal.statistics.gov.uk/search?q=LSOA+%282001%29+to+Electoral+Wards+Lookup,200,True,,418
inq-0420,MSOA (2011) to MSOA (2021) Lookup,https://geoportal.statistics.gov.uk/search?q=MSOA+%282011%29+to+MSOA+%282021%29+Lookup,https://geoportal.statistics.gov.uk/search?q=MSOA+%282011%29+to+MSOA+%282021%29+Lookup,200,True,,421
inq-0421,MSOA (2021) to Electoral Wards Lookup,https://geoportal.statistics.gov.uk/search?q=MSOA+%282021%29+to+Electoral+Wards+Lookup,https://geoportal.statistics.gov.uk/search?q=MSOA+%282021%29+to+Electoral+Wards+Lookup,200,True,,446
inq-0422,MSOA (2021) to Built-up Areas (2022) Lookup,https://geoportal.statistics.gov.uk/search?q=MSOA+%282021%29+to+Built-up+Areas+%282022%29+Lookup,https://geoportal.statistics.gov.uk/search?q=MSOA+%282021%29+to+Built-up+Areas+%282022%29+Lookup,200,True,,420
inq-0423,MSOA (2021) to County and Unitary Authorities Lookup,https://geoportal.statistics.gov.uk/search?q=MSOA+%282021%29+to+County+and+Unitary+Authorities+Lookup,https://geoportal.statistics.gov.uk/search?q=MSOA+%282021%29+to+County+and+Unitary+Authorities+Lookup,200,True,,445
inq-0424,MSOA (2021) to Westminster Parliamentary Constituencies (2024) Lookup,https://geoportal.statistics.gov.uk/search?q=MSOA+%282021%29+to+Westminster+Parliamentary+Constituencies+%282024%29+Lookup,https://geoportal.statistics.gov.uk/search?q=MSOA+%282021%29+to+Westminster+Parliamentary+Constituencies+%282024%29+Lookup,200,True,,432
inq-0425,MSOA (2001) to MSOA (2011) Lookup,https://geoportal.statistics.gov.uk/search?q=MSOA+%282001%29+to+MSOA+%282011%29+Lookup,https://geoportal.statistics.gov.uk/search?q=MSOA+%282001%29+to+MSOA+%282011%29+Lookup,200,True,,434
inq-0426,MSOA (2011) to Built-up Areas and Sub Divisions (2011) Lookup,https://geoportal.statistics.gov.uk/search?q=MSOA+%282011%29+to+Built-up+Areas+and+Sub+Divisions+%282011%29+Lookup,https://geoportal.statistics.gov.uk/search?q=MSOA+%282011%29+to+Built-up+Areas+and+Sub+Divisions+%282011%29+Lookup,200,True,,448
inq-0427,MSOA (2011) to Major Towns and Cities (2015) Lookup,https://geoportal.statistics.gov.uk/search?q=MSOA+%282011%29+to+Major+Towns+and+Cities+%282015%29+Lookup,https://geoportal.statistics.gov.uk/search?q=MSOA+%282011%29+to+Major+Towns+and+Cities+%282015%29+Lookup,200,True,,438
inq-0428,MSOA (2011) to Electoral Wards and LADs Lookup,https://geoportal.statistics.gov.uk/search?q=MSOA+%282011%29+to+Electoral+Wards+and+LADs+Lookup,https://geoportal.statistics.gov.uk/search?q=MSOA+%282011%29+to+Electoral+Wards+and+LADs+Lookup,200,True,,440
inq-0429,OA (2011) to OA (2021) Lookup,https://geoportal.statistics.gov.uk/search?q=OA+%282011%29+to+OA+%282021%29+Lookup,https://geoportal.statistics.gov.uk/search?q=OA+%282011%29+to+OA+%282021%29+Lookup,200,True,,430
inq-0430,OA (2021) to Wards Lookup,https://geoportal.statistics.gov.uk/search?q=OA+%282021%29+to+Wards+Lookup,https://geoportal.statistics.gov.uk/search?q=OA+%282021%29+to+Wards+Lookup,200,True,,444
inq-0431,OA (2021) to Census Wards (2011) Lookup,https://geoportal.statistics.gov.uk/search?q=OA+%282021%29+to+Census+Wards+%282011%29+Lookup,https://geoportal.statistics.gov.uk/search?q=OA+%282021%29+to+Census+Wards+%282011%29+Lookup,200,True,,437
inq-0432,OA (2021) to Parishes and Non-Civil Parished Areas Lookup,https://geoportal.statistics.gov.uk/search?q=OA+%282021%29+to+Parishes+and+Non-Civil+Parished+Areas+Lookup,https://geoportal.statistics.gov.uk/search?q=OA+%282021%29+to+Parishes+and+Non-Civil+Parished+Areas+Lookup,200,True,,420
inq-0433,OA (2011) to OA (2021) Exact Fit Lookup,https://geoportal.statistics.gov.uk/search?q=OA+%282011%29+to+OA+%282021%29+Exact+Fit+Lookup,https://geoportal.statistics.gov.uk/search?q=OA+%282011%29+to+OA+%282021%29+Exact+Fit+Lookup,200,True,,420
inq-0434,Wards (2011) to Census Merged Wards (2011) Lookup,https://geoportal.statistics.gov.uk/search?q=Wards+%282011%29+to+Census+Merged+Wards+%282011%29+Lookup,https://geoportal.statistics.gov.uk/search?q=Wards+%282011%29+to+Census+Merged+Wards+%282011%29+Lookup,200,True,,429
inq-0435,WPC (2010) to WPC (2024) Lookup,https://geoportal.statistics.gov.uk/search?q=WPC+%282010%29+to+WPC+%282024%29+Lookup,https://geoportal.statistics.gov.uk/search?q=WPC+%282010%29+to+WPC+%282024%29+Lookup,200,True,,426
inq-0436,ITL 2021 to ITL 2025 Lookup,https://geoportal.statistics.gov.uk/search?q=ITL+2021+to+ITL+2025+Lookup,https://geoportal.statistics.gov.uk/search?q=ITL+2021+to+ITL+2025+Lookup,200,True,,427
inq-0437,LAU2 to LAU1 to NUTS3 to NUTS2 to NUTS1 Lookup,https://geoportal.statistics.gov.uk/search?q=LAU2+to+LAU1+to+NUTS3+to+NUTS2+to+NUTS1+Lookup,https://geoportal.statistics.gov.uk/search?q=LAU2+to+LAU1+to+NUTS3+to+NUTS2+to+NUTS1+Lookup,200,True,,420
inq-0438,LAD to NUTS3 to NUTS2 to NUTS1 Lookup,https://geoportal.statistics.gov.uk/search?q=LAD+to+NUTS3+to+NUTS2+to+NUTS1+Lookup,https://geoportal.statistics.gov.uk/search?q=LAD+to+NUTS3+to+NUTS2+to+NUTS1+Lookup,200,True,,430
inq-0439,LAD to ITL3 to ITL2 to ITL1 Lookup,https://geoportal.statistics.gov.uk/search?q=LAD+to+ITL3+to+ITL2+to+ITL1+Lookup,https://geoportal.statistics.gov.uk/search?q=LAD+to+ITL3+to+ITL2+to+ITL1+Lookup,200,True,,418
inq-0440,Postcode (May 2021) to OA21 to LSOA21 to MSOA21 to LAD Lookup,https://geoportal.statistics.gov.uk/search?q=Postcode+%28May+2021%29+to+OA21+to+LSOA21+to+MSOA21+to+LAD+Lookup,https://geoportal.statistics.gov.uk/search?q=Postcode+%28May+2021%29+to+OA21+to+LSOA21+to+MSOA21+to+LAD+Lookup,200,True,,436
inq-0441,Postcode to Postcode Sector to Postcode District to Postcode Area (March 2021) Lookup,https://geoportal.statistics.gov.uk/search?q=Postcode+to+Postcode+Sector+to+Postcode+District+to+Postcode+Area+%28March+2021%29+Lookup,https://geoportal.statistics.gov.uk/search?q=Postcode+to+Postcode+Sector+to+Postcode+District+to+Postcode+Area+%28March+2021%29+Lookup,200,True,,430
inq-0442,Postcode to Postcode Sector to Postcode District to Postcode Area to OA (August 2022) Lookup,https://geoportal.statistics.gov.uk/search?q=Postcode+to+Postcode+Sector+to+Postcode+District+to+Postcode+Area+to+OA+%28August+2022%29+Lookup,https://geoportal.statistics.gov.uk/search?q=Postcode+to+Postcode+Sector+to+Postcode+District+to+Postcode+Area+to+OA+%28August+2022%29+Lookup,200,True,,428
inq-0443,OA (2021) to Postcode Sector (May 2021) Lookup,https://geoportal.statistics.gov.uk/search?q=OA+%282021%29+to+Postcode+Sector+%28May+2021%29+Lookup,https://geoportal.statistics.gov.uk/search?q=OA+%282021%29+to+Postcode+Sector+%28May+2021%29+Lookup,200,True,,435
inq-0444,Postcode to OA (2021) to LSOA to MSOA to LAD Lookup,https://geoportal.statistics.gov.uk/search?q=Postcode+to+OA+%282021%29+to+LSOA+to+MSOA+to+LAD+Lookup,https://geoportal.statistics.gov.uk/search?q=Postcode+to+OA+%282021%29+to+LSOA+to+MSOA+to+LAD+Lookup,200,True,,421
inq-0445,Postcode to OA (2021) to LSOA to MSOA with Area Classifications,https://geoportal.statistics.gov.uk/search?q=Postcode+to+OA+%282021%29+to+LSOA+to+MSOA+with+Area+Classifications,https://geoportal.statistics.gov.uk/search?q=Postcode+to+OA+%282021%29+to+LSOA+to+MSOA+with+Area+Classifications,200,True,,423
inq-0446,Postcode to OA (2021) to LSOA to MSOA to LTLA to UTLA to CAUTH Lookup,https://geoportal.statistics.gov.uk/search?q=Postcode+to+OA+%282021%29+to+LSOA+to+MSOA+to+LTLA+to+UTLA+to+CAUTH+Lookup,https://geoportal.statistics.gov.uk/search?q=Postcode+to+OA+%282021%29+to+LSOA+to+MSOA+to+LTLA+to+UTLA+to+CAUTH+Lookup,200,True,,430
inq-0447,Postcode to Westminster Parliamentary Constituencies (July 2024) Lookup,https://geoportal.statistics.gov.uk/search?q=Postcode+to+Westminster+Parliamentary+Constituencies+%28July+2024%29+Lookup,https://geoportal.statistics.gov.uk/search?q=Postcode+to+Westminster+Parliamentary+Constituencies+%28July+2024%29+Lookup,200,True,,420
inq-0448,Postcode to OA (2011) to LSOA to MSOA to LAD Lookup,https://geoportal.statistics.gov.uk/search?q=Postcode+to+OA+%282011%29+to+LSOA+to+MSOA+to+LAD+Lookup,https://geoportal.statistics.gov.uk/search?q=Postcode+to+OA+%282011%29+to+LSOA+to+MSOA+to+LAD+Lookup,200,True,,436
inq-0449,Postcode to OA (2011) to LSOA to MSOA with Area Classifications,https://geoportal.statistics.gov.uk/search?q=Postcode+to+OA+%282011%29+to+LSOA+to+MSOA+with+Area+Classifications,https://geoportal.statistics.gov.uk/search?q=Postcode+to+OA+%282011%29+to+LSOA+to+MSOA+with+Area+Classifications,200,True,,433
inq-0450,OA (2011) to Postcode Sector (2011) Lookup,https://geoportal.statistics.gov.uk/search?q=OA+%282011%29+to+Postcode+Sector+%282011%29+Lookup,https://geoportal.statistics.gov.uk/search?q=OA+%282011%29+to+Postcode+Sector+%282011%29+Lookup,200,True,,430
inq-0451,Postcode to Parish to Ward to LAD (2011) Lookup,https://geoportal.statistics.gov.uk/search?q=Postcode+to+Parish+to+Ward+to+LAD+%282011%29+Lookup,https://geoportal.statistics.gov.uk/search?q=Postcode+to+Parish+to+Ward+to+LAD+%282011%29+Lookup,200,True,,425
inq-0452,Output Area (2021) to BUA to LAD to Region (April 2024) Best Fit Lookup,https://geoportal.statistics.gov.uk/search?q=Output+Area+%282021%29+to+BUA+to+LAD+to+Region+%28April+2024%29+Best+Fit+Lookup,https://geoportal.statistics.gov.uk/search?q=Output+Area+%282021%29+to+BUA+to+LAD+to+Region+%28April+2024%29+Best+Fit+Lookup,200,True,,432
inq-0453,Combined Authorities Names and Codes,https://geoportal.statistics.gov.uk/search?q=Combined+Authorities+Names+and+Codes,https://geoportal.statistics.gov.uk/search?q=Combined+Authorities+Names+and+Codes,200,True,,451
inq-0454,Counties Names and Codes,https://geoportal.statistics.gov.uk/search?q=Counties+Names+and+Codes,https://geoportal.statistics.gov.uk/search?q=Counties+Names+and+Codes,200,True,,423
inq-0455,Counties and Unitary Authorities Names and Codes,https://geoportal.statistics.gov.uk/search?q=Counties+and+Unitary+Authorities+Names+and+Codes,https://geoportal.statistics.gov.uk/search?q=Counties+and+Unitary+Authorities+Names+and+Codes,200,True,,552
inq-0456,Countries Names and Codes,https://geoportal.statistics.gov.uk/search?q=Countries+Names+and+Codes,https://geoportal.statistics.gov.uk/search?q=Countries+Names+and+Codes,200,True,,429
inq-0457,County Electoral Divisions Names and Codes,https://geoportal.statistics.gov.uk/search?q=County+Electoral+Divisions+Names+and+Codes,https://geoportal.statistics.gov.uk/search?q=County+Electoral+Divisions+Names+and+Codes,200,True,,425
inq-0458,Local Authority Districts Names and Codes,https://geoportal.statistics.gov.uk/search?q=Local+Authority+Districts+Names+and+Codes,https://geoportal.statistics.gov.uk/search?q=Local+Authority+Districts+Names+and+Codes,200,True,,424
inq-0459,Local Government Districts (NI) Names and Codes,https://geoportal.statistics.gov.uk/search?q=Local+Government+Districts+%28NI%29+Names+and+Codes,https://geoportal.statistics.gov.uk/search?q=Local+Government+Districts+%28NI%29+Names+and+Codes,200,True,,423
inq-0460,Local Planning Authorities Names and Codes,https://geoportal.statistics.gov.uk/search?q=Local+Planning+Authorities+Names+and+Codes,https://geoportal.statistics.gov.uk/search?q=Local+Planning+Authorities+Names+and+Codes,200,True,,429
inq-0461,Metropolitan Counties Names and Codes,https://geoportal.statistics.gov.uk/search?q=Metropolitan+Counties+Names+and+Codes,https://geoportal.statistics.gov.uk/search?q=Metropolitan+Counties+Names+and+Codes,200,True,,425
inq-0462,Non-Civil Parished Areas Names and Codes,https://geoportal.statistics.gov.uk/search?q=Non-Civil+Parished+Areas+Names+and+Codes,https://geoportal.statistics.gov.uk/search?q=Non-Civil+Parished+Areas+Names+and+Codes,200,True,,433
inq-0463,Parishes Names and Codes,https://geoportal.statistics.gov.uk/search?q=Parishes+Names+and+Codes,https://geoportal.statistics.gov.uk/search?q=Parishes+Names+and+Codes,200,True,,436
inq-0464,Regions Names and Codes,https://geoportal.statistics.gov.uk/search?q=Regions+Names+and+Codes,https://geoportal.statistics.gov.uk/search?q=Regions+Names+and+Codes,200,True,,423
inq-0465,Wards Names and Codes,https://geoportal.statistics.gov.uk/search?q=Wards+Names+and+Codes,https://geoportal.statistics.gov.uk/search?q=Wards+Names+and+Codes,200,True,,543
inq-0466,Built-up Areas Names and Codes,https://geoportal.statistics.gov.uk/search?q=Built-up+Areas+Names+and+Codes,https://geoportal.statistics.gov.uk/search?q=Built-up+Areas+Names+and+Codes,200,True,,424
inq-0467,Built-up Area Sub Divisions Names and Codes,https://geoportal.statistics.gov.uk/search?q=Built-up+Area+Sub+Divisions+Names+and+Codes,https://geoportal.statistics.gov.uk/search?q=Built-up+Area+Sub+Divisions+Names+and+Codes,200,True,,427
inq-0468,Census Area Statistics Wards Names and Codes,https://geoportal.statistics.gov.uk/search?q=Census+Area+Statistics+Wards+Names+and+Codes,https://geoportal.statistics.gov.uk/search?q=Census+Area+Statistics+Wards+Names+and+Codes,200,True,,425
inq-0469,Census Merged Local Authority Districts Names and Codes,https://geoportal.statistics.gov.uk/search?q=Census+Merged+Local+Authority+Districts+Names+and+Codes,https://geoportal.statistics.gov.uk/search?q=Census+Merged+Local+Authority+Districts+Names+and+Codes,200,True,,533
inq-0470,Census Merged Wards Names and Codes,https://geoportal.statistics.gov.uk/search?q=Census+Merged+Wards+Names+and+Codes,https://geoportal.statistics.gov.uk/search?q=Census+Merged+Wards+Names+and+Codes,200,True,,426
inq-0471,Scottish Data Zones Names and Codes,https://geoportal.statistics.gov.uk/search?q=Scottish+Data+Zones+Names+and+Codes,https://geoportal.statistics.gov.uk/search?q=Scottish+Data+Zones+Names+and+Codes,200,True,,440
inq-0472,Scottish Intermediate Zones Names and Codes,https://geoportal.statistics.gov.uk/search?q=Scottish+Intermediate+Zones+Names+and+Codes,https://geoportal.statistics.gov.uk/search?q=Scottish+Intermediate+Zones+Names+and+Codes,200,True,,416
inq-0473,Lower Layer Super Output Areas Names and Codes,https://geoportal.statistics.gov.uk/search?q=Lower+Layer+Super+Output+Areas+Names+and+Codes,https://geoportal.statistics.gov.uk/search?q=Lower+Layer+Super+Output+Areas+Names+and+Codes,200,True,,431
inq-0474,Middle Layer Super Output Areas Names and Codes,https://geoportal.statistics.gov.uk/search?q=Middle+Layer+Super+Output+Areas+Names+and+Codes,https://geoportal.statistics.gov.uk/search?q=Middle+Layer+Super+Output+Areas+Names+and+Codes,200,True,,426
inq-0475,Standard Table Wards Names and Codes,https://geoportal.statistics.gov.uk/search?q=Standard+Table+Wards+Names+and+Codes,https://geoportal.statistics.gov.uk/search?q=Standard+Table+Wards+Names+and+Codes,200,True,,424
inq-0476,Statistical Wards Names and Codes,https://geoportal.statistics.gov.uk/search?q=Statistical+Wards+Names+and+Codes,https://geoportal.statistics.gov.uk/search?q=Statistical+Wards+Names+and+Codes,200,True,,424
inq-0477,Travel to Work Areas Names and Codes,https://geoportal.statistics.gov.uk/search?q=Travel+to+Work+Areas+Names+and+Codes,https://geoportal.statistics.gov.uk/search?q=Travel+to+Work+Areas+Names+and+Codes,200,True,,422
inq-0478,European Electoral Regions Names and Codes,https://geoportal.statistics.gov.uk/search?q=European+Electoral+Regions+Names+and+Codes,https://geoportal.statistics.gov.uk/search?q=European+Electoral+Regions+Names+and+Codes,200,True,,421
inq-0479,London Assembly Constituencies Names and Codes,https://geoportal.statistics.gov.uk/search?q=London+Assembly+Constituencies+Names+and+Codes,https://geoportal.statistics.gov.uk/search?q=London+Assembly+Constituencies+Names+and+Codes,200,True,,430
inq-0480,Senedd Cymru Constituencies Names and Codes,https://geoportal.statistics.gov.uk/search?q=Senedd+Cymru+Constituencies+Names+and+Codes,https://geoportal.statistics.gov.uk/search?q=Senedd+Cymru+Constituencies+Names+and+Codes,200,True,,434
inq-0481,Senedd Cymru Electoral Regions Names and Codes,https://geoportal.statistics.gov.uk/search?q=Senedd+Cymru+Electoral+Regions+Names+and+Codes,https://geoportal.statistics.gov.uk/search?q=Senedd+Cymru+Electoral+Regions+Names+and+Codes,200,True,,436
inq-0482,Scottish Parliamentary Constituencies Names and Codes,https://geoportal.statistics.gov.uk/search?q=Scottish+Parliamentary+Constituencies+Names+and+Codes,https://geoportal.statistics.gov.uk/search?q=Scottish+Parliamentary+Constituencies+Names+and+Codes,200,True,,432
inq-0483,Scottish Parliamentary Regions Names and Codes,https://geoportal.statistics.gov.uk/search?q=Scottish+Parliamentary+Regions+Names+and+Codes,https://geoportal.statistics.gov.uk/search?q=Scottish+Parliamentary+Regions+Names+and+Codes,200,True,,419
inq-0484,Westminster Parliamentary Constituencies Names and Codes,https://geoportal.statistics.gov.uk/search?q=Westminster+Parliamentary+Constituencies+Names+and+Codes,https://geoportal.statistics.gov.uk/search?q=Westminster+Parliamentary+Constituencies+Names+and+Codes,200,True,,436
inq-0485,International Territorial Levels Level 1 Names and Codes,https://geoportal.statistics.gov.uk/search?q=International+Territorial+Levels+Level+1+Names+and+Codes,https://geoportal.statistics.gov.uk/search?q=International+Territorial+Levels+Level+1+Names+and+Codes,200,True,,428
inq-0486,International Territorial Levels Level 2 Names and Codes,https://geoportal.statistics.gov.uk/search?q=International+Territorial+Levels+Level+2+Names+and+Codes,https://geoportal.statistics.gov.uk/search?q=International+Territorial+Levels+Level+2+Names+and+Codes,200,True,,429
inq-0487,International Territorial Levels Level 3 Names and Codes,https://geoportal.statistics.gov.uk/search?q=International+Territorial+Levels+Level+3+Names+and+Codes,https://geoportal.statistics.gov.uk/search?q=International+Territorial+Levels+Level+3+Names+and+Codes,200,True,,436
inq-0488,NUTS 1 Names and Codes,https://geoportal.statistics.gov.uk/search?q=NUTS+1+Names+and+Codes,https://geoportal.statistics.gov.uk/search?q=NUTS+1+Names+and+Codes,200,True,,417
inq-0489,NUTS 2 Names and Codes,https://geoportal.statistics.gov.uk/search?q=NUTS+2+Names+and+Codes,https://geoportal.statistics.gov.uk/search?q=NUTS+2+Names+and+Codes,200,True,,429
inq-0490,NUTS 3 Names and Codes,https://geoportal.statistics.gov.uk/search?q=NUTS+3+Names+and+Codes,https://geoportal.statistics.gov.uk/search?q=NUTS+3+Names+and+Codes,200,True,,428
inq-0491,LAU 1 Names and Codes,https://geoportal.statistics.gov.uk/search?q=LAU+1+Names+and+Codes,https://geoportal.statistics.gov.uk/search?q=LAU+1+Names+and+Codes,200,True,,440
inq-0492,LAU 2 Names and Codes,https://geoportal.statistics.gov.uk/search?q=LAU+2+Names+and+Codes,https://geoportal.statistics.gov.uk/search?q=LAU+2+Names+and+Codes,200,True,,432
inq-0493,Cancer Alliances Names and Codes,https://geoportal.statistics.gov.uk/search?q=Cancer+Alliances+Names+and+Codes,https://geoportal.statistics.gov.uk/search?q=Cancer+Alliances+Names+and+Codes,200,True,,420
inq-0494,Integrated Care Boards Names and Codes,https://geoportal.statistics.gov.uk/search?q=Integrated+Care+Boards+Names+and+Codes,https://geoportal.statistics.gov.uk/search?q=Integrated+Care+Boards+Names+and+Codes,200,True,,432
inq-0495,ONS Postcode Directory (August 2026),https://geoportal.statistics.gov.uk/search?q=ONS+Postcode+Directory+%28August+2026%29,https://geoportal.statistics.gov.uk/search?q=ONS+Postcode+Directory+%28August+2026%29,200,True,,443
inq-0496,ONS Postcode Directory (May 2026),https://geoportal.statistics.gov.uk/search?q=ONS+Postcode+Directory+%28May+2026%29,https://geoportal.statistics.gov.uk/search?q=ONS+Postcode+Directory+%28May+2026%29,200,True,,429
inq-0497,ONS Postcode Directory (February 2026),https://geoportal.statistics.gov.uk/search?q=ONS+Postcode+Directory+%28February+2026%29,https://geoportal.statistics.gov.uk/search?q=ONS+Postcode+Directory+%28February+2026%29,200,True,,428
inq-0498,ONS Postcode Directory (November 2025),https://geoportal.statistics.gov.uk/search?q=ONS+Postcode+Directory+%28November+2025%29,https://geoportal.statistics.gov.uk/search?q=ONS+Postcode+Directory+%28November+2025%29,200,True,,438
inq-0499,ONS Postcode Directory (August 2025),https://geoportal.statistics.gov.uk/search?q=ONS+Postcode+Directory+%28August+2025%29,https://geoportal.statistics.gov.uk/search?q=ONS+Postcode+Directory+%28August+2025%29,200,True,,443
inq-0500,ONS Postcode Directory (May 2025),https://geoportal.statistics.gov.uk/search?q=ONS+Postcode+Directory+%28May+2025%29,https://geoportal.statistics.gov.uk/search?q=ONS+Postcode+Directory+%28May+2025%29,200,True,,436
inq-0501,ONS Postcode Directory (February 2025),https://geoportal.statistics.gov.uk/search?q=ONS+Postcode+Directory+%28February+2025%29,https://geoportal.statistics.gov.uk/search?q=ONS+Postcode+Directory+%28February+2025%29,200,True,,440
inq-0502,ONS Postcode Directory (November 2024),https://geoportal.statistics.gov.uk/search?q=ONS+Postcode+Directory+%28November+2024%29,https://geoportal.statistics.gov.uk/search?q=ONS+Postcode+Directory+%28November+2024%29,200,True,,423
inq-0503,ONS Postcode Directory (August 2024),https://geoportal.statistics.gov.uk/search?q=ONS+Postcode+Directory+%28August+2024%29,https://geoportal.statistics.gov.uk/search?q=ONS+Postcode+Directory+%28August+2024%29,200,True,,435
inq-0504,ONS Postcode Directory (May 2024),https://geoportal.statistics.gov.uk/search?q=ONS+Postcode+Directory+%28May+2024%29,https://geoportal.statistics.gov.uk/search?q=ONS+Postcode+Directory+%28May+2024%29,200,True,,427
inq-0505,ONS Postcode Directory (August 2021),https://geoportal.statistics.gov.uk/search?q=ONS+Postcode+Directory+%28August+2021%29,https://geoportal.statistics.gov.uk/search?q=ONS+Postcode+Directory+%28August+2021%29,200,True,,423
inq-0506,ONS Postcode Directory (August 2011),https://geoportal.statistics.gov.uk/search?q=ONS+Postcode+Directory+%28August+2011%29,https://geoportal.statistics.gov.uk/search?q=ONS+Postcode+Directory+%28August+2011%29,200,True,,439
inq-0507,NHS Postcode Directory (August 2026),https://geoportal.statistics.gov.uk/search?q=NHS+Postcode+Directory+%28August+2026%29,https://geoportal.statistics.gov.uk/search?q=NHS+Postcode+Directory+%28August+2026%29,200,True,,431
inq-0508,NHS Postcode Directory (May 2026),https://geoportal.statistics.gov.uk/search?q=NHS+Postcode+Directory+%28May+2026%29,https://geoportal.statistics.gov.uk/search?q=NHS+Postcode+Directory+%28May+2026%29,200,True,,430
inq-0509,NHS Postcode Directory (February 2026),https://geoportal.statistics.gov.uk/search?q=NHS+Postcode+Directory+%28February+2026%29,https://geoportal.statistics.gov.uk/search?q=NHS+Postcode+Directory+%28February+2026%29,200,True,,425
inq-0510,NHS Postcode Directory (November 2025),https://geoportal.statistics.gov.uk/search?q=NHS+Postcode+Directory+%28November+2025%29,https://geoportal.statistics.gov.uk/search?q=NHS+Postcode+Directory+%28November+2025%29,200,True,,426
inq-0511,NHS Postcode Directory (August 2025),https://geoportal.statistics.gov.uk/search?q=NHS+Postcode+Directory+%28August+2025%29,https://geoportal.statistics.gov.uk/search?q=NHS+Postcode+Directory+%28August+2025%29,200,True,,420
inq-0512,NHS Postcode Directory (May 2025),https://geoportal.statistics.gov.uk/search?q=NHS+Postcode+Directory+%28May+2025%29,https://geoportal.statistics.gov.uk/search?q=NHS+Postcode+Directory+%28May+2025%29,200,True,,427
inq-0513,NHS Postcode Directory (February 2025),https://geoportal.statistics.gov.uk/search?q=NHS+Postcode+Directory+%28February+2025%29,https://geoportal.statistics.gov.uk/search?q=NHS+Postcode+Directory+%28February+2025%29,200,True,,431
inq-0514,NHS Postcode Directory (November 2024),https://geoportal.statistics.gov.uk/search?q=NHS+Postcode+Directory+%28November+2024%29,https://geoportal.statistics.gov.uk/search?q=NHS+Postcode+Directory+%28November+2024%29,200,True,,432
inq-0515,NHS Postcode Directory (August 2024),https://geoportal.statistics.gov.uk/search?q=NHS+Postcode+Directory+%28August+2024%29,https://geoportal.statistics.gov.uk/search?q=NHS+Postcode+Directory+%28August+2024%29,200,True,,426
inq-0516,NHS Postcode Directory (May 2024),https://geoportal.statistics.gov.uk/search?q=NHS+Postcode+Directory+%28May+2024%29,https://geoportal.statistics.gov.uk/search?q=NHS+Postcode+Directory+%28May+2024%29,200,True,,421
inq-0517,NHS Postcode Directory (August 2021),https://geoportal.statistics.gov.uk/search?q=NHS+Postcode+Directory+%28August+2021%29,https://geoportal.statistics.gov.uk/search?q=NHS+Postcode+Directory+%28August+2021%29,200,True,,425
inq-0518,National Statistics UPRN Lookup (June 2026),https://geoportal.statistics.gov.uk/search?q=National+Statistics+UPRN+Lookup+%28June+2026%29,https://geoportal.statistics.gov.uk/search?q=National+Statistics+UPRN+Lookup+%28June+2026%29,200,True,,438
inq-0519,National Statistics UPRN Lookup (December 2025),https://geoportal.statistics.gov.uk/search?q=National+Statistics+UPRN+Lookup+%28December+2025%29,https://geoportal.statistics.gov.uk/search?q=National+Statistics+UPRN+Lookup+%28December+2025%29,200,True,,433
inq-0520,National Statistics UPRN Lookup (November 2025),https://geoportal.statistics.gov.uk/search?q=National+Statistics+UPRN+Lookup+%28November+2025%29,https://geoportal.statistics.gov.uk/search?q=National+Statistics+UPRN+Lookup+%28November+2025%29,200,True,,435
inq-0521,National Statistics UPRN Lookup (October 2025),https://geoportal.statistics.gov.uk/search?q=National+Statistics+UPRN+Lookup+%28October+2025%29,https://geoportal.statistics.gov.uk/search?q=National+Statistics+UPRN+Lookup+%28October+2025%29,200,True,,438
inq-0522,National Statistics UPRN Lookup (August 2025),https://geoportal.statistics.gov.uk/search?q=National+Statistics+UPRN+Lookup+%28August+2025%29,https://geoportal.statistics.gov.uk/search?q=National+Statistics+UPRN+Lookup+%28August+2025%29,200,True,,426
inq-0523,National Statistics UPRN Lookup (July 2025),https://geoportal.statistics.gov.uk/search?q=National+Statistics+UPRN+Lookup+%28July+2025%29,https://geoportal.statistics.gov.uk/search?q=National+Statistics+UPRN+Lookup+%28July+2025%29,200,True,,431
inq-0524,National Statistics UPRN Lookup (May 2025),https://geoportal.statistics.gov.uk/search?q=National+Statistics+UPRN+Lookup+%28May+2025%29,https://geoportal.statistics.gov.uk/search?q=National+Statistics+UPRN+Lookup+%28May+2025%29,200,True,,443
inq-0525,National Statistics UPRN Lookup (April 2025),https://geoportal.statistics.gov.uk/search?q=National+Statistics+UPRN+Lookup+%28April+2025%29,https://geoportal.statistics.gov.uk/search?q=National+Statistics+UPRN+Lookup+%28April+2025%29,200,True,,426
inq-0526,National Statistics UPRN Lookup (February 2025),https://geoportal.statistics.gov.uk/search?q=National+Statistics+UPRN+Lookup+%28February+2025%29,https://geoportal.statistics.gov.uk/search?q=National+Statistics+UPRN+Lookup+%28February+2025%29,200,True,,437
inq-0527,National Statistics UPRN Lookup (January 2025),https://geoportal.statistics.gov.uk/search?q=National+Statistics+UPRN+Lookup+%28January+2025%29,https://geoportal.statistics.gov.uk/search?q=National+Statistics+UPRN+Lookup+%28January+2025%29,200,True,,437
inq-0528,National Statistics UPRN Lookup (November 2024),https://geoportal.statistics.gov.uk/search?q=National+Statistics+UPRN+Lookup+%28November+2024%29,https://geoportal.statistics.gov.uk/search?q=National+Statistics+UPRN+Lookup+%28November+2024%29,200,True,,440
inq-0529,Code History Database (June 2026),https://geoportal.statistics.gov.uk/search?q=Code+History+Database+%28June+2026%29,https://geoportal.statistics.gov.uk/search?q=Code+History+Database+%28June+2026%29,200,True,,429
inq-0530,Register of Geographic Codes (June 2026),https://geoportal.statistics.gov.uk/search?q=Register+of+Geographic+Codes+%28June+2026%29,https://geoportal.statistics.gov.uk/search?q=Register+of+Geographic+Codes+%28June+2026%29,200,True,,436
inq-0531,Code History Database (December 2025),https://geoportal.statistics.gov.uk/search?q=Code+History+Database+%28December+2025%29,https://geoportal.statistics.gov.uk/search?q=Code+History+Database+%28December+2025%29,200,True,,421
inq-0532,Register of Geographic Codes (December 2025),https://geoportal.statistics.gov.uk/search?q=Register+of+Geographic+Codes+%28December+2025%29,https://geoportal.statistics.gov.uk/search?q=Register+of+Geographic+Codes+%28December+2025%29,200,True,,424
inq-0533,Code History Database (June 2025),https://geoportal.statistics.gov.uk/search?q=Code+History+Database+%28June+2025%29,https://geoportal.statistics.gov.uk/search?q=Code+History+Database+%28June+2025%29,200,True,,428
inq-0534,Register of Geographic Codes (June 2025),https://geoportal.statistics.gov.uk/search?q=Register+of+Geographic+Codes+%28June+2025%29,https://geoportal.statistics.gov.uk/search?q=Register+of+Geographic+Codes+%28June+2025%29,200,True,,435
inq-0535,Code History Database (December 2024),https://geoportal.statistics.gov.uk/search?q=Code+History+Database+%28December+2024%29,https://geoportal.statistics.gov.uk/search?q=Code+History+Database+%28December+2024%29,200,True,,422
inq-0536,Register of Geographic Codes (December 2024),https://geoportal.statistics.gov.uk/search?q=Register+of+Geographic+Codes+%28December+2024%29,https://geoportal.statistics.gov.uk/search?q=Register+of+Geographic+Codes+%28December+2024%29,200,True,,427
inq-0537,Code History Database (July 2024),https://geoportal.statistics.gov.uk/search?q=Code+History+Database+%28July+2024%29,https://geoportal.statistics.gov.uk/search?q=Code+History+Database+%28July+2024%29,200,True,,421
inq-0538,Register of Geographic Codes (July 2024),https://geoportal.statistics.gov.uk/search?q=Register+of+Geographic+Codes+%28July+2024%29,https://geoportal.statistics.gov.uk/search?q=Register+of+Geographic+Codes+%28July+2024%29,200,True,,437
inq-0539,Code History Database (December 2023),https://geoportal.statistics.gov.uk/search?q=Code+History+Database+%28December+2023%29,https://geoportal.statistics.gov.uk/search?q=Code+History+Database+%28December+2023%29,200,True,,422
inq-0540,Register of Geographic Codes (December 2023),https://geoportal.statistics.gov.uk/search?q=Register+of+Geographic+Codes+%28December+2023%29,https://geoportal.statistics.gov.uk/search?q=Register+of+Geographic+Codes+%28December+2023%29,200,True,,428
inq-0541,Code History Database (May 2023),https://geoportal.statistics.gov.uk/search?q=Code+History+Database+%28May+2023%29,https://geoportal.statistics.gov.uk/search?q=Code+History+Database+%28May+2023%29,200,True,,427
inq-0542,Register of Geographic Codes (May 2023),https://geoportal.statistics.gov.uk/search?q=Register+of+Geographic+Codes+%28May+2023%29,https://geoportal.statistics.gov.uk/search?q=Register+of+Geographic+Codes+%28May+2023%29,200,True,,436
inq-0543,Rural Urban Classification – Clinical Commissioning Groups,https://geoportal.statistics.gov.uk/search?q=Rural+Urban+Classification+%E2%80%93+Clinical+Commissioning+Groups,https://geoportal.statistics.gov.uk/search?q=Rural+Urban+Classification+%E2%80%93+Clinical+Commissioning+Groups,200,True,,432
inq-0544,Rural Urban Classification – Counties,https://geoportal.statistics.gov.uk/search?q=Rural+Urban+Classification+%E2%80%93+Counties,https://geoportal.statistics.gov.uk/search?q=Rural+Urban+Classification+%E2%80%93+Counties,200,True,,431
inq-0545,Rural Urban Classification – Local Authority Districts 2024,https://geoportal.statistics.gov.uk/search?q=Rural+Urban+Classification+%E2%80%93+Local+Authority+Districts+2024,https://geoportal.statistics.gov.uk/search?q=Rural+Urban+Classification+%E2%80%93+Local+Authority+Districts+2024,200,True,,432
inq-0546,Rural Urban Classification – Local Authority Districts 2021,https://geoportal.statistics.gov.uk/search?q=Rural+Urban+Classification+%E2%80%93+Local+Authority+Districts+2021,https://geoportal.statistics.gov.uk/search?q=Rural+Urban+Classification+%E2%80%93+Local+Authority+Districts+2021,200,True,,431
inq-0547,Rural Urban Classification – Lower Layer Super Output Areas 2021,https://geoportal.statistics.gov.uk/search?q=Rural+Urban+Classification+%E2%80%93+Lower+Layer+Super+Output+Areas+2021,https://geoportal.statistics.gov.uk/search?q=Rural+Urban+Classification+%E2%80%93+Lower+Layer+Super+Output+Areas+2021,200,True,,431
inq-0548,Rural Urban Classification – Lower Layer Super Output Areas,https://geoportal.statistics.gov.uk/search?q=Rural+Urban+Classification+%E2%80%93+Lower+Layer+Super+Output+Areas,https://geoportal.statistics.gov.uk/search?q=Rural+Urban+Classification+%E2%80%93+Lower+Layer+Super+Output+Areas,200,True,,423
inq-0549,Rural Urban Classification – Middle Layer Super Output Areas 2021,https://geoportal.statistics.gov.uk/search?q=Rural+Urban+Classification+%E2%80%93+Middle+Layer+Super+Output+Areas+2021,https://geoportal.statistics.gov.uk/search?q=Rural+Urban+Classification+%E2%80%93+Middle+Layer+Super+Output+Areas+2021,200,True,,421
inq-0550,Rural Urban Classification – Middle Layer Super Output Areas,https://geoportal.statistics.gov.uk/search?q=Rural+Urban+Classification+%E2%80%93+Middle+Layer+Super+Output+Areas,https://geoportal.statistics.gov.uk/search?q=Rural+Urban+Classification+%E2%80%93+Middle+Layer+Super+Output+Areas,200,True,,426
inq-0551,Rural Urban Classification – NUTS 3,https://geoportal.statistics.gov.uk/search?q=Rural+Urban+Classification+%E2%80%93+NUTS+3,https://geoportal.statistics.gov.uk/search?q=Rural+Urban+Classification+%E2%80%93+NUTS+3,200,True,,436
inq-0552,Rural Urban Classification – Output Areas 2021,https://geoportal.statistics.gov.uk/search?q=Rural+Urban+Classification+%E2%80%93+Output+Areas+2021,https://geoportal.statistics.gov.uk/search?q=Rural+Urban+Classification+%E2%80%93+Output+Areas+2021,200,True,,431
inq-0553,Rural Urban Classification – Output Areas,https://geoportal.statistics.gov.uk/search?q=Rural+Urban+Classification+%E2%80%93+Output+Areas,https://geoportal.statistics.gov.uk/search?q=Rural+Urban+Classification+%E2%80%93+Output+Areas,200,True,,435
inq-0554,Rural Urban Classification – Parliamentary Constituencies,https://geoportal.statistics.gov.uk/search?q=Rural+Urban+Classification+%E2%80%93+Parliamentary+Constituencies,https://geoportal.statistics.gov.uk/search?q=Rural+Urban+Classification+%E2%80%93+Parliamentary+Constituencies,200,True,,432
inq-0555,Rural Urban Classification – Senedd Constituencies,https://geoportal.statistics.gov.uk/search?q=Rural+Urban+Classification+%E2%80%93+Senedd+Constituencies,https://geoportal.statistics.gov.uk/search?q=Rural+Urban+Classification+%E2%80%93+Senedd+Constituencies,200,True,,429
inq-0556,Rural Urban Classification – Upper Tier Local Authorities,https://geoportal.statistics.gov.uk/search?q=Rural+Urban+Classification+%E2%80%93+Upper+Tier+Local+Authorities,https://geoportal.statistics.gov.uk/search?q=Rural+Urban+Classification+%E2%80%93+Upper+Tier+Local+Authorities,200,True,,455
inq-0557,Rural Urban Classification – Wards,https://geoportal.statistics.gov.uk/search?q=Rural+Urban+Classification+%E2%80%93+Wards,https://geoportal.statistics.gov.uk/search?q=Rural+Urban+Classification+%E2%80%93+Wards,200,True,,433
inq-0558,Standard Area Measurements – Administrative,https://geoportal.statistics.gov.uk/search?q=Standard+Area+Measurements+%E2%80%93+Administrative,https://geoportal.statistics.gov.uk/search?q=Standard+Area+Measurements+%E2%80%93+Administrative,200,True,,454
inq-0559,Standard Area Measurements – 2021 Census,https://geoportal.statistics.gov.uk/search?q=Standard+Area+Measurements+%E2%80%93+2021+Census,https://geoportal.statistics.gov.uk/search?q=Standard+Area+Measurements+%E2%80%93+2021+Census,200,True,,454
inq-0560,Standard Area Measurements – 2011 Census,https://geoportal.statistics.gov.uk/search?q=Standard+Area+Measurements+%E2%80%93+2011+Census,https://geoportal.statistics.gov.uk/search?q=Standard+Area+Measurements+%E2%80%93+2011+Census,200,True,,431
inq-0561,Standard Area Measurements – Electoral,https://geoportal.statistics.gov.uk/search?q=Standard+Area+Measurements+%E2%80%93+Electoral,https://geoportal.statistics.gov.uk/search?q=Standard+Area+Measurements+%E2%80%93+Electoral,200,True,,432
inq-0562,Standard Area Measurements – Eurostat/OECD,https://geoportal.statistics.gov.uk/search?q=Standard+Area+Measurements+%E2%80%93+Eurostat%2FOECD,https://geoportal.statistics.gov.uk/search?q=Standard+Area+Measurements+%E2%80%93+Eurostat%2FOECD,200,True,,432
inq-0563,Standard Area Measurements – Health,https://geoportal.statistics.gov.uk/search?q=Standard+Area+Measurements+%E2%80%93+Health,https://geoportal.statistics.gov.uk/search?q=Standard+Area+Measurements+%E2%80%93+Health,200,True,,450
inq-0564,Standard Area Measurements – Local Enterprise Partnerships,https://geoportal.statistics.gov.uk/search?q=Standard+Area+Measurements+%E2%80%93+Local+Enterprise+Partnerships,https://geoportal.statistics.gov.uk/search?q=Standard+Area+Measurements+%E2%80%93+Local+Enterprise+Partnerships,200,True,,428
inq-0565,Standard Area Measurements – National Parks,https://geoportal.statistics.gov.uk/search?q=Standard+Area+Measurements+%E2%80%93+National+Parks,https://geoportal.statistics.gov.uk/search?q=Standard+Area+Measurements+%E2%80%93+National+Parks,200,True,,424
inq-0566,Standard Area Measurements – Parishes and Non-Civil Parished Areas,https://geoportal.statistics.gov.uk/search?q=Standard+Area+Measurements+%E2%80%93+Parishes+and+Non-Civil+Parished+Areas,https://geoportal.statistics.gov.uk/search?q=Standard+Area+Measurements+%E2%80%93+Parishes+and+Non-Civil+Parished+Areas,200,True,,430
inq-0567,Standard Area Measurements – 2011 Travel to Work Areas,https://geoportal.statistics.gov.uk/search?q=Standard+Area+Measurements+%E2%80%93+2011+Travel+to+Work+Areas,https://geoportal.statistics.gov.uk/search?q=Standard+Area+Measurements+%E2%80%93+2011+Travel+to+Work+Areas,200,True,,422
inq-0568,1:250 000 Scale Colour Raster,https://www.ordnancesurvey.co.uk/products/open-data,https://www.ordnancesurvey.co.uk/products/open-data,200,True,,212
inq-0569,Boundary-Line,https://www.ordnancesurvey.co.uk/products/boundary-line,https://www.ordnancesurvey.co.uk/products/boundary-line,200,True,,348
inq-0570,Code-Point Open,https://www.ordnancesurvey.co.uk/products/code-point-open,https://www.ordnancesurvey.co.uk/products/code-point-open,200,True,,285
inq-0571,GB Overview Maps,https://www.ordnancesurvey.co.uk/products/open-data,https://www.ordnancesurvey.co.uk/products/open-data,200,True,,212
inq-0572,MiniScale,https://www.ordnancesurvey.co.uk/products/miniscale,https://www.ordnancesurvey.co.uk/products/miniscale,200,True,,211
inq-0573,OS Open Built Up Areas,https://www.ordnancesurvey.co.uk/products/os-open-built-up-areas,https://www.ordnancesurvey.co.uk/products/os-open-built-up-areas,200,True,,223
inq-0574,OS Open Greenspace,https://www.ordnancesurvey.co.uk/products/os-open-greenspace,https://www.ordnancesurvey.co.uk/products/os-open-greenspace,200,True,,231
inq-0575,OS Open Linked Identifiers,https://www.ordnancesurvey.co.uk/products/os-open-linked-identifiers,https://www.ordnancesurvey.co.uk/products/os-open-linked-identifiers,200,True,,201
inq-0576,OS Open Names,https://www.ordnancesurvey.co.uk/products/os-open-names,https://www.ordnancesurvey.co.uk/products/os-open-names,200,True,,206
inq-0577,OS Open Rivers,https://www.ordnancesurvey.co.uk/products/os-open-rivers,https://www.ordnancesurvey.co.uk/products/os-open-rivers,200,True,,198
inq-0578,OS Open Roads,https://www.ordnancesurvey.co.uk/products/os-open-roads,https://www.ordnancesurvey.co.uk/products/os-open-roads,200,True,,190
inq-0579,OS Open TOID,https://www.ordnancesurvey.co.uk/products/os-open-toid,https://www.ordnancesurvey.co.uk/products/os-open-toid,200,True,,174
inq-0580,OS Open UPRN,https://www.ordnancesurvey.co.uk/products/os-open-uprn,https://www.ordnancesurvey.co.uk/products/os-open-uprn,200,True,,205
inq-0581,OS Open USRN,https://www.ordnancesurvey.co.uk/products/os-open-usrn,https://www.ordnancesurvey.co.uk/products/os-open-usrn,200,True,,195
inq-0582,OS Open Zoomstack,https://www.ordnancesurvey.co.uk/products/os-open-zoomstack,https://www.ordnancesurvey.co.uk/products/os-open-zoomstack,200,True,,152
inq-0583,OS OpenMap – Local,https://www.ordnancesurvey.co.uk/products/open-data,https://www.ordnancesurvey.co.uk/products/open-data,200,True,,212
inq-0584,OS Terrain 50,https://www.ordnancesurvey.co.uk/products/os-terrain-50,https://www.ordnancesurvey.co.uk/products/os-terrain-50,200,True,,162
inq-0585,OS VectorMap District,https://www.ordnancesurvey.co.uk/products/os-vectormap-district,https://www.ordnancesurvey.co.uk/products/os-vectormap-district,200,True,,138
inq-0586,OS MasterMap Topography Layer,https://www.ordnancesurvey.co.uk/products/search-for-os-products,https://www.ordnancesurvey.co.uk/products/search-for-os-products,200,True,,136
inq-0587,OS MasterMap Building Height Attribute,https://www.ordnancesurvey.co.uk/products/search-for-os-products,https://www.ordnancesurvey.co.uk/products/search-for-os-products,200,True,,136
inq-0588,OS Building Features,https://www.ordnancesurvey.co.uk/products/search-for-os-products,https://www.ordnancesurvey.co.uk/products/search-for-os-products,200,True,,136
inq-0589,OS Structure Features,https://www.ordnancesurvey.co.uk/products/search-for-os-products,https://www.ordnancesurvey.co.uk/products/search-for-os-products,200,True,,136
inq-0590,OS MasterMap Sites Layer,https://www.ordnancesurvey.co.uk/products/search-for-os-products,https://www.ordnancesurvey.co.uk/products/search-for-os-products,200,True,,136
inq-0591,OS Land Use Features,https://www.ordnancesurvey.co.uk/products/search-for-os-products,https://www.ordnancesurvey.co.uk/products/search-for-os-products,200,True,,136
inq-0592,OS Transport Network,https://www.ordnancesurvey.co.uk/products/search-for-os-products,https://www.ordnancesurvey.co.uk/products/search-for-os-products,200,True,,136
inq-0593,OS MasterMap Highways Network - Roads,https://www.ordnancesurvey.co.uk/products/search-for-os-products,https://www.ordnancesurvey.co.uk/products/search-for-os-products,200,True,,136
inq-0594,AddressBase Premium,https://www.ordnancesurvey.co.uk/products/search-for-os-products,https://www.ordnancesurvey.co.uk/products/search-for-os-products,200,True,,136
inq-0595,OS GB Postcodes,https://www.ordnancesurvey.co.uk/products/search-for-os-products,https://www.ordnancesurvey.co.uk/products/search-for-os-products,200,True,,136
inq-0596,Listed Buildings – polygons,https://historicengland.org.uk/listing/the-list/data-downloads/,https://historicengland.org.uk/listing/the-list/data-downloads/,200,True,,145
inq-0597,Listed Buildings – points,https://historicengland.org.uk/listing/the-list/data-downloads/,https://historicengland.org.uk/listing/the-list/data-downloads/,200,True,,145
inq-0598,Building Preservation Notices – polygons,https://historicengland.org.uk/listing/the-list/data-downloads/,https://historicengland.org.uk/listing/the-list/data-downloads/,200,True,,145
inq-0599,Building Preservation Notices – points,https://historicengland.org.uk/listing/the-list/data-downloads/,https://historicengland.org.uk/listing/the-list/data-downloads/,200,True,,145
inq-0600,Certificates of Immunity – polygons,https://historicengland.org.uk/listing/the-list/data-downloads/,https://historicengland.org.uk/listing/the-list/data-downloads/,200,True,,145
inq-0601,Certificates of Immunity – points,https://historicengland.org.uk/listing/the-list/data-downloads/,https://historicengland.org.uk/listing/the-list/data-downloads/,200,True,,145
inq-0602,Scheduled Monuments,https://historicengland.org.uk/listing/the-list/data-downloads/,https://historicengland.org.uk/listing/the-list/data-downloads/,200,True,,145
inq-0603,Registered Parks and Gardens,https://historicengland.org.uk/listing/the-list/data-downloads/,https://historicengland.org.uk/listing/the-list/data-downloads/,200,True,,145
inq-0604,Registered Battlefields,https://historicengland.org.uk/listing/the-list/data-downloads/,https://historicengland.org.uk/listing/the-list/data-downloads/,200,True,,145
inq-0605,Protected Wrecks,https://historicengland.org.uk/listing/the-list/data-downloads/,https://historicengland.org.uk/listing/the-list/data-downloads/,200,True,,145
inq-0606,World Heritage Sites,https://historicengland.org.uk/listing/the-list/data-downloads/,https://historicengland.org.uk/listing/the-list/data-downloads/,200,True,,145
inq-0607,De-Designated Sites,https://historicengland.org.uk/listing/the-list/data-downloads/,https://historicengland.org.uk/listing/the-list/data-downloads/,200,True,,145
inq-0608,Conservation Areas,https://historicengland.org.uk/listing/the-list/data-downloads/,https://historicengland.org.uk/listing/the-list/data-downloads/,200,True,,145
inq-0609,Heritage at Risk Register,https://historicengland.org.uk/listing/the-list/data-downloads/,https://historicengland.org.uk/listing/the-list/data-downloads/,200,True,,145
inq-0610,Greater London Archaeological Priority Areas,https://historicengland.org.uk/listing/the-list/data-downloads/,https://historicengland.org.uk/listing/the-list/data-downloads/,200,True,,145
inq-0611,Aerial Investigation Mapping,https://historicengland.org.uk/listing/the-list/data-downloads/,https://historicengland.org.uk/listing/the-list/data-downloads/,200,True,,145
inq-0612,LIDAR Composite Digital Terrain Model (DTM) – 1m,https://environment.data.gov.uk/dataset/13787b9a-26a4-4775-8523-806d13af58fc,https://environment.data.gov.uk/dataset/13787b9a-26a4-4775-8523-806d13af58fc,200,True,,2043
inq-0613,Flood Map for Planning – Flood Zones,https://environment.data.gov.uk/dataset/04532375-a198-476e-985e-0579a0a11b47,https://environment.data.gov.uk/dataset/04532375-a198-476e-985e-0579a0a11b47,200,True,,1775
inq-0614,Rivers and Sea 1in30 defended flood risk depths – present day,https://environment.data.gov.uk/dataset/767c96e6-b149-4744-9d4d-34b32f6c0e1b,https://environment.data.gov.uk/dataset/767c96e6-b149-4744-9d4d-34b32f6c0e1b,200,True,,1721
inq-0615,Rivers and Sea 1in30 defended flood risk depths – climate change,https://environment.data.gov.uk/dataset/defaf0fb-8574-46c6-bb2e-e6eb1a5e467a,https://environment.data.gov.uk/dataset/defaf0fb-8574-46c6-bb2e-e6eb1a5e467a,200,True,,1776
inq-0616,LIDAR Composite Digital Surface Model (DSM) – 1m,https://environment.data.gov.uk/,https://environment.data.gov.uk/,200,True,,403
inq-0617,LIDAR Composite DTM – 2m,https://environment.data.gov.uk/,https://environment.data.gov.uk/,200,True,,403
inq-0618,LIDAR Composite DSM – 2m,https://environment.data.gov.uk/,https://environment.data.gov.uk/,200,True,,403
inq-0619,Risk of Flooding from Rivers and Sea,https://environment.data.gov.uk/,https://environment.data.gov.uk/,200,True,,403
inq-0620,Risk of Flooding from Surface Water,https://environment.data.gov.uk/,https://environment.data.gov.uk/,200,True,,403
inq-0621,Historic Flood Map,https://environment.data.gov.uk/,https://environment.data.gov.uk/,200,True,,403
inq-0622,Recorded Flood Outlines,https://environment.data.gov.uk/,https://environment.data.gov.uk/,200,True,,403
inq-0623,Flood Defences,https://environment.data.gov.uk/,https://environment.data.gov.uk/,200,True,,403
inq-0624,Areas Benefiting from Flood Defences,https://environment.data.gov.uk/,https://environment.data.gov.uk/,200,True,,403
inq-0625,Main River Map,https://environment.data.gov.uk/,https://environment.data.gov.uk/,200,True,,403
inq-0626,Water Framework Directive River Waterbodies,https://environment.data.gov.uk/,https://environment.data.gov.uk/,200,True,,403
inq-0627,Air Quality monitoring / environmental data catalogue family,https://environment.data.gov.uk/,https://environment.data.gov.uk/,200,True,,403
inq-0628,HM Land Registry Price Paid Data – 1995,https://www.gov.uk/government/statistical-data-sets/price-paid-data-yearly-file,https://www.gov.uk/government/statistical-data-sets/price-paid-data-yearly-file,200,True,,151
inq-0629,HM Land Registry Price Paid Data – 1996,https://www.gov.uk/government/statistical-data-sets/price-paid-data-yearly-file,https://www.gov.uk/government/statistical-data-sets/price-paid-data-yearly-file,200,True,,151
inq-0630,HM Land Registry Price Paid Data – 1997,https://www.gov.uk/government/statistical-data-sets/price-paid-data-yearly-file,https://www.gov.uk/government/statistical-data-sets/price-paid-data-yearly-file,200,True,,151
inq-0631,HM Land Registry Price Paid Data – 1998,https://www.gov.uk/government/statistical-data-sets/price-paid-data-yearly-file,https://www.gov.uk/government/statistical-data-sets/price-paid-data-yearly-file,200,True,,151
inq-0632,HM Land Registry Price Paid Data – 1999,https://www.gov.uk/government/statistical-data-sets/price-paid-data-yearly-file,https://www.gov.uk/government/statistical-data-sets/price-paid-data-yearly-file,200,True,,151
inq-0633,HM Land Registry Price Paid Data – 2000,https://www.gov.uk/government/statistical-data-sets/price-paid-data-yearly-file,https://www.gov.uk/government/statistical-data-sets/price-paid-data-yearly-file,200,True,,151
inq-0634,HM Land Registry Price Paid Data – 2001,https://www.gov.uk/government/statistical-data-sets/price-paid-data-yearly-file,https://www.gov.uk/government/statistical-data-sets/price-paid-data-yearly-file,200,True,,151
inq-0635,HM Land Registry Price Paid Data – 2002,https://www.gov.uk/government/statistical-data-sets/price-paid-data-yearly-file,https://www.gov.uk/government/statistical-data-sets/price-paid-data-yearly-file,200,True,,151
inq-0636,HM Land Registry Price Paid Data – 2003,https://www.gov.uk/government/statistical-data-sets/price-paid-data-yearly-file,https://www.gov.uk/government/statistical-data-sets/price-paid-data-yearly-file,200,True,,151
inq-0637,HM Land Registry Price Paid Data – 2004,https://www.gov.uk/government/statistical-data-sets/price-paid-data-yearly-file,https://www.gov.uk/government/statistical-data-sets/price-paid-data-yearly-file,200,True,,151
inq-0638,HM Land Registry Price Paid Data – 2005,https://www.gov.uk/government/statistical-data-sets/price-paid-data-yearly-file,https://www.gov.uk/government/statistical-data-sets/price-paid-data-yearly-file,200,True,,151
inq-0639,HM Land Registry Price Paid Data – 2006,https://www.gov.uk/government/statistical-data-sets/price-paid-data-yearly-file,https://www.gov.uk/government/statistical-data-sets/price-paid-data-yearly-file,200,True,,151
inq-0640,HM Land Registry Price Paid Data – 2007,https://www.gov.uk/government/statistical-data-sets/price-paid-data-yearly-file,https://www.gov.uk/government/statistical-data-sets/price-paid-data-yearly-file,200,True,,151
inq-0641,HM Land Registry Price Paid Data – 2008,https://www.gov.uk/government/statistical-data-sets/price-paid-data-yearly-file,https://www.gov.uk/government/statistical-data-sets/price-paid-data-yearly-file,200,True,,151
inq-0642,HM Land Registry Price Paid Data – 2009,https://www.gov.uk/government/statistical-data-sets/price-paid-data-yearly-file,https://www.gov.uk/government/statistical-data-sets/price-paid-data-yearly-file,200,True,,151
inq-0643,HM Land Registry Price Paid Data – 2010,https://www.gov.uk/government/statistical-data-sets/price-paid-data-yearly-file,https://www.gov.uk/government/statistical-data-sets/price-paid-data-yearly-file,200,True,,151
inq-0644,HM Land Registry Price Paid Data – 2011,https://www.gov.uk/government/statistical-data-sets/price-paid-data-yearly-file,https://www.gov.uk/government/statistical-data-sets/price-paid-data-yearly-file,200,True,,151
inq-0645,HM Land Registry Price Paid Data – 2012,https://www.gov.uk/government/statistical-data-sets/price-paid-data-yearly-file,https://www.gov.uk/government/statistical-data-sets/price-paid-data-yearly-file,200,True,,151
inq-0646,HM Land Registry Price Paid Data – 2013,https://www.gov.uk/government/statistical-data-sets/price-paid-data-yearly-file,https://www.gov.uk/government/statistical-data-sets/price-paid-data-yearly-file,200,True,,151
inq-0647,HM Land Registry Price Paid Data – 2014,https://www.gov.uk/government/statistical-data-sets/price-paid-data-yearly-file,https://www.gov.uk/government/statistical-data-sets/price-paid-data-yearly-file,200,True,,151
inq-0648,HM Land Registry Price Paid Data – 2015,https://www.gov.uk/government/statistical-data-sets/price-paid-data-yearly-file,https://www.gov.uk/government/statistical-data-sets/price-paid-data-yearly-file,200,True,,151
inq-0649,HM Land Registry Price Paid Data – 2016,https://www.gov.uk/government/statistical-data-sets/price-paid-data-yearly-file,https://www.gov.uk/government/statistical-data-sets/price-paid-data-yearly-file,200,True,,151
inq-0650,HM Land Registry Price Paid Data – 2017,https://www.gov.uk/government/statistical-data-sets/price-paid-data-yearly-file,https://www.gov.uk/government/statistical-data-sets/price-paid-data-yearly-file,200,True,,151
inq-0651,HM Land Registry Price Paid Data – 2018,https://www.gov.uk/government/statistical-data-sets/price-paid-data-yearly-file,https://www.gov.uk/government/statistical-data-sets/price-paid-data-yearly-file,200,True,,151
inq-0652,HM Land Registry Price Paid Data – 2019,https://www.gov.uk/government/statistical-data-sets/price-paid-data-yearly-file,https://www.gov.uk/government/statistical-data-sets/price-paid-data-yearly-file,200,True,,151
inq-0653,HM Land Registry Price Paid Data – 2020,https://www.gov.uk/government/statistical-data-sets/price-paid-data-yearly-file,https://www.gov.uk/government/statistical-data-sets/price-paid-data-yearly-file,200,True,,151
inq-0654,HM Land Registry Price Paid Data – 2021,https://www.gov.uk/government/statistical-data-sets/price-paid-data-yearly-file,https://www.gov.uk/government/statistical-data-sets/price-paid-data-yearly-file,200,True,,151
inq-0655,HM Land Registry Price Paid Data – 2022,https://www.gov.uk/government/statistical-data-sets/price-paid-data-yearly-file,https://www.gov.uk/government/statistical-data-sets/price-paid-data-yearly-file,200,True,,151
inq-0656,HM Land Registry Price Paid Data – 2023,https://www.gov.uk/government/statistical-data-sets/price-paid-data-yearly-file,https://www.gov.uk/government/statistical-data-sets/price-paid-data-yearly-file,200,True,,151
inq-0657,HM Land Registry Price Paid Data – 2024,https://www.gov.uk/government/statistical-data-sets/price-paid-data-yearly-file,https://www.gov.uk/government/statistical-data-sets/price-paid-data-yearly-file,200,True,,151
inq-0658,HM Land Registry Price Paid Data – 2025,https://www.gov.uk/government/statistical-data-sets/price-paid-data-yearly-file,https://www.gov.uk/government/statistical-data-sets/price-paid-data-yearly-file,200,True,,151
inq-0659,HM Land Registry Price Paid Data – 2026,https://www.gov.uk/government/statistical-data-sets/price-paid-data-yearly-file,https://www.gov.uk/government/statistical-data-sets/price-paid-data-yearly-file,200,True,,151
inq-0660,Price Paid Data – complete single file,https://www.gov.uk/government/statistical-data-sets/price-paid-data-single-file,https://www.gov.uk/government/statistical-data-sets/price-paid-data-single-file,200,True,,140
inq-0661,Transaction unique identifier and UPRN Look Up Table dataset,https://www.gov.uk/government/statistical-data-sets/price-paid-data-downloads,https://www.gov.uk/government/statistical-data-sets/price-paid-data-downloads,200,True,,185
inq-0662,Transaction unique identifier and INSPIRE ID Look Up Table dataset,https://www.gov.uk/government/statistical-data-sets/price-paid-data-downloads,https://www.gov.uk/government/statistical-data-sets/price-paid-data-downloads,200,True,,185
inq-0663,Subnational electricity consumption – local authority,https://www.gov.uk/government/collections/sub-national-electricity-consumption-data,https://www.gov.uk/government/collections/sub-national-electricity-consumption-data,200,True,,199
inq-0664,Subnational electricity consumption – LSOA/MSOA,https://www.gov.uk/government/collections/sub-national-electricity-consumption-data,https://www.gov.uk/government/collections/sub-national-electricity-consumption-data,200,True,,199
inq-0665,Subnational electricity consumption – postcode,https://www.gov.uk/government/collections/sub-national-electricity-consumption-data,https://www.gov.uk/government/collections/sub-national-electricity-consumption-data,200,True,,199
inq-0666,Prepayment electricity meter statistics,https://www.gov.uk/government/collections/sub-national-electricity-consumption-data,https://www.gov.uk/government/collections/sub-national-electricity-consumption-data,200,True,,199
inq-0667,Subnational gas consumption – local authority,https://www.gov.uk/government/collections/sub-national-gas-consumption-data,https://www.gov.uk/government/collections/sub-national-gas-consumption-data,200,True,,175
inq-0668,Subnational gas consumption – LSOA/MSOA,https://www.gov.uk/government/collections/sub-national-gas-consumption-data,https://www.gov.uk/government/collections/sub-national-gas-consumption-data,200,True,,175
inq-0669,Subnational gas consumption – postcode,https://www.gov.uk/government/collections/sub-national-gas-consumption-data,https://www.gov.uk/government/collections/sub-national-gas-consumption-data,200,True,,175
inq-0670,Households without mains gas,https://www.gov.uk/government/collections/sub-national-gas-consumption-data,https://www.gov.uk/government/collections/sub-national-gas-consumption-data,200,True,,175
inq-0671,Domestic Energy Performance Certificates – England and Wales,https://get-energy-performance-data.communities.gov.uk/,https://get-energy-performance-data.communities.gov.uk/,200,True,,119
inq-0672,Non-domestic Energy Performance Certificates – England and Wales,https://get-energy-performance-data.communities.gov.uk/,https://get-energy-performance-data.communities.gov.uk/,200,True,,119
inq-0673,Display Energy Certificates – England and Wales,https://get-energy-performance-data.communities.gov.uk/,https://get-energy-performance-data.communities.gov.uk/,200,True,,119
inq-0674,"English Housing Survey – dwelling condition, security and fire safety",https://www.gov.uk/government/collections/english-housing-survey,https://www.gov.uk/government/collections/english-housing-survey,200,True,,269
inq-0675,English Housing Survey – energy efficiency,https://www.gov.uk/government/collections/english-housing-survey,https://www.gov.uk/government/collections/english-housing-survey,200,True,,269
inq-0676,English Housing Survey – household characteristics,https://www.gov.uk/government/collections/english-housing-survey,https://www.gov.uk/government/collections/english-housing-survey,200,True,,269
inq-0677,English Housing Survey – housing costs and affordability,https://www.gov.uk/government/collections/english-housing-survey,https://www.gov.uk/government/collections/english-housing-survey,200,True,,269
inq-0678,English Housing Survey – tenure and demographics,https://www.gov.uk/government/collections/english-housing-survey,https://www.gov.uk/government/collections/english-housing-survey,200,True,,269
inq-0679,English Housing Survey – damp and mould,https://www.gov.uk/government/collections/english-housing-survey,https://www.gov.uk/government/collections/english-housing-survey,200,True,,269
inq-0680,English Housing Survey – Decent Homes,https://www.gov.uk/government/collections/english-housing-survey,https://www.gov.uk/government/collections/english-housing-survey,200,True,,269
inq-0681,English Housing Survey – accessibility and adaptations,https://www.gov.uk/government/collections/english-housing-survey,https://www.gov.uk/government/collections/english-housing-survey,200,True,,269
inq-0682,English Housing Survey – private rented sector,https://www.gov.uk/government/collections/english-housing-survey,https://www.gov.uk/government/collections/english-housing-survey,200,True,,269
inq-0683,English Housing Survey – social rented sector,https://www.gov.uk/government/collections/english-housing-survey,https://www.gov.uk/government/collections/english-housing-survey,200,True,,269
inq-0684,Index of Multiple Deprivation 2025,https://www.gov.uk/government/statistics/english-indices-of-deprivation-2025,https://www.gov.uk/government/statistics/english-indices-of-deprivation-2025,200,True,,185
inq-0685,Income Deprivation Domain 2025,https://www.gov.uk/government/statistics/english-indices-of-deprivation-2025,https://www.gov.uk/government/statistics/english-indices-of-deprivation-2025,200,True,,185
inq-0686,Employment Deprivation Domain 2025,https://www.gov.uk/government/statistics/english-indices-of-deprivation-2025,https://www.gov.uk/government/statistics/english-indices-of-deprivation-2025,200,True,,185
inq-0687,Education Skills and Training Deprivation Domain 2025,https://www.gov.uk/government/statistics/english-indices-of-deprivation-2025,https://www.gov.uk/government/statistics/english-indices-of-deprivation-2025,200,True,,185
inq-0688,Health Deprivation and Disability Domain 2025,https://www.gov.uk/government/statistics/english-indices-of-deprivation-2025,https://www.gov.uk/government/statistics/english-indices-of-deprivation-2025,200,True,,185
inq-0689,Crime Domain 2025,https://www.gov.uk/government/statistics/english-indices-of-deprivation-2025,https://www.gov.uk/government/statistics/english-indices-of-deprivation-2025,200,True,,185
inq-0690,Barriers to Housing and Services Domain 2025,https://www.gov.uk/government/statistics/english-indices-of-deprivation-2025,https://www.gov.uk/government/statistics/english-indices-of-deprivation-2025,200,True,,185
inq-0691,Living Environment Deprivation Domain 2025,https://www.gov.uk/government/statistics/english-indices-of-deprivation-2025,https://www.gov.uk/government/statistics/english-indices-of-deprivation-2025,200,True,,185
inq-0692,Income Deprivation Affecting Children Index 2025,https://www.gov.uk/government/statistics/english-indices-of-deprivation-2025,https://www.gov.uk/government/statistics/english-indices-of-deprivation-2025,200,True,,185
inq-0693,Income Deprivation Affecting Older People Index 2025,https://www.gov.uk/government/statistics/english-indices-of-deprivation-2025,https://www.gov.uk/government/statistics/english-indices-of-deprivation-2025,200,True,,185
inq-0694,Road Traffic Average Annual Daily Flow,https://roadtraffic.dft.gov.uk/api/average-annual-daily-flow,https://roadtraffic.dft.gov.uk/api/average-annual-daily-flow,200,True,,450
inq-0695,Road Traffic Count Points,https://roadtraffic.dft.gov.uk/api/count-points,https://roadtraffic.dft.gov.uk/api/count-points,200,True,,243
inq-0696,Road Traffic Raw Counts,https://roadtraffic.dft.gov.uk/api/raw-counts,https://roadtraffic.dft.gov.uk/api/raw-counts,200,True,,1265
inq-0697,NaPTAN Public Transport Access Nodes,https://www.gov.uk/government/publications/national-public-transport-access-node-schema,https://www.gov.uk/government/publications/national-public-transport-access-node-schema,200,True,,154
inq-0698,Bus Open Data Service – timetables,https://www.gov.uk/government/collections/bus-open-data-service,https://www.gov.uk/government/collections/bus-open-data-service,200,True,,174
inq-0699,Bus Open Data Service – vehicle locations,https://www.gov.uk/government/collections/bus-open-data-service,https://www.gov.uk/government/collections/bus-open-data-service,200,True,,174
inq-0700,Bus Open Data Service – fares,https://www.gov.uk/government/collections/bus-open-data-service,https://www.gov.uk/government/collections/bus-open-data-service,200,True,,174
inq-0701,Public electric vehicle charging device statistics,https://www.gov.uk/government/collections/electric-vehicle-charging-infrastructure-statistics,https://www.gov.uk/government/collections/electric-vehicle-charging-infrastructure-statistics,200,True,,191
inq-0702,Police.uk Street-level crime,https://data.police.uk/docs/method/crime-street/,https://data.police.uk/docs/method/crime-street/,200,True,,265
inq-0703,Police.uk Crimes at a location,https://data.police.uk/docs/method/crimes-at-location/,https://data.police.uk/docs/method/crimes-at-location/,200,True,,252
inq-0704,Police.uk Stop and search by force,https://data.police.uk/docs/method/stops-force/,https://data.police.uk/docs/method/stops-force/,200,True,,278
inq-0705,Police.uk Crime categories,https://data.police.uk/docs/method/crime-categories/,https://data.police.uk/docs/method/crime-categories/,200,True,,353
inq-0706,Police.uk Crime data availability,https://data.police.uk/docs/method/crimes-street-dates/,https://data.police.uk/docs/method/crimes-street-dates/,200,True,,291
inq-0707,Wider Determinants – road casualties,https://fingertips.phe.org.uk/profile/wider-determinants/data,https://fingertips.phe.org.uk/profile/wider-determinants/data,200,True,,348
inq-0708,Wider Determinants – noise complaints,https://fingertips.phe.org.uk/profile/wider-determinants/data,https://fingertips.phe.org.uk/profile/wider-determinants/data,200,True,,348
inq-0709,Wider Determinants – population exposed to daytime transport noise,https://fingertips.phe.org.uk/profile/wider-determinants/data,https://fingertips.phe.org.uk/profile/wider-determinants/data,200,True,,348
inq-0710,Wider Determinants – population exposed to night-time transport noise,https://fingertips.phe.org.uk/profile/wider-determinants/data,https://fingertips.phe.org.uk/profile/wider-determinants/data,200,True,,348
inq-0711,Wider Determinants – Access to Healthy Assets & Hazards Index,https://fingertips.phe.org.uk/profile/wider-determinants/data,https://fingertips.phe.org.uk/profile/wider-determinants/data,200,True,,348
inq-0712,Wider Determinants – fast food outlets,https://fingertips.phe.org.uk/profile/wider-determinants/data,https://fingertips.phe.org.uk/profile/wider-determinants/data,200,True,,348
inq-0713,Wider Determinants – air pollution PM2.5,https://fingertips.phe.org.uk/profile/wider-determinants/data,https://fingertips.phe.org.uk/profile/wider-determinants/data,200,True,,348
inq-0714,Wider Determinants – affordability of home ownership,https://fingertips.phe.org.uk/profile/wider-determinants/data,https://fingertips.phe.org.uk/profile/wider-determinants/data,200,True,,348
inq-0715,Wider Determinants – fuel poverty,https://fingertips.phe.org.uk/profile/wider-determinants/data,https://fingertips.phe.org.uk/profile/wider-determinants/data,200,True,,348
inq-0716,Wider Determinants – natural and built environment indicators,https://fingertips.phe.org.uk/profile/wider-determinants/data,https://fingertips.phe.org.uk/profile/wider-determinants/data,200,True,,348
inq-0717,NISRA Census 2021 Data Zone boundaries,https://www.nisra.gov.uk/support/geography/data-zones-census-2021,https://www.nisra.gov.uk/support/geography/data-zones-census-2021,200,True,,256
inq-0718,NISRA Census 2021 Super Data Zone boundaries,https://www.nisra.gov.uk/support/geography/super-data-zones-census-2021,https://www.nisra.gov.uk/support/geography/super-data-zones-census-2021,200,True,,258
inq-0719,NISRA Census 2021 Grid Square 1km,https://www.nisra.gov.uk/publications/census-2021-grid-square-product-northern-ireland,https://www.nisra.gov.uk/publications/census-2021-grid-square-product-northern-ireland,200,True,,288
inq-0720,NISRA Census 2021 Grid Square 100m,https://www.nisra.gov.uk/publications/census-2021-grid-square-product-northern-ireland,https://www.nisra.gov.uk/publications/census-2021-grid-square-product-northern-ireland,200,True,,288
inq-0721,NISRA Central Postcode Directory,https://www.nisra.gov.uk/support/geography,https://www.nisra.gov.uk/support/geography,200,True,,279
inq-0722,NISRA Geography Lookups,https://www.nisra.gov.uk/support/geography/geography-lookups,https://www.nisra.gov.uk/support/geography/geography-lookups,200,True,,320
inq-0723,NISRA Census 2021 downloadable datasets,https://www.nisra.gov.uk/statistics/census/find-census-data-you-need,https://www.nisra.gov.uk/statistics/census/find-census-data-you-need,200,True,,283
inq-0724,NISRA Census 2011 downloadable datasets,https://www.nisra.gov.uk/statistics/census/find-census-data-you-need,https://www.nisra.gov.uk/statistics/census/find-census-data-you-need,200,True,,283
inq-0725,NISRA Census 2001 downloadable datasets,https://www.nisra.gov.uk/statistics/census/find-census-data-you-need,https://www.nisra.gov.uk/statistics/census/find-census-data-you-need,200,True,,283
inq-0726,Ordnance Survey Digimap,https://digimap.edina.ac.uk/help/our-maps-and-data/,https://digimap.edina.ac.uk/help/our-maps-and-data/,200,True,,344
inq-0727,Historic Digimap,https://digimap.edina.ac.uk/help/our-maps-and-data/,https://digimap.edina.ac.uk/help/our-maps-and-data/,200,True,,344
inq-0728,Geology Digimap,https://digimap.edina.ac.uk/help/our-maps-and-data/,https://digimap.edina.ac.uk/help/our-maps-and-data/,200,True,,344
inq-0729,Marine Digimap,https://digimap.edina.ac.uk/help/our-maps-and-data/,https://digimap.edina.ac.uk/help/our-maps-and-data/,200,True,,344
inq-0730,Environment Digimap,https://digimap.edina.ac.uk/help/our-maps-and-data/,https://digimap.edina.ac.uk/help/our-maps-and-data/,200,True,,344
inq-0731,Aerial Digimap,https://digimap.edina.ac.uk/help/our-maps-and-data/,https://digimap.edina.ac.uk/help/our-maps-and-data/,200,True,,344
inq-0732,LiDAR Digimap,https://digimap.edina.ac.uk/help/our-maps-and-data/,https://digimap.edina.ac.uk/help/our-maps-and-data/,200,True,,344
inq-0733,Global Digimap,https://digimap.edina.ac.uk/help/our-maps-and-data/,https://digimap.edina.ac.uk/help/our-maps-and-data/,200,True,,344
inq-0734,Society Digimap,https://digimap.edina.ac.uk/help/our-maps-and-data/,https://digimap.edina.ac.uk/help/our-maps-and-data/,200,True,,344
inq-0735,agCensus Digimap,https://digimap.edina.ac.uk/help/our-maps-and-data/,https://digimap.edina.ac.uk/help/our-maps-and-data/,200,True,,344
inq-0736,National Tree Map Digimap,https://digimap.edina.ac.uk/help/our-maps-and-data/,https://digimap.edina.ac.uk/help/our-maps-and-data/,200,True,,344
inq-0737,OS Northern Ireland Digimap,https://digimap.edina.ac.uk/help/our-maps-and-data/,https://digimap.edina.ac.uk/help/our-maps-and-data/,200,True,,344
inq-0738,Scottish House Condition Survey,https://www.gov.scot/collections/scottish-house-condition-survey/,https://www.gov.scot/collections/scottish-house-condition-survey/,200,True,,488
inq-0739,Scottish House Condition Survey Local Authority Tables 2022-2024,https://www.gov.scot/publications/scottish-house-condition-survey-local-authority-tables-2022-2024/,https://www.gov.scot/publications/scottish-house-condition-survey-local-authority-tables-2022-2024/,200,True,,315
inq-0740,Welsh Housing Conditions Survey,https://www.gov.wales/welsh-housing-conditions-survey,https://www.gov.wales/welsh-housing-conditions-survey,200,True,,358
inq-0741,Energy performance and the presence of hazards in dwellings,https://stats.gov.wales/en-GB/491241a0-aaaf-48bb-ad46-4a4ea2e3e792/start,https://stats.gov.wales/en-GB/491241a0-aaaf-48bb-ad46-4a4ea2e3e792/start,200,True,,271
inq-0742,Welsh Index of Multiple Deprivation 2025 housing-domain indicators,https://stats.gov.wales/en-GB/8c4e387a-d221-4a24-9fd4-50bdaacbe273,https://stats.gov.wales/en-GB/8c4e387a-d221-4a24-9fd4-50bdaacbe273,200,True,,465
inq-0743,UK greenhouse gas emissions: local authority and regional,https://www.data.gov.uk/dataset/723c243d-2f1a-4d27-8b61-cdb93e5b10ff/local_authority_carbon_dioxide_emissions,https://www.data.gov.uk/dataset/723c243d-2f1a-4d27-8b61-cdb93e5b10ff/local_authority_carbon_dioxide_emissions,200,True,,63
inq-0744,UK climate projections,https://www.data.gov.uk/collections/environment/climate-projections,https://www.data.gov.uk/collections/environment/climate-projections,200,True,,47
inq-0745,UKCP18 convection-permitting rainfall-event summaries,https://www.data.gov.uk/dataset/f4dc2240-1f45-4834-86fb-75fce65edc85/uk-climate-projections-2018-ukcp18-convection-permitting-model-cpm-and-empirical-copu-2060-2080,https://www.data.gov.uk/dataset/f4dc2240-1f45-4834-86fb-75fce65edc85/uk-climate-projections-2018-ukcp18-convection-permitting-model-cpm-and-empirical-copu-2060-2080,200,True,,117
inq-0746,UKCP18 climate projections and clay shrink-swell susceptibility,https://www.data.gov.uk/dataset/c90f8455-5ed7-4170-946a-d0de97acf9f9/ukcp18-climate-projections-and-clay-shrink-swell-susceptibility-premium,https://www.data.gov.uk/dataset/c90f8455-5ed7-4170-946a-d0de97acf9f9/ukcp18-climate-projections-and-clay-shrink-swell-susceptibility-premium,200,True,,200
inq-0747,UK Air Quality Measurements Bulk Data Download,https://www.data.gov.uk/dataset/bfaf890c-0ebc-42f7-954d-9cde251902a2/uk-air-quality-measurements-bulk-data-download,https://www.data.gov.uk/dataset/bfaf890c-0ebc-42f7-954d-9cde251902a2/uk-air-quality-measurements-bulk-data-download,200,True,,71
inq-0748,Air Quality Statistics,https://www.data.gov.uk/dataset/90768ec4-9e1d-43be-bdc0-36e47cc42d9a/air_quality_statistics,https://www.data.gov.uk/dataset/90768ec4-9e1d-43be-bdc0-36e47cc42d9a/air_quality_statistics,200,True,,57
inq-0749,Air quality,https://www.data.gov.uk/collections/environment/air-quality,https://www.data.gov.uk/collections/environment/air-quality,200,True,,99
inq-0750,ICP Forests Level II UK air-quality data,https://environment.data.gov.uk/dataset/ad0794ed-3184-4765-b173-b31959ef8272,https://environment.data.gov.uk/dataset/ad0794ed-3184-4765-b173-b31959ef8272,200,True,,2088
inq-0751,CS-N0W projected river-flow modelling outputs,https://environment.data.gov.uk/future-water/portal/modelling,https://environment.data.gov.uk/future-water/portal/modelling,200,True,,190
