id,title,publisher,source_portal,country,uk_nation,domain,subdomain,research_roles,methods_supported,spatial_scale,temporal_resolution,coverage,formats,access_type,licence,authority_level,landing_url,link_type,verification_state,variables,notes,last_catalogue_review
inq-0001,Agricultural land classification,"Ministry of Housing, Communities and Local Government",Planning Data,United Kingdom,England,Planning & Development,Planning geography / constraint,Study boundary | Context | Policy / constraint,GIS | Planning analysis | Spatial overlay,feature / administrative geography,varies,England,JSON | CSV | GeoJSON | Parquet | API,Open,Open Government Licence v3.0,Official,https://www.planning.data.gov.uk/dataset/agricultural-land-classification,direct_dataset,indexed_on_official_catalogue,,Planning Data typology: Geography. Revalidate direct slug during import.,2026-09-04
inq-0002,Air quality management area,"Ministry of Housing, Communities and Local Government",Planning Data,United Kingdom,England,Planning & Development,Planning geography / constraint,Study boundary | Context | Policy / constraint,GIS | Planning analysis | Spatial overlay,feature / administrative geography,varies,England,JSON | CSV | GeoJSON | Parquet | API,Open,Open Government Licence v3.0,Official,https://www.planning.data.gov.uk/dataset/air-quality-management-area,direct_dataset,indexed_on_official_catalogue,,Planning Data typology: Geography. Revalidate direct slug during import.,2026-09-04
inq-0003,Ancient woodland,"Ministry of Housing, Communities and Local Government",Planning Data,United Kingdom,England,Planning & Development,Planning geography / constraint,Study boundary | Context | Policy / constraint,GIS | Planning analysis | Spatial overlay,feature / administrative geography,varies,England,JSON | CSV | GeoJSON | Parquet | API,Open,Open Government Licence v3.0,Official,https://www.planning.data.gov.uk/dataset/ancient-woodland,direct_dataset,indexed_on_official_catalogue,,Planning Data typology: Geography. Revalidate direct slug during import.,2026-09-04
inq-0004,Archaeological priority area,"Ministry of Housing, Communities and Local Government",Planning Data,United Kingdom,England,Planning & Development,Planning geography / constraint,Study boundary | Context | Policy / constraint,GIS | Planning analysis | Spatial overlay,feature / administrative geography,varies,England,JSON | CSV | GeoJSON | Parquet | API,Open,Open Government Licence v3.0,Official,https://www.planning.data.gov.uk/dataset/archaeological-priority-area,direct_dataset,indexed_on_official_catalogue,,Planning Data typology: Geography. Revalidate direct slug during import.,2026-09-04
inq-0005,Area of outstanding natural beauty,"Ministry of Housing, Communities and Local Government",Planning Data,United Kingdom,England,Planning & Development,Planning geography / constraint,Study boundary | Context | Policy / constraint,GIS | Planning analysis | Spatial overlay,feature / administrative geography,varies,England,JSON | CSV | GeoJSON | Parquet | API,Open,Open Government Licence v3.0,Official,https://www.planning.data.gov.uk/dataset/area-of-outstanding-natural-beauty,direct_dataset,indexed_on_official_catalogue,,Planning Data typology: Geography. Revalidate direct slug during import.,2026-09-04
inq-0006,Article 4 direction area,"Ministry of Housing, Communities and Local Government",Planning Data,United Kingdom,England,Planning & Development,Planning geography / constraint,Study boundary | Context | Policy / constraint,GIS | Planning analysis | Spatial overlay,feature / administrative geography,varies,England,JSON | CSV | GeoJSON | Parquet | API,Open,Open Government Licence v3.0,Official,https://www.planning.data.gov.uk/dataset/article-4-direction-area,direct_dataset,indexed_on_official_catalogue,,Planning Data typology: Geography. Revalidate direct slug during import.,2026-09-04
inq-0007,Asset of community value,"Ministry of Housing, Communities and Local Government",Planning Data,United Kingdom,England,Planning & Development,Planning geography / constraint,Study boundary | Context | Policy / constraint,GIS | Planning analysis | Spatial overlay,feature / administrative geography,varies,England,JSON | CSV | GeoJSON | Parquet | API,Open,Open Government Licence v3.0,Official,https://www.planning.data.gov.uk/dataset/asset-of-community-value,direct_dataset,indexed_on_official_catalogue,,Planning Data typology: Geography. Revalidate direct slug during import.,2026-09-04
inq-0008,Battlefield,"Ministry of Housing, Communities and Local Government",Planning Data,United Kingdom,England,Planning & Development,Planning geography / constraint,Study boundary | Context | Policy / constraint,GIS | Planning analysis | Spatial overlay,feature / administrative geography,varies,England,JSON | CSV | GeoJSON | Parquet | API,Open,Open Government Licence v3.0,Official,https://www.planning.data.gov.uk/dataset/battlefield,direct_dataset,indexed_on_official_catalogue,,Planning Data typology: Geography. Revalidate direct slug during import.,2026-09-04
inq-0009,Border,"Ministry of Housing, Communities and Local Government",Planning Data,United Kingdom,England,Planning & Development,Planning geography / constraint,Study boundary | Context | Policy / constraint,GIS | Planning analysis | Spatial overlay,feature / administrative geography,varies,England,JSON | CSV | GeoJSON | Parquet | API,Open,Open Government Licence v3.0,Official,https://www.planning.data.gov.uk/dataset/border,direct_dataset,indexed_on_official_catalogue,,Planning Data typology: Geography. Revalidate direct slug during import.,2026-09-04
inq-0010,Brownfield land,"Ministry of Housing, Communities and Local Government",Planning Data,United Kingdom,England,Planning & Development,Planning geography / constraint,Study boundary | Context | Policy / constraint,GIS | Planning analysis | Spatial overlay,feature / administrative geography,varies,England,JSON | CSV | GeoJSON | Parquet | API,Open,Open Government Licence v3.0,Official,https://www.planning.data.gov.uk/dataset/brownfield-land,direct_dataset,indexed_on_official_catalogue,,Planning Data typology: Geography. Revalidate direct slug during import.,2026-09-04
inq-0011,Brownfield site,"Ministry of Housing, Communities and Local Government",Planning Data,United Kingdom,England,Planning & Development,Planning geography / constraint,Study boundary | Context | Policy / constraint,GIS | Planning analysis | Spatial overlay,feature / administrative geography,varies,England,JSON | CSV | GeoJSON | Parquet | API,Open,Open Government Licence v3.0,Official,https://www.planning.data.gov.uk/dataset/brownfield-site,direct_dataset,indexed_on_official_catalogue,,Planning Data typology: Geography. Revalidate direct slug during import.,2026-09-04
inq-0012,Building preservation notice,"Ministry of Housing, Communities and Local Government",Planning Data,United Kingdom,England,Planning & Development,Planning geography / constraint,Study boundary | Context | Policy / constraint,GIS | Planning analysis | Spatial overlay,feature / administrative geography,varies,England,JSON | CSV | GeoJSON | Parquet | API,Open,Open Government Licence v3.0,Official,https://www.planning.data.gov.uk/dataset/building-preservation-notice,direct_dataset,indexed_on_official_catalogue,,Planning Data typology: Geography. Revalidate direct slug during import.,2026-09-04
inq-0013,Built up area,"Ministry of Housing, Communities and Local Government",Planning Data,United Kingdom,England,Planning & Development,Planning geography / constraint,Study boundary | Context | Policy / constraint,GIS | Planning analysis | Spatial overlay,feature / administrative geography,varies,England,JSON | CSV | GeoJSON | Parquet | API,Open,Open Government Licence v3.0,Official,https://www.planning.data.gov.uk/dataset/built-up-area,direct_dataset,indexed_on_official_catalogue,,Planning Data typology: Geography. Revalidate direct slug during import.,2026-09-04
inq-0014,Central activities zone,"Ministry of Housing, Communities and Local Government",Planning Data,United Kingdom,England,Planning & Development,Planning geography / constraint,Study boundary | Context | Policy / constraint,GIS | Planning analysis | Spatial overlay,feature / administrative geography,varies,England,JSON | CSV | GeoJSON | Parquet | API,Open,Open Government Licence v3.0,Official,https://www.planning.data.gov.uk/dataset/central-activities-zone,direct_dataset,indexed_on_official_catalogue,,Planning Data typology: Geography. Revalidate direct slug during import.,2026-09-04
inq-0015,Certificate of immunity,"Ministry of Housing, Communities and Local Government",Planning Data,United Kingdom,England,Planning & Development,Planning geography / constraint,Study boundary | Context | Policy / constraint,GIS | Planning analysis | Spatial overlay,feature / administrative geography,varies,England,JSON | CSV | GeoJSON | Parquet | API,Open,Open Government Licence v3.0,Official,https://www.planning.data.gov.uk/dataset/certificate-of-immunity,direct_dataset,indexed_on_official_catalogue,,Planning Data typology: Geography. Revalidate direct slug during import.,2026-09-04
inq-0016,Civil parish,"Ministry of Housing, Communities and Local Government",Planning Data,United Kingdom,England,Planning & Development,Planning geography / constraint,Study boundary | Context | Policy / constraint,GIS | Planning analysis | Spatial overlay,feature / administrative geography,varies,England,JSON | CSV | GeoJSON | Parquet | API,Open,Open Government Licence v3.0,Official,https://www.planning.data.gov.uk/dataset/,official_collection,collection_record_link_checked,,Exact Planning Data slug returned 404 on 2026-09-04; retained as a collection record pending resolver confirmation.,2026-09-04
inq-0017,Conservation area,"Ministry of Housing, Communities and Local Government",Planning Data,United Kingdom,England,Planning & Development,Planning geography / constraint,Study boundary | Context | Policy / constraint,GIS | Planning analysis | Spatial overlay,feature / administrative geography,varies,England,JSON | CSV | GeoJSON | Parquet | API,Open,Open Government Licence v3.0,Official,https://www.planning.data.gov.uk/dataset/conservation-area,direct_dataset,indexed_on_official_catalogue,,Planning Data typology: Geography. Revalidate direct slug during import.,2026-09-04
inq-0018,Design code area,"Ministry of Housing, Communities and Local Government",Planning Data,United Kingdom,England,Planning & Development,Planning geography / constraint,Study boundary | Context | Policy / constraint,GIS | Planning analysis | Spatial overlay,feature / administrative geography,varies,England,JSON | CSV | GeoJSON | Parquet | API,Open,Open Government Licence v3.0,Official,https://www.planning.data.gov.uk/dataset/design-code-area,direct_dataset,indexed_on_official_catalogue,,Planning Data typology: Geography. Revalidate direct slug during import.,2026-09-04
inq-0019,Development corporation boundary,"Ministry of Housing, Communities and Local Government",Planning Data,United Kingdom,England,Planning & Development,Planning geography / constraint,Study boundary | Context | Policy / constraint,GIS | Planning analysis | Spatial overlay,feature / administrative geography,varies,England,JSON | CSV | GeoJSON | Parquet | API,Open,Open Government Licence v3.0,Official,https://www.planning.data.gov.uk/dataset/development-corporation-boundary,direct_dataset,indexed_on_official_catalogue,,Planning Data typology: Geography. Revalidate direct slug during import.,2026-09-04
inq-0020,Educational establishment,"Ministry of Housing, Communities and Local Government",Planning Data,United Kingdom,England,Planning & Development,Planning geography / constraint,Study boundary | Context | Policy / constraint,GIS | Planning analysis | Spatial overlay,feature / administrative geography,varies,England,JSON | CSV | GeoJSON | Parquet | API,Open,Open Government Licence v3.0,Official,https://www.planning.data.gov.uk/dataset/educational-establishment,direct_dataset,indexed_on_official_catalogue,,Planning Data typology: Geography. Revalidate direct slug during import.,2026-09-04
inq-0021,Flood risk zone,"Ministry of Housing, Communities and Local Government",Planning Data,United Kingdom,England,Planning & Development,Planning geography / constraint,Study boundary | Context | Policy / constraint,GIS | Planning analysis | Spatial overlay,feature / administrative geography,varies,England,JSON | CSV | GeoJSON | Parquet | API,Open,Open Government Licence v3.0,Official,https://www.planning.data.gov.uk/dataset/flood-risk-zone,direct_dataset,indexed_on_official_catalogue,,Planning Data typology: Geography. Revalidate direct slug during import.,2026-09-04
inq-0022,Flood storage area,"Ministry of Housing, Communities and Local Government",Planning Data,United Kingdom,England,Planning & Development,Planning geography / constraint,Study boundary | Context | Policy / constraint,GIS | Planning analysis | Spatial overlay,feature / administrative geography,varies,England,JSON | CSV | GeoJSON | Parquet | API,Open,Open Government Licence v3.0,Official,https://www.planning.data.gov.uk/dataset/flood-storage-area,direct_dataset,indexed_on_official_catalogue,,Planning Data typology: Geography. Revalidate direct slug during import.,2026-09-04
inq-0023,Green belt,"Ministry of Housing, Communities and Local Government",Planning Data,United Kingdom,England,Planning & Development,Planning geography / constraint,Study boundary | Context | Policy / constraint,GIS | Planning analysis | Spatial overlay,feature / administrative geography,varies,England,JSON | CSV | GeoJSON | Parquet | API,Open,Open Government Licence v3.0,Official,https://www.planning.data.gov.uk/dataset/green-belt,direct_dataset,indexed_on_official_catalogue,,Planning Data typology: Geography. Revalidate direct slug during import.,2026-09-04
inq-0024,Heritage at risk,"Ministry of Housing, Communities and Local Government",Planning Data,United Kingdom,England,Planning & Development,Planning geography / constraint,Study boundary | Context | Policy / constraint,GIS | Planning analysis | Spatial overlay,feature / administrative geography,varies,England,JSON | CSV | GeoJSON | Parquet | API,Open,Open Government Licence v3.0,Official,https://www.planning.data.gov.uk/dataset/heritage-at-risk,direct_dataset,indexed_on_official_catalogue,,Planning Data typology: Geography. Revalidate direct slug during import.,2026-09-04
inq-0025,Heritage coast,"Ministry of Housing, Communities and Local Government",Planning Data,United Kingdom,England,Planning & Development,Planning geography / constraint,Study boundary | Context | Policy / constraint,GIS | Planning analysis | Spatial overlay,feature / administrative geography,varies,England,JSON | CSV | GeoJSON | Parquet | API,Open,Open Government Licence v3.0,Official,https://www.planning.data.gov.uk/dataset/heritage-coast,direct_dataset,indexed_on_official_catalogue,,Planning Data typology: Geography. Revalidate direct slug during import.,2026-09-04
inq-0026,Historic parks and gardens,"Ministry of Housing, Communities and Local Government",Planning Data,United Kingdom,England,Planning & Development,Planning geography / constraint,Study boundary | Context | Policy / constraint,GIS | Planning analysis | Spatial overlay,feature / administrative geography,varies,England,JSON | CSV | GeoJSON | Parquet | API,Open,Open Government Licence v3.0,Official,https://www.planning.data.gov.uk/dataset/,official_collection,collection_record_link_checked,,Exact Planning Data slug returned 404 on 2026-09-04; retained as a collection record pending resolver confirmation.,2026-09-04
inq-0027,Infrastructure project,"Ministry of Housing, Communities and Local Government",Planning Data,United Kingdom,England,Planning & Development,Planning geography / constraint,Study boundary | Context | Policy / constraint,GIS | Planning analysis | Spatial overlay,feature / administrative geography,varies,England,JSON | CSV | GeoJSON | Parquet | API,Open,Open Government Licence v3.0,Official,https://www.planning.data.gov.uk/dataset/infrastructure-project,direct_dataset,indexed_on_official_catalogue,,Planning Data typology: Geography. Revalidate direct slug during import.,2026-09-04
inq-0028,Listed building,"Ministry of Housing, Communities and Local Government",Planning Data,United Kingdom,England,Planning & Development,Planning geography / constraint,Study boundary | Context | Policy / constraint,GIS | Planning analysis | Spatial overlay,feature / administrative geography,varies,England,JSON | CSV | GeoJSON | Parquet | API,Open,Open Government Licence v3.0,Official,https://www.planning.data.gov.uk/dataset/listed-building,direct_dataset,indexed_on_official_catalogue,,Planning Data typology: Geography. Revalidate direct slug during import.,2026-09-04
inq-0029,Listed building outline,"Ministry of Housing, Communities and Local Government",Planning Data,United Kingdom,England,Planning & Development,Planning geography / constraint,Study boundary | Context | Policy / constraint,GIS | Planning analysis | Spatial overlay,feature / administrative geography,varies,England,JSON | CSV | GeoJSON | Parquet | API,Open,Open Government Licence v3.0,Official,https://www.planning.data.gov.uk/dataset/listed-building-outline,direct_dataset,indexed_on_official_catalogue,,Planning Data typology: Geography. Revalidate direct slug during import.,2026-09-04
inq-0030,Local authority district,"Ministry of Housing, Communities and Local Government",Planning Data,United Kingdom,England,Planning & Development,Planning geography / constraint,Study boundary | Context | Policy / constraint,GIS | Planning analysis | Spatial overlay,feature / administrative geography,varies,England,JSON | CSV | GeoJSON | Parquet | API,Open,Open Government Licence v3.0,Official,https://www.planning.data.gov.uk/dataset/local-authority-district,direct_dataset,indexed_on_official_catalogue,,Planning Data typology: Geography. Revalidate direct slug during import.,2026-09-04
inq-0031,Local nature reserve,"Ministry of Housing, Communities and Local Government",Planning Data,United Kingdom,England,Planning & Development,Planning geography / constraint,Study boundary | Context | Policy / constraint,GIS | Planning analysis | Spatial overlay,feature / administrative geography,varies,England,JSON | CSV | GeoJSON | Parquet | API,Open,Open Government Licence v3.0,Official,https://www.planning.data.gov.uk/dataset/local-nature-reserve,direct_dataset,indexed_on_official_catalogue,,Planning Data typology: Geography. Revalidate direct slug during import.,2026-09-04
inq-0032,Local plan boundary,"Ministry of Housing, Communities and Local Government",Planning Data,United Kingdom,England,Planning & Development,Planning geography / constraint,Study boundary | Context | Policy / constraint,GIS | Planning analysis | Spatial overlay,feature / administrative geography,varies,England,JSON | CSV | GeoJSON | Parquet | API,Open,Open Government Licence v3.0,Official,https://www.planning.data.gov.uk/dataset/local-plan-boundary,direct_dataset,indexed_on_official_catalogue,,Planning Data typology: Geography. Revalidate direct slug during import.,2026-09-04
inq-0033,Local Planning Authority,"Ministry of Housing, Communities and Local Government",Planning Data,United Kingdom,England,Planning & Development,Planning geography / constraint,Study boundary | Context | Policy / constraint,GIS | Planning analysis | Spatial overlay,feature / administrative geography,varies,England,JSON | CSV | GeoJSON | Parquet | API,Open,Open Government Licence v3.0,Official,https://www.planning.data.gov.uk/dataset/local-planning-authority,direct_dataset,indexed_on_official_catalogue,,Planning Data typology: Geography. Revalidate direct slug during import.,2026-09-04
inq-0034,Local resilience forum boundary,"Ministry of Housing, Communities and Local Government",Planning Data,United Kingdom,England,Planning & Development,Planning geography / constraint,Study boundary | Context | Policy / constraint,GIS | Planning analysis | Spatial overlay,feature / administrative geography,varies,England,JSON | CSV | GeoJSON | Parquet | API,Open,Open Government Licence v3.0,Official,https://www.planning.data.gov.uk/dataset/local-resilience-forum-boundary,direct_dataset,indexed_on_official_catalogue,,Planning Data typology: Geography. Revalidate direct slug during import.,2026-09-04
inq-0035,Locally listed building,"Ministry of Housing, Communities and Local Government",Planning Data,United Kingdom,England,Planning & Development,Planning geography / constraint,Study boundary | Context | Policy / constraint,GIS | Planning analysis | Spatial overlay,feature / administrative geography,varies,England,JSON | CSV | GeoJSON | Parquet | API,Open,Open Government Licence v3.0,Official,https://www.planning.data.gov.uk/dataset/locally-listed-building,direct_dataset,indexed_on_official_catalogue,,Planning Data typology: Geography. Revalidate direct slug during import.,2026-09-04
inq-0036,Minerals plan boundary,"Ministry of Housing, Communities and Local Government",Planning Data,United Kingdom,England,Planning & Development,Planning geography / constraint,Study boundary | Context | Policy / constraint,GIS | Planning analysis | Spatial overlay,feature / administrative geography,varies,England,JSON | CSV | GeoJSON | Parquet | API,Open,Open Government Licence v3.0,Official,https://www.planning.data.gov.uk/dataset/minerals-plan-boundary,direct_dataset,indexed_on_official_catalogue,,Planning Data typology: Geography. Revalidate direct slug during import.,2026-09-04
inq-0037,National nature reserve,"Ministry of Housing, Communities and Local Government",Planning Data,United Kingdom,England,Planning & Development,Planning geography / constraint,Study boundary | Context | Policy / constraint,GIS | Planning analysis | Spatial overlay,feature / administrative geography,varies,England,JSON | CSV | GeoJSON | Parquet | API,Open,Open Government Licence v3.0,Official,https://www.planning.data.gov.uk/dataset/national-nature-reserve,direct_dataset,indexed_on_official_catalogue,,Planning Data typology: Geography. Revalidate direct slug during import.,2026-09-04
inq-0038,National park,"Ministry of Housing, Communities and Local Government",Planning Data,United Kingdom,England,Planning & Development,Planning geography / constraint,Study boundary | Context | Policy / constraint,GIS | Planning analysis | Spatial overlay,feature / administrative geography,varies,England,JSON | CSV | GeoJSON | Parquet | API,Open,Open Government Licence v3.0,Official,https://www.planning.data.gov.uk/dataset/national-park,direct_dataset,indexed_on_official_catalogue,,Planning Data typology: Geography. Revalidate direct slug during import.,2026-09-04
inq-0039,Nature improvement area,"Ministry of Housing, Communities and Local Government",Planning Data,United Kingdom,England,Planning & Development,Planning geography / constraint,Study boundary | Context | Policy / constraint,GIS | Planning analysis | Spatial overlay,feature / administrative geography,varies,England,JSON | CSV | GeoJSON | Parquet | API,Open,Open Government Licence v3.0,Official,https://www.planning.data.gov.uk/dataset/nature-improvement-area,direct_dataset,indexed_on_official_catalogue,,Planning Data typology: Geography. Revalidate direct slug during import.,2026-09-04
inq-0040,Nutrient neutrality catchment,"Ministry of Housing, Communities and Local Government",Planning Data,United Kingdom,England,Planning & Development,Planning geography / constraint,Study boundary | Context | Policy / constraint,GIS | Planning analysis | Spatial overlay,feature / administrative geography,varies,England,JSON | CSV | GeoJSON | Parquet | API,Open,Open Government Licence v3.0,Official,https://www.planning.data.gov.uk/dataset/nutrient-neutrality-catchment,direct_dataset,indexed_on_official_catalogue,,Planning Data typology: Geography. Revalidate direct slug during import.,2026-09-04
inq-0041,Planning application,"Ministry of Housing, Communities and Local Government",Planning Data,United Kingdom,England,Planning & Development,Planning geography / constraint,Study boundary | Context | Policy / constraint,GIS | Planning analysis | Spatial overlay,feature / administrative geography,varies,England,JSON | CSV | GeoJSON | Parquet | API,Open,Open Government Licence v3.0,Official,https://www.planning.data.gov.uk/dataset/planning-application,direct_dataset,indexed_on_official_catalogue,,Planning Data typology: Geography. Revalidate direct slug during import.,2026-09-04
inq-0042,Protected wreck site,"Ministry of Housing, Communities and Local Government",Planning Data,United Kingdom,England,Planning & Development,Planning geography / constraint,Study boundary | Context | Policy / constraint,GIS | Planning analysis | Spatial overlay,feature / administrative geography,varies,England,JSON | CSV | GeoJSON | Parquet | API,Open,Open Government Licence v3.0,Official,https://www.planning.data.gov.uk/dataset/protected-wreck-site,direct_dataset,indexed_on_official_catalogue,,Planning Data typology: Geography. Revalidate direct slug during import.,2026-09-04
inq-0043,Public transport access node,"Ministry of Housing, Communities and Local Government",Planning Data,United Kingdom,England,Planning & Development,Planning geography / constraint,Study boundary | Context | Policy / constraint,GIS | Planning analysis | Spatial overlay,feature / administrative geography,varies,England,JSON | CSV | GeoJSON | Parquet | API,Open,Open Government Licence v3.0,Official,https://www.planning.data.gov.uk/dataset/,official_collection,collection_record_link_checked,,Exact Planning Data slug returned 404 on 2026-09-04; retained as a collection record pending resolver confirmation.,2026-09-04
inq-0044,Ramsar site,"Ministry of Housing, Communities and Local Government",Planning Data,United Kingdom,England,Planning & Development,Planning geography / constraint,Study boundary | Context | Policy / constraint,GIS | Planning analysis | Spatial overlay,feature / administrative geography,varies,England,JSON | CSV | GeoJSON | Parquet | API,Open,Open Government Licence v3.0,Official,https://www.planning.data.gov.uk/dataset/,official_collection,collection_record_link_checked,,Exact Planning Data slug returned 404 on 2026-09-04; retained as a collection record pending resolver confirmation.,2026-09-04
inq-0045,Region,"Ministry of Housing, Communities and Local Government",Planning Data,United Kingdom,England,Planning & Development,Planning geography / constraint,Study boundary | Context | Policy / constraint,GIS | Planning analysis | Spatial overlay,feature / administrative geography,varies,England,JSON | CSV | GeoJSON | Parquet | API,Open,Open Government Licence v3.0,Official,https://www.planning.data.gov.uk/dataset/region,direct_dataset,indexed_on_official_catalogue,,Planning Data typology: Geography. Revalidate direct slug during import.,2026-09-04
inq-0046,Scheduled monument,"Ministry of Housing, Communities and Local Government",Planning Data,United Kingdom,England,Planning & Development,Planning geography / constraint,Study boundary | Context | Policy / constraint,GIS | Planning analysis | Spatial overlay,feature / administrative geography,varies,England,JSON | CSV | GeoJSON | Parquet | API,Open,Open Government Licence v3.0,Official,https://www.planning.data.gov.uk/dataset/scheduled-monument,direct_dataset,indexed_on_official_catalogue,,Planning Data typology: Geography. Revalidate direct slug during import.,2026-09-04
inq-0047,Site of special scientific interest,"Ministry of Housing, Communities and Local Government",Planning Data,United Kingdom,England,Planning & Development,Planning geography / constraint,Study boundary | Context | Policy / constraint,GIS | Planning analysis | Spatial overlay,feature / administrative geography,varies,England,JSON | CSV | GeoJSON | Parquet | API,Open,Open Government Licence v3.0,Official,https://www.planning.data.gov.uk/dataset/site-of-special-scientific-interest,direct_dataset,indexed_on_official_catalogue,,Planning Data typology: Geography. Revalidate direct slug during import.,2026-09-04
inq-0048,Special area of conservation,"Ministry of Housing, Communities and Local Government",Planning Data,United Kingdom,England,Planning & Development,Planning geography / constraint,Study boundary | Context | Policy / constraint,GIS | Planning analysis | Spatial overlay,feature / administrative geography,varies,England,JSON | CSV | GeoJSON | Parquet | API,Open,Open Government Licence v3.0,Official,https://www.planning.data.gov.uk/dataset/special-area-of-conservation,direct_dataset,indexed_on_official_catalogue,,Planning Data typology: Geography. Revalidate direct slug during import.,2026-09-04
inq-0049,Special protection area,"Ministry of Housing, Communities and Local Government",Planning Data,United Kingdom,England,Planning & Development,Planning geography / constraint,Study boundary | Context | Policy / constraint,GIS | Planning analysis | Spatial overlay,feature / administrative geography,varies,England,JSON | CSV | GeoJSON | Parquet | API,Open,Open Government Licence v3.0,Official,https://www.planning.data.gov.uk/dataset/special-protection-area,direct_dataset,indexed_on_official_catalogue,,Planning Data typology: Geography. Revalidate direct slug during import.,2026-09-04
inq-0050,Title boundary,"Ministry of Housing, Communities and Local Government",Planning Data,United Kingdom,England,Planning & Development,Planning geography / constraint,Study boundary | Context | Policy / constraint,GIS | Planning analysis | Spatial overlay,feature / administrative geography,varies,England,JSON | CSV | GeoJSON | Parquet | API,Open,Open Government Licence v3.0,Official,https://www.planning.data.gov.uk/dataset/title-boundary,direct_dataset,indexed_on_official_catalogue,,Planning Data typology: Geography. Revalidate direct slug during import.,2026-09-04
inq-0051,Tree,"Ministry of Housing, Communities and Local Government",Planning Data,United Kingdom,England,Planning & Development,Planning geography / constraint,Study boundary | Context | Policy / constraint,GIS | Planning analysis | Spatial overlay,feature / administrative geography,varies,England,JSON | CSV | GeoJSON | Parquet | API,Open,Open Government Licence v3.0,Official,https://www.planning.data.gov.uk/dataset/tree,direct_dataset,indexed_on_official_catalogue,,Planning Data typology: Geography. Revalidate direct slug during import.,2026-09-04
inq-0052,Tree preservation zone,"Ministry of Housing, Communities and Local Government",Planning Data,United Kingdom,England,Planning & Development,Planning geography / constraint,Study boundary | Context | Policy / constraint,GIS | Planning analysis | Spatial overlay,feature / administrative geography,varies,England,JSON | CSV | GeoJSON | Parquet | API,Open,Open Government Licence v3.0,Official,https://www.planning.data.gov.uk/dataset/tree-preservation-zone,direct_dataset,indexed_on_official_catalogue,,Planning Data typology: Geography. Revalidate direct slug during import.,2026-09-04
inq-0053,Ward,"Ministry of Housing, Communities and Local Government",Planning Data,United Kingdom,England,Planning & Development,Planning geography / constraint,Study boundary | Context | Policy / constraint,GIS | Planning analysis | Spatial overlay,feature / administrative geography,varies,England,JSON | CSV | GeoJSON | Parquet | API,Open,Open Government Licence v3.0,Official,https://www.planning.data.gov.uk/dataset/ward,direct_dataset,indexed_on_official_catalogue,,Planning Data typology: Geography. Revalidate direct slug during import.,2026-09-04
inq-0054,Waste plan boundary,"Ministry of Housing, Communities and Local Government",Planning Data,United Kingdom,England,Planning & Development,Planning geography / constraint,Study boundary | Context | Policy / constraint,GIS | Planning analysis | Spatial overlay,feature / administrative geography,varies,England,JSON | CSV | GeoJSON | Parquet | API,Open,Open Government Licence v3.0,Official,https://www.planning.data.gov.uk/dataset/waste-plan-boundary,direct_dataset,indexed_on_official_catalogue,,Planning Data typology: Geography. Revalidate direct slug during import.,2026-09-04
inq-0055,World heritage site,"Ministry of Housing, Communities and Local Government",Planning Data,United Kingdom,England,Planning & Development,Planning geography / constraint,Study boundary | Context | Policy / constraint,GIS | Planning analysis | Spatial overlay,feature / administrative geography,varies,England,JSON | CSV | GeoJSON | Parquet | API,Open,Open Government Licence v3.0,Official,https://www.planning.data.gov.uk/dataset/world-heritage-site,direct_dataset,indexed_on_official_catalogue,,Planning Data typology: Geography. Revalidate direct slug during import.,2026-09-04
inq-0056,World heritage site buffer zone,"Ministry of Housing, Communities and Local Government",Planning Data,United Kingdom,England,Planning & Development,Planning geography / constraint,Study boundary | Context | Policy / constraint,GIS | Planning analysis | Spatial overlay,feature / administrative geography,varies,England,JSON | CSV | GeoJSON | Parquet | API,Open,Open Government Licence v3.0,Official,https://www.planning.data.gov.uk/dataset/world-heritage-site-buffer-zone,direct_dataset,indexed_on_official_catalogue,,Planning Data typology: Geography. Revalidate direct slug during import.,2026-09-04
inq-0057,Ancient woodland status,"Ministry of Housing, Communities and Local Government",Planning Data,United Kingdom,England,Planning & Development,Controlled category,Lookup / identifiers | Classification,Data linking | Planning analysis,feature / administrative geography,varies,England,JSON | CSV | GeoJSON | Parquet | API,Open,Open Government Licence v3.0,Official,https://www.planning.data.gov.uk/dataset/ancient-woodland-status,direct_dataset,indexed_on_official_catalogue,,Planning Data typology: Category. Revalidate direct slug during import.,2026-09-04
inq-0058,Conservation area document type,"Ministry of Housing, Communities and Local Government",Planning Data,United Kingdom,England,Planning & Development,Controlled category,Lookup / identifiers | Classification,Data linking | Planning analysis,feature / administrative geography,varies,England,JSON | CSV | GeoJSON | Parquet | API,Open,Open Government Licence v3.0,Official,https://www.planning.data.gov.uk/dataset/conservation-area-document-type,direct_dataset,indexed_on_official_catalogue,,Planning Data typology: Category. Revalidate direct slug during import.,2026-09-04
inq-0059,Contribution funding status,"Ministry of Housing, Communities and Local Government",Planning Data,United Kingdom,England,Planning & Development,Controlled category,Lookup / identifiers | Classification,Data linking | Planning analysis,feature / administrative geography,varies,England,JSON | CSV | GeoJSON | Parquet | API,Open,Open Government Licence v3.0,Official,https://www.planning.data.gov.uk/dataset/contribution-funding-status,direct_dataset,indexed_on_official_catalogue,,Planning Data typology: Category. Revalidate direct slug during import.,2026-09-04
inq-0060,Contribution purpose,"Ministry of Housing, Communities and Local Government",Planning Data,United Kingdom,England,Planning & Development,Controlled category,Lookup / identifiers | Classification,Data linking | Planning analysis,feature / administrative geography,varies,England,JSON | CSV | GeoJSON | Parquet | API,Open,Open Government Licence v3.0,Official,https://www.planning.data.gov.uk/dataset/contribution-purpose,direct_dataset,indexed_on_official_catalogue,,Planning Data typology: Category. Revalidate direct slug during import.,2026-09-04
inq-0061,Design code area type,"Ministry of Housing, Communities and Local Government",Planning Data,United Kingdom,England,Planning & Development,Controlled category,Lookup / identifiers | Classification,Data linking | Planning analysis,feature / administrative geography,varies,England,JSON | CSV | GeoJSON | Parquet | API,Open,Open Government Licence v3.0,Official,https://www.planning.data.gov.uk/dataset/design-code-area-type,direct_dataset,indexed_on_official_catalogue,,Planning Data typology: Category. Revalidate direct slug during import.,2026-09-04
inq-0062,Design code characteristic,"Ministry of Housing, Communities and Local Government",Planning Data,United Kingdom,England,Planning & Development,Controlled category,Lookup / identifiers | Classification,Data linking | Planning analysis,feature / administrative geography,varies,England,JSON | CSV | GeoJSON | Parquet | API,Open,Open Government Licence v3.0,Official,https://www.planning.data.gov.uk/dataset/design-code-characteristic,direct_dataset,indexed_on_official_catalogue,,Planning Data typology: Category. Revalidate direct slug during import.,2026-09-04
inq-0063,Design code rule category,"Ministry of Housing, Communities and Local Government",Planning Data,United Kingdom,England,Planning & Development,Controlled category,Lookup / identifiers | Classification,Data linking | Planning analysis,feature / administrative geography,varies,England,JSON | CSV | GeoJSON | Parquet | API,Open,Open Government Licence v3.0,Official,https://www.planning.data.gov.uk/dataset/design-code-rule-category,direct_dataset,indexed_on_official_catalogue,,Planning Data typology: Category. Revalidate direct slug during import.,2026-09-04
inq-0064,Design code status,"Ministry of Housing, Communities and Local Government",Planning Data,United Kingdom,England,Planning & Development,Controlled category,Lookup / identifiers | Classification,Data linking | Planning analysis,feature / administrative geography,varies,England,JSON | CSV | GeoJSON | Parquet | API,Open,Open Government Licence v3.0,Official,https://www.planning.data.gov.uk/dataset/design-code-status,direct_dataset,indexed_on_official_catalogue,,Planning Data typology: Category. Revalidate direct slug during import.,2026-09-04
inq-0065,Developer agreement type,"Ministry of Housing, Communities and Local Government",Planning Data,United Kingdom,England,Planning & Development,Controlled category,Lookup / identifiers | Classification,Data linking | Planning analysis,feature / administrative geography,varies,England,JSON | CSV | GeoJSON | Parquet | API,Open,Open Government Licence v3.0,Official,https://www.planning.data.gov.uk/dataset/developer-agreement-type,direct_dataset,indexed_on_official_catalogue,,Planning Data typology: Category. Revalidate direct slug during import.,2026-09-04
inq-0066,Development plan document type,"Ministry of Housing, Communities and Local Government",Planning Data,United Kingdom,England,Planning & Development,Controlled category,Lookup / identifiers | Classification,Data linking | Planning analysis,feature / administrative geography,varies,England,JSON | CSV | GeoJSON | Parquet | API,Open,Open Government Licence v3.0,Official,https://www.planning.data.gov.uk/dataset/development-plan-document-type,direct_dataset,indexed_on_official_catalogue,,Planning Data typology: Category. Revalidate direct slug during import.,2026-09-04
inq-0067,Document type,"Ministry of Housing, Communities and Local Government",Planning Data,United Kingdom,England,Planning & Development,Controlled category,Lookup / identifiers | Classification,Data linking | Planning analysis,feature / administrative geography,varies,England,JSON | CSV | GeoJSON | Parquet | API,Open,Open Government Licence v3.0,Official,https://www.planning.data.gov.uk/dataset/document-type,direct_dataset,indexed_on_official_catalogue,,Planning Data typology: Category. Revalidate direct slug during import.,2026-09-04
inq-0068,Flood risk level,"Ministry of Housing, Communities and Local Government",Planning Data,United Kingdom,England,Planning & Development,Controlled category,Lookup / identifiers | Classification,Data linking | Planning analysis,feature / administrative geography,varies,England,JSON | CSV | GeoJSON | Parquet | API,Open,Open Government Licence v3.0,Official,https://www.planning.data.gov.uk/dataset/flood-risk-level,direct_dataset,indexed_on_official_catalogue,,Planning Data typology: Category. Revalidate direct slug during import.,2026-09-04
inq-0069,Flood risk type,"Ministry of Housing, Communities and Local Government",Planning Data,United Kingdom,England,Planning & Development,Controlled category,Lookup / identifiers | Classification,Data linking | Planning analysis,feature / administrative geography,varies,England,JSON | CSV | GeoJSON | Parquet | API,Open,Open Government Licence v3.0,Official,https://www.planning.data.gov.uk/dataset/flood-risk-type,direct_dataset,indexed_on_official_catalogue,,Planning Data typology: Category. Revalidate direct slug during import.,2026-09-04
inq-0070,Green belt core,"Ministry of Housing, Communities and Local Government",Planning Data,United Kingdom,England,Planning & Development,Controlled category,Lookup / identifiers | Classification,Data linking | Planning analysis,feature / administrative geography,varies,England,JSON | CSV | GeoJSON | Parquet | API,Open,Open Government Licence v3.0,Official,https://www.planning.data.gov.uk/dataset/green-belt-core,direct_dataset,indexed_on_official_catalogue,,Planning Data typology: Category. Revalidate direct slug during import.,2026-09-04
inq-0071,Infrastructure project decision,"Ministry of Housing, Communities and Local Government",Planning Data,United Kingdom,England,Planning & Development,Controlled category,Lookup / identifiers | Classification,Data linking | Planning analysis,feature / administrative geography,varies,England,JSON | CSV | GeoJSON | Parquet | API,Open,Open Government Licence v3.0,Official,https://www.planning.data.gov.uk/dataset/infrastructure-project-decision,direct_dataset,indexed_on_official_catalogue,,Planning Data typology: Category. Revalidate direct slug during import.,2026-09-04
inq-0072,Infrastructure project document type,"Ministry of Housing, Communities and Local Government",Planning Data,United Kingdom,England,Planning & Development,Controlled category,Lookup / identifiers | Classification,Data linking | Planning analysis,feature / administrative geography,varies,England,JSON | CSV | GeoJSON | Parquet | API,Open,Open Government Licence v3.0,Official,https://www.planning.data.gov.uk/dataset/infrastructure-project-document-type,direct_dataset,indexed_on_official_catalogue,,Planning Data typology: Category. Revalidate direct slug during import.,2026-09-04
inq-0073,Infrastructure project event,"Ministry of Housing, Communities and Local Government",Planning Data,United Kingdom,England,Planning & Development,Controlled category,Lookup / identifiers | Classification,Data linking | Planning analysis,feature / administrative geography,varies,England,JSON | CSV | GeoJSON | Parquet | API,Open,Open Government Licence v3.0,Official,https://www.planning.data.gov.uk/dataset/infrastructure-project-event,direct_dataset,indexed_on_official_catalogue,,Planning Data typology: Category. Revalidate direct slug during import.,2026-09-04
inq-0074,Infrastructure project type,"Ministry of Housing, Communities and Local Government",Planning Data,United Kingdom,England,Planning & Development,Controlled category,Lookup / identifiers | Classification,Data linking | Planning analysis,feature / administrative geography,varies,England,JSON | CSV | GeoJSON | Parquet | API,Open,Open Government Licence v3.0,Official,https://www.planning.data.gov.uk/dataset/infrastructure-project-type,direct_dataset,indexed_on_official_catalogue,,Planning Data typology: Category. Revalidate direct slug during import.,2026-09-04
inq-0075,Listed building grade,"Ministry of Housing, Communities and Local Government",Planning Data,United Kingdom,England,Planning & Development,Controlled category,Lookup / identifiers | Classification,Data linking | Planning analysis,feature / administrative geography,varies,England,JSON | CSV | GeoJSON | Parquet | API,Open,Open Government Licence v3.0,Official,https://www.planning.data.gov.uk/dataset/listed-building-grade,direct_dataset,indexed_on_official_catalogue,,Planning Data typology: Category. Revalidate direct slug during import.,2026-09-04
inq-0076,Local authority type,"Ministry of Housing, Communities and Local Government",Planning Data,United Kingdom,England,Planning & Development,Controlled category,Lookup / identifiers | Classification,Data linking | Planning analysis,feature / administrative geography,varies,England,JSON | CSV | GeoJSON | Parquet | API,Open,Open Government Licence v3.0,Official,https://www.planning.data.gov.uk/dataset/local-authority-type,direct_dataset,indexed_on_official_catalogue,,Planning Data typology: Category. Revalidate direct slug during import.,2026-09-04
inq-0077,Ownership status,"Ministry of Housing, Communities and Local Government",Planning Data,United Kingdom,England,Planning & Development,Controlled category,Lookup / identifiers | Classification,Data linking | Planning analysis,feature / administrative geography,varies,England,JSON | CSV | GeoJSON | Parquet | API,Open,Open Government Licence v3.0,Official,https://www.planning.data.gov.uk/dataset/ownership-status,direct_dataset,indexed_on_official_catalogue,,Planning Data typology: Category. Revalidate direct slug during import.,2026-09-04
inq-0078,Park and garden grade,"Ministry of Housing, Communities and Local Government",Planning Data,United Kingdom,England,Planning & Development,Controlled category,Lookup / identifiers | Classification,Data linking | Planning analysis,feature / administrative geography,varies,England,JSON | CSV | GeoJSON | Parquet | API,Open,Open Government Licence v3.0,Official,https://www.planning.data.gov.uk/dataset/park-and-garden-grade,direct_dataset,indexed_on_official_catalogue,,Planning Data typology: Category. Revalidate direct slug during import.,2026-09-04
inq-0079,Permitted development right,"Ministry of Housing, Communities and Local Government",Planning Data,United Kingdom,England,Planning & Development,Controlled category,Lookup / identifiers | Classification,Data linking | Planning analysis,feature / administrative geography,varies,England,JSON | CSV | GeoJSON | Parquet | API,Open,Open Government Licence v3.0,Official,https://www.planning.data.gov.uk/dataset/permitted-development-right,direct_dataset,indexed_on_official_catalogue,,Planning Data typology: Category. Revalidate direct slug during import.,2026-09-04
inq-0080,Permitted development right part,"Ministry of Housing, Communities and Local Government",Planning Data,United Kingdom,England,Planning & Development,Controlled category,Lookup / identifiers | Classification,Data linking | Planning analysis,feature / administrative geography,varies,England,JSON | CSV | GeoJSON | Parquet | API,Open,Open Government Licence v3.0,Official,https://www.planning.data.gov.uk/dataset/permitted-development-right-part,direct_dataset,indexed_on_official_catalogue,,Planning Data typology: Category. Revalidate direct slug during import.,2026-09-04
inq-0081,Plan event,"Ministry of Housing, Communities and Local Government",Planning Data,United Kingdom,England,Planning & Development,Controlled category,Lookup / identifiers | Classification,Data linking | Planning analysis,feature / administrative geography,varies,England,JSON | CSV | GeoJSON | Parquet | API,Open,Open Government Licence v3.0,Official,https://www.planning.data.gov.uk/dataset/plan-event,direct_dataset,indexed_on_official_catalogue,,Planning Data typology: Category. Revalidate direct slug during import.,2026-09-04
inq-0082,Planning application type,"Ministry of Housing, Communities and Local Government",Planning Data,United Kingdom,England,Planning & Development,Controlled category,Lookup / identifiers | Classification,Data linking | Planning analysis,feature / administrative geography,varies,England,JSON | CSV | GeoJSON | Parquet | API,Open,Open Government Licence v3.0,Official,https://www.planning.data.gov.uk/dataset/planning-application-type,direct_dataset,indexed_on_official_catalogue,,Planning Data typology: Category. Revalidate direct slug during import.,2026-09-04
inq-0083,Planning permission status,"Ministry of Housing, Communities and Local Government",Planning Data,United Kingdom,England,Planning & Development,Controlled category,Lookup / identifiers | Classification,Data linking | Planning analysis,feature / administrative geography,varies,England,JSON | CSV | GeoJSON | Parquet | API,Open,Open Government Licence v3.0,Official,https://www.planning.data.gov.uk/dataset/planning-permission-status,direct_dataset,indexed_on_official_catalogue,,Planning Data typology: Category. Revalidate direct slug during import.,2026-09-04
inq-0084,Planning permission type,"Ministry of Housing, Communities and Local Government",Planning Data,United Kingdom,England,Planning & Development,Controlled category,Lookup / identifiers | Classification,Data linking | Planning analysis,feature / administrative geography,varies,England,JSON | CSV | GeoJSON | Parquet | API,Open,Open Government Licence v3.0,Official,https://www.planning.data.gov.uk/dataset/planning-permission-type,direct_dataset,indexed_on_official_catalogue,,Planning Data typology: Category. Revalidate direct slug during import.,2026-09-04
inq-0085,Site category,"Ministry of Housing, Communities and Local Government",Planning Data,United Kingdom,England,Planning & Development,Controlled category,Lookup / identifiers | Classification,Data linking | Planning analysis,feature / administrative geography,varies,England,JSON | CSV | GeoJSON | Parquet | API,Open,Open Government Licence v3.0,Official,https://www.planning.data.gov.uk/dataset/site-category,direct_dataset,indexed_on_official_catalogue,,Planning Data typology: Category. Revalidate direct slug during import.,2026-09-04
inq-0086,Tree preservation zone type,"Ministry of Housing, Communities and Local Government",Planning Data,United Kingdom,England,Planning & Development,Controlled category,Lookup / identifiers | Classification,Data linking | Planning analysis,feature / administrative geography,varies,England,JSON | CSV | GeoJSON | Parquet | API,Open,Open Government Licence v3.0,Official,https://www.planning.data.gov.uk/dataset/tree-preservation-zone-type,direct_dataset,indexed_on_official_catalogue,,Planning Data typology: Category. Revalidate direct slug during import.,2026-09-04
inq-0087,Article 4 direction,"Ministry of Housing, Communities and Local Government",Planning Data,United Kingdom,England,Planning & Development,Legal Instrument,Policy / governance | Context,Policy analysis | Planning analysis | Document analysis,feature / administrative geography,varies,England,JSON | CSV | GeoJSON | Parquet | API,Open,Open Government Licence v3.0,Official,https://www.planning.data.gov.uk/dataset/article-4-direction,direct_dataset,indexed_on_official_catalogue,,Planning Data typology: Legal Instrument. Revalidate direct slug during import.,2026-09-04
inq-0088,Local plan,"Ministry of Housing, Communities and Local Government",Planning Data,United Kingdom,England,Planning & Development,Legal Instrument,Policy / governance | Context,Policy analysis | Planning analysis | Document analysis,feature / administrative geography,varies,England,JSON | CSV | GeoJSON | Parquet | API,Open,Open Government Licence v3.0,Official,https://www.planning.data.gov.uk/dataset/local-plan,direct_dataset,indexed_on_official_catalogue,,Planning Data typology: Legal Instrument. Revalidate direct slug during import.,2026-09-04
inq-0089,minerals plan,"Ministry of Housing, Communities and Local Government",Planning Data,United Kingdom,England,Planning & Development,Legal Instrument,Policy / governance | Context,Policy analysis | Planning analysis | Document analysis,feature / administrative geography,varies,England,JSON | CSV | GeoJSON | Parquet | API,Open,Open Government Licence v3.0,Official,https://www.planning.data.gov.uk/dataset/minerals-plan,direct_dataset,indexed_on_official_catalogue,,Planning Data typology: Legal Instrument. Revalidate direct slug during import.,2026-09-04
inq-0090,supplementary plan,"Ministry of Housing, Communities and Local Government",Planning Data,United Kingdom,England,Planning & Development,Legal Instrument,Policy / governance | Context,Policy analysis | Planning analysis | Document analysis,feature / administrative geography,varies,England,JSON | CSV | GeoJSON | Parquet | API,Open,Open Government Licence v3.0,Official,https://www.planning.data.gov.uk/dataset/supplementary-plan,direct_dataset,indexed_on_official_catalogue,,Planning Data typology: Legal Instrument. Revalidate direct slug during import.,2026-09-04
inq-0091,Tree preservation order,"Ministry of Housing, Communities and Local Government",Planning Data,United Kingdom,England,Planning & Development,Legal Instrument,Policy / governance | Context,Policy analysis | Planning analysis | Document analysis,feature / administrative geography,varies,England,JSON | CSV | GeoJSON | Parquet | API,Open,Open Government Licence v3.0,Official,https://www.planning.data.gov.uk/dataset/tree-preservation-order,direct_dataset,indexed_on_official_catalogue,,Planning Data typology: Legal Instrument. Revalidate direct slug during import.,2026-09-04
inq-0092,waste plan,"Ministry of Housing, Communities and Local Government",Planning Data,United Kingdom,England,Planning & Development,Legal Instrument,Policy / governance | Context,Policy analysis | Planning analysis | Document analysis,feature / administrative geography,varies,England,JSON | CSV | GeoJSON | Parquet | API,Open,Open Government Licence v3.0,Official,https://www.planning.data.gov.uk/dataset/waste-plan,direct_dataset,indexed_on_official_catalogue,,Planning Data typology: Legal Instrument. Revalidate direct slug during import.,2026-09-04
inq-0093,Community infrastructure levy schedule,"Ministry of Housing, Communities and Local Government",Planning Data,United Kingdom,England,Planning & Development,Document,Policy / governance | Context,Policy analysis | Planning analysis | Document analysis,feature / administrative geography,varies,England,JSON | CSV | GeoJSON | Parquet | API,Open,Open Government Licence v3.0,Official,https://www.planning.data.gov.uk/dataset/community-infrastructure-levy-schedule,direct_dataset,indexed_on_official_catalogue,,Planning Data typology: Document. Revalidate direct slug during import.,2026-09-04
inq-0094,Conservation area document,"Ministry of Housing, Communities and Local Government",Planning Data,United Kingdom,England,Planning & Development,Document,Policy / governance | Context,Policy analysis | Planning analysis | Document analysis,feature / administrative geography,varies,England,JSON | CSV | GeoJSON | Parquet | API,Open,Open Government Licence v3.0,Official,https://www.planning.data.gov.uk/dataset/conservation-area-document,direct_dataset,indexed_on_official_catalogue,,Planning Data typology: Document. Revalidate direct slug during import.,2026-09-04
inq-0095,Developer agreement,"Ministry of Housing, Communities and Local Government",Planning Data,United Kingdom,England,Planning & Development,Document,Policy / governance | Context,Policy analysis | Planning analysis | Document analysis,feature / administrative geography,varies,England,JSON | CSV | GeoJSON | Parquet | API,Open,Open Government Licence v3.0,Official,https://www.planning.data.gov.uk/dataset/developer-agreement,direct_dataset,indexed_on_official_catalogue,,Planning Data typology: Document. Revalidate direct slug during import.,2026-09-04
inq-0096,Development plan document,"Ministry of Housing, Communities and Local Government",Planning Data,United Kingdom,England,Planning & Development,Document,Policy / governance | Context,Policy analysis | Planning analysis | Document analysis,feature / administrative geography,varies,England,JSON | CSV | GeoJSON | Parquet | API,Open,Open Government Licence v3.0,Official,https://www.planning.data.gov.uk/dataset/development-plan-document,direct_dataset,indexed_on_official_catalogue,,Planning Data typology: Document. Revalidate direct slug during import.,2026-09-04
inq-0097,Infrastructure funding statement,"Ministry of Housing, Communities and Local Government",Planning Data,United Kingdom,England,Planning & Development,Document,Policy / governance | Context,Policy analysis | Planning analysis | Document analysis,feature / administrative geography,varies,England,JSON | CSV | GeoJSON | Parquet | API,Open,Open Government Licence v3.0,Official,https://www.planning.data.gov.uk/dataset/infrastructure-funding-statement,direct_dataset,indexed_on_official_catalogue,,Planning Data typology: Document. Revalidate direct slug during import.,2026-09-04
inq-0098,Local area requirements,"Ministry of Housing, Communities and Local Government",Planning Data,United Kingdom,England,Planning & Development,Document,Policy / governance | Context,Policy analysis | Planning analysis | Document analysis,feature / administrative geography,varies,England,JSON | CSV | GeoJSON | Parquet | API,Open,Open Government Licence v3.0,Official,https://www.planning.data.gov.uk/dataset/local-area-requirements,direct_dataset,indexed_on_official_catalogue,,Planning Data typology: Document. Revalidate direct slug during import.,2026-09-04
inq-0099,Company,"Ministry of Housing, Communities and Local Government",Planning Data,United Kingdom,England,Policy & Governance,Organisation reference,Lookup / identifiers | Context,Governance analysis | Data linking,feature / administrative geography,varies,England,JSON | CSV | GeoJSON | Parquet | API,Open,Open Government Licence v3.0,Official,https://www.planning.data.gov.uk/dataset/company,direct_dataset,indexed_on_official_catalogue,,Planning Data typology: Organisation. Revalidate direct slug during import.,2026-09-04
inq-0100,Development corporation,"Ministry of Housing, Communities and Local Government",Planning Data,United Kingdom,England,Policy & Governance,Organisation reference,Lookup / identifiers | Context,Governance analysis | Data linking,feature / administrative geography,varies,England,JSON | CSV | GeoJSON | Parquet | API,Open,Open Government Licence v3.0,Official,https://www.planning.data.gov.uk/dataset/development-corporation,direct_dataset,indexed_on_official_catalogue,,Planning Data typology: Organisation. Revalidate direct slug during import.,2026-09-04
inq-0101,Government organisation,"Ministry of Housing, Communities and Local Government",Planning Data,United Kingdom,England,Policy & Governance,Organisation reference,Lookup / identifiers | Context,Governance analysis | Data linking,feature / administrative geography,varies,England,JSON | CSV | GeoJSON | Parquet | API,Open,Open Government Licence v3.0,Official,https://www.planning.data.gov.uk/dataset/government-organisation,direct_dataset,indexed_on_official_catalogue,,Planning Data typology: Organisation. Revalidate direct slug during import.,2026-09-04
inq-0102,Local authority,"Ministry of Housing, Communities and Local Government",Planning Data,United Kingdom,England,Policy & Governance,Organisation reference,Lookup / identifiers | Context,Governance analysis | Data linking,feature / administrative geography,varies,England,JSON | CSV | GeoJSON | Parquet | API,Open,Open Government Licence v3.0,Official,https://www.planning.data.gov.uk/dataset/local-authority,direct_dataset,indexed_on_official_catalogue,,Planning Data typology: Organisation. Revalidate direct slug during import.,2026-09-04
inq-0103,Local planning group,"Ministry of Housing, Communities and Local Government",Planning Data,United Kingdom,England,Policy & Governance,Organisation reference,Lookup / identifiers | Context,Governance analysis | Data linking,feature / administrative geography,varies,England,JSON | CSV | GeoJSON | Parquet | API,Open,Open Government Licence v3.0,Official,https://www.planning.data.gov.uk/dataset/local-planning-group,direct_dataset,indexed_on_official_catalogue,,Planning Data typology: Organisation. Revalidate direct slug during import.,2026-09-04
inq-0104,Local resilience forum,"Ministry of Housing, Communities and Local Government",Planning Data,United Kingdom,England,Policy & Governance,Organisation reference,Lookup / identifiers | Context,Governance analysis | Data linking,feature / administrative geography,varies,England,JSON | CSV | GeoJSON | Parquet | API,Open,Open Government Licence v3.0,Official,https://www.planning.data.gov.uk/dataset/local-resilience-forum,direct_dataset,indexed_on_official_catalogue,,Planning Data typology: Organisation. Revalidate direct slug during import.,2026-09-04
inq-0105,National park authority,"Ministry of Housing, Communities and Local Government",Planning Data,United Kingdom,England,Policy & Governance,Organisation reference,Lookup / identifiers | Context,Governance analysis | Data linking,feature / administrative geography,varies,England,JSON | CSV | GeoJSON | Parquet | API,Open,Open Government Licence v3.0,Official,https://www.planning.data.gov.uk/dataset/national-park-authority,direct_dataset,indexed_on_official_catalogue,,Planning Data typology: Organisation. Revalidate direct slug during import.,2026-09-04
inq-0106,Nonprofit organisation,"Ministry of Housing, Communities and Local Government",Planning Data,United Kingdom,England,Policy & Governance,Organisation reference,Lookup / identifiers | Context,Governance analysis | Data linking,feature / administrative geography,varies,England,JSON | CSV | GeoJSON | Parquet | API,Open,Open Government Licence v3.0,Official,https://www.planning.data.gov.uk/dataset/,official_collection,collection_record_link_checked,,Exact Planning Data slug returned 404 on 2026-09-04; retained as a collection record pending resolver confirmation.,2026-09-04
inq-0107,Passenger transport executive,"Ministry of Housing, Communities and Local Government",Planning Data,United Kingdom,England,Policy & Governance,Organisation reference,Lookup / identifiers | Context,Governance analysis | Data linking,feature / administrative geography,varies,England,JSON | CSV | GeoJSON | Parquet | API,Open,Open Government Licence v3.0,Official,https://www.planning.data.gov.uk/dataset/passenger-transport-executive,direct_dataset,indexed_on_official_catalogue,,Planning Data typology: Organisation. Revalidate direct slug during import.,2026-09-04
inq-0108,Public authority,"Ministry of Housing, Communities and Local Government",Planning Data,United Kingdom,England,Policy & Governance,Organisation reference,Lookup / identifiers | Context,Governance analysis | Data linking,feature / administrative geography,varies,England,JSON | CSV | GeoJSON | Parquet | API,Open,Open Government Licence v3.0,Official,https://www.planning.data.gov.uk/dataset/public-authority,direct_dataset,indexed_on_official_catalogue,,Planning Data typology: Organisation. Revalidate direct slug during import.,2026-09-04
inq-0109,Regional park authority,"Ministry of Housing, Communities and Local Government",Planning Data,United Kingdom,England,Policy & Governance,Organisation reference,Lookup / identifiers | Context,Governance analysis | Data linking,feature / administrative geography,varies,England,JSON | CSV | GeoJSON | Parquet | API,Open,Open Government Licence v3.0,Official,https://www.planning.data.gov.uk/dataset/regional-park-authority,direct_dataset,indexed_on_official_catalogue,,Planning Data typology: Organisation. Revalidate direct slug during import.,2026-09-04
inq-0110,Waste disposal authority,"Ministry of Housing, Communities and Local Government",Planning Data,United Kingdom,England,Policy & Governance,Organisation reference,Lookup / identifiers | Context,Governance analysis | Data linking,feature / administrative geography,varies,England,JSON | CSV | GeoJSON | Parquet | API,Open,Open Government Licence v3.0,Official,https://www.planning.data.gov.uk/dataset/,official_collection,collection_record_link_checked,,Exact Planning Data slug returned 404 on 2026-09-04; retained as a collection record pending resolver confirmation.,2026-09-04
inq-0111,Design code,"Ministry of Housing, Communities and Local Government",Planning Data,United Kingdom,England,Planning & Development,Policy,Policy / governance | Context,Policy analysis | Planning analysis | Document analysis,feature / administrative geography,varies,England,JSON | CSV | GeoJSON | Parquet | API,Open,Open Government Licence v3.0,Official,https://www.planning.data.gov.uk/dataset/design-code,direct_dataset,indexed_on_official_catalogue,,Planning Data typology: Policy. Revalidate direct slug during import.,2026-09-04
inq-0112,Design code rule,"Ministry of Housing, Communities and Local Government",Planning Data,United Kingdom,England,Planning & Development,Policy,Policy / governance | Context,Policy analysis | Planning analysis | Document analysis,feature / administrative geography,varies,England,JSON | CSV | GeoJSON | Parquet | API,Open,Open Government Licence v3.0,Official,https://www.planning.data.gov.uk/dataset/design-code-rule,direct_dataset,indexed_on_official_catalogue,,Planning Data typology: Policy. Revalidate direct slug during import.,2026-09-04
inq-0113,Planning application condition,"Ministry of Housing, Communities and Local Government",Planning Data,United Kingdom,England,Planning & Development,Policy,Policy / governance | Context,Policy analysis | Planning analysis | Document analysis,feature / administrative geography,varies,England,JSON | CSV | GeoJSON | Parquet | API,Open,Open Government Licence v3.0,Official,https://www.planning.data.gov.uk/dataset/planning-application-condition,direct_dataset,indexed_on_official_catalogue,,Planning Data typology: Policy. Revalidate direct slug during import.,2026-09-04
inq-0114,Planning condition,"Ministry of Housing, Communities and Local Government",Planning Data,United Kingdom,England,Planning & Development,Policy,Policy / governance | Context,Policy analysis | Planning analysis | Document analysis,feature / administrative geography,varies,England,JSON | CSV | GeoJSON | Parquet | API,Open,Open Government Licence v3.0,Official,https://www.planning.data.gov.uk/dataset/planning-condition,direct_dataset,indexed_on_official_catalogue,,Planning Data typology: Policy. Revalidate direct slug during import.,2026-09-04
inq-0115,Developer agreement contribution,"Ministry of Housing, Communities and Local Government",Planning Data,United Kingdom,England,Planning & Development,Developer contributions,Economic / policy | Outcome,Planning analysis | Economic analysis,feature / administrative geography,varies,England,JSON | CSV | GeoJSON | Parquet | API,Open,Open Government Licence v3.0,Official,https://www.planning.data.gov.uk/dataset/developer-agreement-contribution,direct_dataset,indexed_on_official_catalogue,,Planning Data typology: Metric. Revalidate direct slug during import.,2026-09-04
inq-0116,Developer agreement transaction,"Ministry of Housing, Communities and Local Government",Planning Data,United Kingdom,England,Planning & Development,Developer contributions,Economic / policy | Outcome,Planning analysis | Economic analysis,feature / administrative geography,varies,England,JSON | CSV | GeoJSON | Parquet | API,Open,Open Government Licence v3.0,Official,https://www.planning.data.gov.uk/dataset/developer-agreement-transaction,direct_dataset,indexed_on_official_catalogue,,Planning Data typology: Metric. Revalidate direct slug during import.,2026-09-04
inq-0117,plan timetable,"Ministry of Housing, Communities and Local Government",Planning Data,United Kingdom,England,Planning & Development,Timetable,Policy / governance | Context,Policy analysis | Planning analysis | Document analysis,feature / administrative geography,varies,England,JSON | CSV | GeoJSON | Parquet | API,Open,Open Government Licence v3.0,Official,https://www.planning.data.gov.uk/dataset/plan-timetable,direct_dataset,indexed_on_official_catalogue,,Planning Data typology: Timetable. Revalidate direct slug during import.,2026-09-04
inq-0118,HadUK-Grid Maximum air temperature – monthly – 1km,Met Office,HadUK-Grid,United Kingdom,UK,Weather & Climate,temperature,Climate / exposure | Validation / reference | Predictor,GIS | Time-series | Climate analysis | Building simulation context,1km raster grid,monthly,UK land area,NetCDF,Open,Open Government Licence,Official,https://www.metoffice.gov.uk/research/climate/maps-and-data/data/haduk-grid/datasets,official_collection,partition_of_verified_dataset,tasmax: Maximum air temperature,Partition defined by the official HadUK-Grid variable × frequency × resolution convention.,2026-09-04
inq-0119,HadUK-Grid Maximum air temperature – monthly – 5km,Met Office,HadUK-Grid,United Kingdom,UK,Weather & Climate,temperature,Climate / exposure | Validation / reference | Predictor,GIS | Time-series | Climate analysis | Building simulation context,5km raster grid,monthly,UK land area,NetCDF,Open,Open Government Licence,Official,https://www.metoffice.gov.uk/research/climate/maps-and-data/data/haduk-grid/datasets,official_collection,partition_of_verified_dataset,tasmax: Maximum air temperature,Partition defined by the official HadUK-Grid variable × frequency × resolution convention.,2026-09-04
inq-0120,HadUK-Grid Maximum air temperature – monthly – 12km,Met Office,HadUK-Grid,United Kingdom,UK,Weather & Climate,temperature,Climate / exposure | Validation / reference | Predictor,GIS | Time-series | Climate analysis | Building simulation context,12km raster grid,monthly,UK land area,NetCDF,Open,Open Government Licence,Official,https://www.metoffice.gov.uk/research/climate/maps-and-data/data/haduk-grid/datasets,official_collection,partition_of_verified_dataset,tasmax: Maximum air temperature,Partition defined by the official HadUK-Grid variable × frequency × resolution convention.,2026-09-04
inq-0121,HadUK-Grid Maximum air temperature – monthly – 25km,Met Office,HadUK-Grid,United Kingdom,UK,Weather & Climate,temperature,Climate / exposure | Validation / reference | Predictor,GIS | Time-series | Climate analysis | Building simulation context,25km raster grid,monthly,UK land area,NetCDF,Open,Open Government Licence,Official,https://www.metoffice.gov.uk/research/climate/maps-and-data/data/haduk-grid/datasets,official_collection,partition_of_verified_dataset,tasmax: Maximum air temperature,Partition defined by the official HadUK-Grid variable × frequency × resolution convention.,2026-09-04
inq-0122,HadUK-Grid Maximum air temperature – monthly – 60km,Met Office,HadUK-Grid,United Kingdom,UK,Weather & Climate,temperature,Climate / exposure | Validation / reference | Predictor,GIS | Time-series | Climate analysis | Building simulation context,60km raster grid,monthly,UK land area,NetCDF,Open,Open Government Licence,Official,https://www.metoffice.gov.uk/research/climate/maps-and-data/data/haduk-grid/datasets,official_collection,partition_of_verified_dataset,tasmax: Maximum air temperature,Partition defined by the official HadUK-Grid variable × frequency × resolution convention.,2026-09-04
inq-0123,HadUK-Grid Minimum air temperature – monthly – 1km,Met Office,HadUK-Grid,United Kingdom,UK,Weather & Climate,temperature,Climate / exposure | Validation / reference | Predictor,GIS | Time-series | Climate analysis | Building simulation context,1km raster grid,monthly,UK land area,NetCDF,Open,Open Government Licence,Official,https://www.metoffice.gov.uk/research/climate/maps-and-data/data/haduk-grid/datasets,official_collection,partition_of_verified_dataset,tasmin: Minimum air temperature,Partition defined by the official HadUK-Grid variable × frequency × resolution convention.,2026-09-04
inq-0124,HadUK-Grid Minimum air temperature – monthly – 5km,Met Office,HadUK-Grid,United Kingdom,UK,Weather & Climate,temperature,Climate / exposure | Validation / reference | Predictor,GIS | Time-series | Climate analysis | Building simulation context,5km raster grid,monthly,UK land area,NetCDF,Open,Open Government Licence,Official,https://www.metoffice.gov.uk/research/climate/maps-and-data/data/haduk-grid/datasets,official_collection,partition_of_verified_dataset,tasmin: Minimum air temperature,Partition defined by the official HadUK-Grid variable × frequency × resolution convention.,2026-09-04
inq-0125,HadUK-Grid Minimum air temperature – monthly – 12km,Met Office,HadUK-Grid,United Kingdom,UK,Weather & Climate,temperature,Climate / exposure | Validation / reference | Predictor,GIS | Time-series | Climate analysis | Building simulation context,12km raster grid,monthly,UK land area,NetCDF,Open,Open Government Licence,Official,https://www.metoffice.gov.uk/research/climate/maps-and-data/data/haduk-grid/datasets,official_collection,partition_of_verified_dataset,tasmin: Minimum air temperature,Partition defined by the official HadUK-Grid variable × frequency × resolution convention.,2026-09-04
inq-0126,HadUK-Grid Minimum air temperature – monthly – 25km,Met Office,HadUK-Grid,United Kingdom,UK,Weather & Climate,temperature,Climate / exposure | Validation / reference | Predictor,GIS | Time-series | Climate analysis | Building simulation context,25km raster grid,monthly,UK land area,NetCDF,Open,Open Government Licence,Official,https://www.metoffice.gov.uk/research/climate/maps-and-data/data/haduk-grid/datasets,official_collection,partition_of_verified_dataset,tasmin: Minimum air temperature,Partition defined by the official HadUK-Grid variable × frequency × resolution convention.,2026-09-04
inq-0127,HadUK-Grid Minimum air temperature – monthly – 60km,Met Office,HadUK-Grid,United Kingdom,UK,Weather & Climate,temperature,Climate / exposure | Validation / reference | Predictor,GIS | Time-series | Climate analysis | Building simulation context,60km raster grid,monthly,UK land area,NetCDF,Open,Open Government Licence,Official,https://www.metoffice.gov.uk/research/climate/maps-and-data/data/haduk-grid/datasets,official_collection,partition_of_verified_dataset,tasmin: Minimum air temperature,Partition defined by the official HadUK-Grid variable × frequency × resolution convention.,2026-09-04
inq-0128,HadUK-Grid Mean air temperature – monthly – 1km,Met Office,HadUK-Grid,United Kingdom,UK,Weather & Climate,temperature,Climate / exposure | Validation / reference | Predictor,GIS | Time-series | Climate analysis | Building simulation context,1km raster grid,monthly,UK land area,NetCDF,Open,Open Government Licence,Official,https://www.metoffice.gov.uk/research/climate/maps-and-data/data/haduk-grid/datasets,official_collection,partition_of_verified_dataset,tas: Mean air temperature,Partition defined by the official HadUK-Grid variable × frequency × resolution convention.,2026-09-04
inq-0129,HadUK-Grid Mean air temperature – monthly – 5km,Met Office,HadUK-Grid,United Kingdom,UK,Weather & Climate,temperature,Climate / exposure | Validation / reference | Predictor,GIS | Time-series | Climate analysis | Building simulation context,5km raster grid,monthly,UK land area,NetCDF,Open,Open Government Licence,Official,https://www.metoffice.gov.uk/research/climate/maps-and-data/data/haduk-grid/datasets,official_collection,partition_of_verified_dataset,tas: Mean air temperature,Partition defined by the official HadUK-Grid variable × frequency × resolution convention.,2026-09-04
inq-0130,HadUK-Grid Mean air temperature – monthly – 12km,Met Office,HadUK-Grid,United Kingdom,UK,Weather & Climate,temperature,Climate / exposure | Validation / reference | Predictor,GIS | Time-series | Climate analysis | Building simulation context,12km raster grid,monthly,UK land area,NetCDF,Open,Open Government Licence,Official,https://www.metoffice.gov.uk/research/climate/maps-and-data/data/haduk-grid/datasets,official_collection,partition_of_verified_dataset,tas: Mean air temperature,Partition defined by the official HadUK-Grid variable × frequency × resolution convention.,2026-09-04
inq-0131,HadUK-Grid Mean air temperature – monthly – 25km,Met Office,HadUK-Grid,United Kingdom,UK,Weather & Climate,temperature,Climate / exposure | Validation / reference | Predictor,GIS | Time-series | Climate analysis | Building simulation context,25km raster grid,monthly,UK land area,NetCDF,Open,Open Government Licence,Official,https://www.metoffice.gov.uk/research/climate/maps-and-data/data/haduk-grid/datasets,official_collection,partition_of_verified_dataset,tas: Mean air temperature,Partition defined by the official HadUK-Grid variable × frequency × resolution convention.,2026-09-04
inq-0132,HadUK-Grid Mean air temperature – monthly – 60km,Met Office,HadUK-Grid,United Kingdom,UK,Weather & Climate,temperature,Climate / exposure | Validation / reference | Predictor,GIS | Time-series | Climate analysis | Building simulation context,60km raster grid,monthly,UK land area,NetCDF,Open,Open Government Licence,Official,https://www.metoffice.gov.uk/research/climate/maps-and-data/data/haduk-grid/datasets,official_collection,partition_of_verified_dataset,tas: Mean air temperature,Partition defined by the official HadUK-Grid variable × frequency × resolution convention.,2026-09-04
inq-0133,HadUK-Grid Precipitation – monthly – 1km,Met Office,HadUK-Grid,United Kingdom,UK,Weather & Climate,precipitation,Climate / exposure | Validation / reference | Predictor,GIS | Time-series | Climate analysis | Building simulation context,1km raster grid,monthly,UK land area,NetCDF,Open,Open Government Licence,Official,https://www.metoffice.gov.uk/research/climate/maps-and-data/data/haduk-grid/datasets,official_collection,partition_of_verified_dataset,rainfall: Precipitation,Partition defined by the official HadUK-Grid variable × frequency × resolution convention.,2026-09-04
inq-0134,HadUK-Grid Precipitation – monthly – 5km,Met Office,HadUK-Grid,United Kingdom,UK,Weather & Climate,precipitation,Climate / exposure | Validation / reference | Predictor,GIS | Time-series | Climate analysis | Building simulation context,5km raster grid,monthly,UK land area,NetCDF,Open,Open Government Licence,Official,https://www.metoffice.gov.uk/research/climate/maps-and-data/data/haduk-grid/datasets,official_collection,partition_of_verified_dataset,rainfall: Precipitation,Partition defined by the official HadUK-Grid variable × frequency × resolution convention.,2026-09-04
inq-0135,HadUK-Grid Precipitation – monthly – 12km,Met Office,HadUK-Grid,United Kingdom,UK,Weather & Climate,precipitation,Climate / exposure | Validation / reference | Predictor,GIS | Time-series | Climate analysis | Building simulation context,12km raster grid,monthly,UK land area,NetCDF,Open,Open Government Licence,Official,https://www.metoffice.gov.uk/research/climate/maps-and-data/data/haduk-grid/datasets,official_collection,partition_of_verified_dataset,rainfall: Precipitation,Partition defined by the official HadUK-Grid variable × frequency × resolution convention.,2026-09-04
inq-0136,HadUK-Grid Precipitation – monthly – 25km,Met Office,HadUK-Grid,United Kingdom,UK,Weather & Climate,precipitation,Climate / exposure | Validation / reference | Predictor,GIS | Time-series | Climate analysis | Building simulation context,25km raster grid,monthly,UK land area,NetCDF,Open,Open Government Licence,Official,https://www.metoffice.gov.uk/research/climate/maps-and-data/data/haduk-grid/datasets,official_collection,partition_of_verified_dataset,rainfall: Precipitation,Partition defined by the official HadUK-Grid variable × frequency × resolution convention.,2026-09-04
inq-0137,HadUK-Grid Precipitation – monthly – 60km,Met Office,HadUK-Grid,United Kingdom,UK,Weather & Climate,precipitation,Climate / exposure | Validation / reference | Predictor,GIS | Time-series | Climate analysis | Building simulation context,60km raster grid,monthly,UK land area,NetCDF,Open,Open Government Licence,Official,https://www.metoffice.gov.uk/research/climate/maps-and-data/data/haduk-grid/datasets,official_collection,partition_of_verified_dataset,rainfall: Precipitation,Partition defined by the official HadUK-Grid variable × frequency × resolution convention.,2026-09-04
inq-0138,HadUK-Grid Sunshine duration – monthly – 1km,Met Office,HadUK-Grid,United Kingdom,UK,Weather & Climate,solar / sunshine,Climate / exposure | Validation / reference | Predictor,GIS | Time-series | Climate analysis | Building simulation context,1km raster grid,monthly,UK land area,NetCDF,Open,Open Government Licence,Official,https://www.metoffice.gov.uk/research/climate/maps-and-data/data/haduk-grid/datasets,official_collection,partition_of_verified_dataset,sun: Sunshine duration,Partition defined by the official HadUK-Grid variable × frequency × resolution convention.,2026-09-04
inq-0139,HadUK-Grid Sunshine duration – monthly – 5km,Met Office,HadUK-Grid,United Kingdom,UK,Weather & Climate,solar / sunshine,Climate / exposure | Validation / reference | Predictor,GIS | Time-series | Climate analysis | Building simulation context,5km raster grid,monthly,UK land area,NetCDF,Open,Open Government Licence,Official,https://www.metoffice.gov.uk/research/climate/maps-and-data/data/haduk-grid/datasets,official_collection,partition_of_verified_dataset,sun: Sunshine duration,Partition defined by the official HadUK-Grid variable × frequency × resolution convention.,2026-09-04
inq-0140,HadUK-Grid Sunshine duration – monthly – 12km,Met Office,HadUK-Grid,United Kingdom,UK,Weather & Climate,solar / sunshine,Climate / exposure | Validation / reference | Predictor,GIS | Time-series | Climate analysis | Building simulation context,12km raster grid,monthly,UK land area,NetCDF,Open,Open Government Licence,Official,https://www.metoffice.gov.uk/research/climate/maps-and-data/data/haduk-grid/datasets,official_collection,partition_of_verified_dataset,sun: Sunshine duration,Partition defined by the official HadUK-Grid variable × frequency × resolution convention.,2026-09-04
inq-0141,HadUK-Grid Sunshine duration – monthly – 25km,Met Office,HadUK-Grid,United Kingdom,UK,Weather & Climate,solar / sunshine,Climate / exposure | Validation / reference | Predictor,GIS | Time-series | Climate analysis | Building simulation context,25km raster grid,monthly,UK land area,NetCDF,Open,Open Government Licence,Official,https://www.metoffice.gov.uk/research/climate/maps-and-data/data/haduk-grid/datasets,official_collection,partition_of_verified_dataset,sun: Sunshine duration,Partition defined by the official HadUK-Grid variable × frequency × resolution convention.,2026-09-04
inq-0142,HadUK-Grid Sunshine duration – monthly – 60km,Met Office,HadUK-Grid,United Kingdom,UK,Weather & Climate,solar / sunshine,Climate / exposure | Validation / reference | Predictor,GIS | Time-series | Climate analysis | Building simulation context,60km raster grid,monthly,UK land area,NetCDF,Open,Open Government Licence,Official,https://www.metoffice.gov.uk/research/climate/maps-and-data/data/haduk-grid/datasets,official_collection,partition_of_verified_dataset,sun: Sunshine duration,Partition defined by the official HadUK-Grid variable × frequency × resolution convention.,2026-09-04
inq-0143,HadUK-Grid Mean wind speed at 10 m – monthly – 1km,Met Office,HadUK-Grid,United Kingdom,UK,Weather & Climate,wind,Climate / exposure | Validation / reference | Predictor,GIS | Time-series | Climate analysis | Building simulation context,1km raster grid,monthly,UK land area,NetCDF,Open,Open Government Licence,Official,https://www.metoffice.gov.uk/research/climate/maps-and-data/data/haduk-grid/datasets,official_collection,partition_of_verified_dataset,sfcWind: Mean wind speed at 10 m,Partition defined by the official HadUK-Grid variable × frequency × resolution convention.,2026-09-04
inq-0144,HadUK-Grid Mean wind speed at 10 m – monthly – 5km,Met Office,HadUK-Grid,United Kingdom,UK,Weather & Climate,wind,Climate / exposure | Validation / reference | Predictor,GIS | Time-series | Climate analysis | Building simulation context,5km raster grid,monthly,UK land area,NetCDF,Open,Open Government Licence,Official,https://www.metoffice.gov.uk/research/climate/maps-and-data/data/haduk-grid/datasets,official_collection,partition_of_verified_dataset,sfcWind: Mean wind speed at 10 m,Partition defined by the official HadUK-Grid variable × frequency × resolution convention.,2026-09-04
inq-0145,HadUK-Grid Mean wind speed at 10 m – monthly – 12km,Met Office,HadUK-Grid,United Kingdom,UK,Weather & Climate,wind,Climate / exposure | Validation / reference | Predictor,GIS | Time-series | Climate analysis | Building simulation context,12km raster grid,monthly,UK land area,NetCDF,Open,Open Government Licence,Official,https://www.metoffice.gov.uk/research/climate/maps-and-data/data/haduk-grid/datasets,official_collection,partition_of_verified_dataset,sfcWind: Mean wind speed at 10 m,Partition defined by the official HadUK-Grid variable × frequency × resolution convention.,2026-09-04
inq-0146,HadUK-Grid Mean wind speed at 10 m – monthly – 25km,Met Office,HadUK-Grid,United Kingdom,UK,Weather & Climate,wind,Climate / exposure | Validation / reference | Predictor,GIS | Time-series | Climate analysis | Building simulation context,25km raster grid,monthly,UK land area,NetCDF,Open,Open Government Licence,Official,https://www.metoffice.gov.uk/research/climate/maps-and-data/data/haduk-grid/datasets,official_collection,partition_of_verified_dataset,sfcWind: Mean wind speed at 10 m,Partition defined by the official HadUK-Grid variable × frequency × resolution convention.,2026-09-04
inq-0147,HadUK-Grid Mean wind speed at 10 m – monthly – 60km,Met Office,HadUK-Grid,United Kingdom,UK,Weather & Climate,wind,Climate / exposure | Validation / reference | Predictor,GIS | Time-series | Climate analysis | Building simulation context,60km raster grid,monthly,UK land area,NetCDF,Open,Open Government Licence,Official,https://www.metoffice.gov.uk/research/climate/maps-and-data/data/haduk-grid/datasets,official_collection,partition_of_verified_dataset,sfcWind: Mean wind speed at 10 m,Partition defined by the official HadUK-Grid variable × frequency × resolution convention.,2026-09-04
inq-0148,HadUK-Grid Mean sea level pressure – monthly – 1km,Met Office,HadUK-Grid,United Kingdom,UK,Weather & Climate,pressure,Climate / exposure | Validation / reference | Predictor,GIS | Time-series | Climate analysis | Building simulation context,1km raster grid,monthly,UK land area,NetCDF,Open,Open Government Licence,Official,https://www.metoffice.gov.uk/research/climate/maps-and-data/data/haduk-grid/datasets,official_collection,partition_of_verified_dataset,psl: Mean sea level pressure,Partition defined by the official HadUK-Grid variable × frequency × resolution convention.,2026-09-04
inq-0149,HadUK-Grid Mean sea level pressure – monthly – 5km,Met Office,HadUK-Grid,United Kingdom,UK,Weather & Climate,pressure,Climate / exposure | Validation / reference | Predictor,GIS | Time-series | Climate analysis | Building simulation context,5km raster grid,monthly,UK land area,NetCDF,Open,Open Government Licence,Official,https://www.metoffice.gov.uk/research/climate/maps-and-data/data/haduk-grid/datasets,official_collection,partition_of_verified_dataset,psl: Mean sea level pressure,Partition defined by the official HadUK-Grid variable × frequency × resolution convention.,2026-09-04
inq-0150,HadUK-Grid Mean sea level pressure – monthly – 12km,Met Office,HadUK-Grid,United Kingdom,UK,Weather & Climate,pressure,Climate / exposure | Validation / reference | Predictor,GIS | Time-series | Climate analysis | Building simulation context,12km raster grid,monthly,UK land area,NetCDF,Open,Open Government Licence,Official,https://www.metoffice.gov.uk/research/climate/maps-and-data/data/haduk-grid/datasets,official_collection,partition_of_verified_dataset,psl: Mean sea level pressure,Partition defined by the official HadUK-Grid variable × frequency × resolution convention.,2026-09-04
inq-0151,HadUK-Grid Mean sea level pressure – monthly – 25km,Met Office,HadUK-Grid,United Kingdom,UK,Weather & Climate,pressure,Climate / exposure | Validation / reference | Predictor,GIS | Time-series | Climate analysis | Building simulation context,25km raster grid,monthly,UK land area,NetCDF,Open,Open Government Licence,Official,https://www.metoffice.gov.uk/research/climate/maps-and-data/data/haduk-grid/datasets,official_collection,partition_of_verified_dataset,psl: Mean sea level pressure,Partition defined by the official HadUK-Grid variable × frequency × resolution convention.,2026-09-04
inq-0152,HadUK-Grid Mean sea level pressure – monthly – 60km,Met Office,HadUK-Grid,United Kingdom,UK,Weather & Climate,pressure,Climate / exposure | Validation / reference | Predictor,GIS | Time-series | Climate analysis | Building simulation context,60km raster grid,monthly,UK land area,NetCDF,Open,Open Government Licence,Official,https://www.metoffice.gov.uk/research/climate/maps-and-data/data/haduk-grid/datasets,official_collection,partition_of_verified_dataset,psl: Mean sea level pressure,Partition defined by the official HadUK-Grid variable × frequency × resolution convention.,2026-09-04
inq-0153,HadUK-Grid Mean relative humidity – monthly – 1km,Met Office,HadUK-Grid,United Kingdom,UK,Weather & Climate,humidity,Climate / exposure | Validation / reference | Predictor,GIS | Time-series | Climate analysis | Building simulation context,1km raster grid,monthly,UK land area,NetCDF,Open,Open Government Licence,Official,https://www.metoffice.gov.uk/research/climate/maps-and-data/data/haduk-grid/datasets,official_collection,partition_of_verified_dataset,hurs: Mean relative humidity,Partition defined by the official HadUK-Grid variable × frequency × resolution convention.,2026-09-04
inq-0154,HadUK-Grid Mean relative humidity – monthly – 5km,Met Office,HadUK-Grid,United Kingdom,UK,Weather & Climate,humidity,Climate / exposure | Validation / reference | Predictor,GIS | Time-series | Climate analysis | Building simulation context,5km raster grid,monthly,UK land area,NetCDF,Open,Open Government Licence,Official,https://www.metoffice.gov.uk/research/climate/maps-and-data/data/haduk-grid/datasets,official_collection,partition_of_verified_dataset,hurs: Mean relative humidity,Partition defined by the official HadUK-Grid variable × frequency × resolution convention.,2026-09-04
inq-0155,HadUK-Grid Mean relative humidity – monthly – 12km,Met Office,HadUK-Grid,United Kingdom,UK,Weather & Climate,humidity,Climate / exposure | Validation / reference | Predictor,GIS | Time-series | Climate analysis | Building simulation context,12km raster grid,monthly,UK land area,NetCDF,Open,Open Government Licence,Official,https://www.metoffice.gov.uk/research/climate/maps-and-data/data/haduk-grid/datasets,official_collection,partition_of_verified_dataset,hurs: Mean relative humidity,Partition defined by the official HadUK-Grid variable × frequency × resolution convention.,2026-09-04
inq-0156,HadUK-Grid Mean relative humidity – monthly – 25km,Met Office,HadUK-Grid,United Kingdom,UK,Weather & Climate,humidity,Climate / exposure | Validation / reference | Predictor,GIS | Time-series | Climate analysis | Building simulation context,25km raster grid,monthly,UK land area,NetCDF,Open,Open Government Licence,Official,https://www.metoffice.gov.uk/research/climate/maps-and-data/data/haduk-grid/datasets,official_collection,partition_of_verified_dataset,hurs: Mean relative humidity,Partition defined by the official HadUK-Grid variable × frequency × resolution convention.,2026-09-04
inq-0157,HadUK-Grid Mean relative humidity – monthly – 60km,Met Office,HadUK-Grid,United Kingdom,UK,Weather & Climate,humidity,Climate / exposure | Validation / reference | Predictor,GIS | Time-series | Climate analysis | Building simulation context,60km raster grid,monthly,UK land area,NetCDF,Open,Open Government Licence,Official,https://www.metoffice.gov.uk/research/climate/maps-and-data/data/haduk-grid/datasets,official_collection,partition_of_verified_dataset,hurs: Mean relative humidity,Partition defined by the official HadUK-Grid variable × frequency × resolution convention.,2026-09-04
inq-0158,HadUK-Grid Mean vapour pressure – monthly – 1km,Met Office,HadUK-Grid,United Kingdom,UK,Weather & Climate,humidity / moisture,Climate / exposure | Validation / reference | Predictor,GIS | Time-series | Climate analysis | Building simulation context,1km raster grid,monthly,UK land area,NetCDF,Open,Open Government Licence,Official,https://www.metoffice.gov.uk/research/climate/maps-and-data/data/haduk-grid/datasets,official_collection,partition_of_verified_dataset,pv: Mean vapour pressure,Partition defined by the official HadUK-Grid variable × frequency × resolution convention.,2026-09-04
inq-0159,HadUK-Grid Mean vapour pressure – monthly – 5km,Met Office,HadUK-Grid,United Kingdom,UK,Weather & Climate,humidity / moisture,Climate / exposure | Validation / reference | Predictor,GIS | Time-series | Climate analysis | Building simulation context,5km raster grid,monthly,UK land area,NetCDF,Open,Open Government Licence,Official,https://www.metoffice.gov.uk/research/climate/maps-and-data/data/haduk-grid/datasets,official_collection,partition_of_verified_dataset,pv: Mean vapour pressure,Partition defined by the official HadUK-Grid variable × frequency × resolution convention.,2026-09-04
inq-0160,HadUK-Grid Mean vapour pressure – monthly – 12km,Met Office,HadUK-Grid,United Kingdom,UK,Weather & Climate,humidity / moisture,Climate / exposure | Validation / reference | Predictor,GIS | Time-series | Climate analysis | Building simulation context,12km raster grid,monthly,UK land area,NetCDF,Open,Open Government Licence,Official,https://www.metoffice.gov.uk/research/climate/maps-and-data/data/haduk-grid/datasets,official_collection,partition_of_verified_dataset,pv: Mean vapour pressure,Partition defined by the official HadUK-Grid variable × frequency × resolution convention.,2026-09-04
inq-0161,HadUK-Grid Mean vapour pressure – monthly – 25km,Met Office,HadUK-Grid,United Kingdom,UK,Weather & Climate,humidity / moisture,Climate / exposure | Validation / reference | Predictor,GIS | Time-series | Climate analysis | Building simulation context,25km raster grid,monthly,UK land area,NetCDF,Open,Open Government Licence,Official,https://www.metoffice.gov.uk/research/climate/maps-and-data/data/haduk-grid/datasets,official_collection,partition_of_verified_dataset,pv: Mean vapour pressure,Partition defined by the official HadUK-Grid variable × frequency × resolution convention.,2026-09-04
inq-0162,HadUK-Grid Mean vapour pressure – monthly – 60km,Met Office,HadUK-Grid,United Kingdom,UK,Weather & Climate,humidity / moisture,Climate / exposure | Validation / reference | Predictor,GIS | Time-series | Climate analysis | Building simulation context,60km raster grid,monthly,UK land area,NetCDF,Open,Open Government Licence,Official,https://www.metoffice.gov.uk/research/climate/maps-and-data/data/haduk-grid/datasets,official_collection,partition_of_verified_dataset,pv: Mean vapour pressure,Partition defined by the official HadUK-Grid variable × frequency × resolution convention.,2026-09-04
inq-0163,HadUK-Grid Days of ground frost – monthly – 1km,Met Office,HadUK-Grid,United Kingdom,UK,Weather & Climate,frost,Climate / exposure | Validation / reference | Predictor,GIS | Time-series | Climate analysis | Building simulation context,1km raster grid,monthly,UK land area,NetCDF,Open,Open Government Licence,Official,https://www.metoffice.gov.uk/research/climate/maps-and-data/data/haduk-grid/datasets,official_collection,partition_of_verified_dataset,groundfrost: Days of ground frost,Partition defined by the official HadUK-Grid variable × frequency × resolution convention.,2026-09-04
inq-0164,HadUK-Grid Days of ground frost – monthly – 5km,Met Office,HadUK-Grid,United Kingdom,UK,Weather & Climate,frost,Climate / exposure | Validation / reference | Predictor,GIS | Time-series | Climate analysis | Building simulation context,5km raster grid,monthly,UK land area,NetCDF,Open,Open Government Licence,Official,https://www.metoffice.gov.uk/research/climate/maps-and-data/data/haduk-grid/datasets,official_collection,partition_of_verified_dataset,groundfrost: Days of ground frost,Partition defined by the official HadUK-Grid variable × frequency × resolution convention.,2026-09-04
inq-0165,HadUK-Grid Days of ground frost – monthly – 12km,Met Office,HadUK-Grid,United Kingdom,UK,Weather & Climate,frost,Climate / exposure | Validation / reference | Predictor,GIS | Time-series | Climate analysis | Building simulation context,12km raster grid,monthly,UK land area,NetCDF,Open,Open Government Licence,Official,https://www.metoffice.gov.uk/research/climate/maps-and-data/data/haduk-grid/datasets,official_collection,partition_of_verified_dataset,groundfrost: Days of ground frost,Partition defined by the official HadUK-Grid variable × frequency × resolution convention.,2026-09-04
inq-0166,HadUK-Grid Days of ground frost – monthly – 25km,Met Office,HadUK-Grid,United Kingdom,UK,Weather & Climate,frost,Climate / exposure | Validation / reference | Predictor,GIS | Time-series | Climate analysis | Building simulation context,25km raster grid,monthly,UK land area,NetCDF,Open,Open Government Licence,Official,https://www.metoffice.gov.uk/research/climate/maps-and-data/data/haduk-grid/datasets,official_collection,partition_of_verified_dataset,groundfrost: Days of ground frost,Partition defined by the official HadUK-Grid variable × frequency × resolution convention.,2026-09-04
inq-0167,HadUK-Grid Days of ground frost – monthly – 60km,Met Office,HadUK-Grid,United Kingdom,UK,Weather & Climate,frost,Climate / exposure | Validation / reference | Predictor,GIS | Time-series | Climate analysis | Building simulation context,60km raster grid,monthly,UK land area,NetCDF,Open,Open Government Licence,Official,https://www.metoffice.gov.uk/research/climate/maps-and-data/data/haduk-grid/datasets,official_collection,partition_of_verified_dataset,groundfrost: Days of ground frost,Partition defined by the official HadUK-Grid variable × frequency × resolution convention.,2026-09-04
inq-0168,HadUK-Grid Days of snow lying – monthly – 1km,Met Office,HadUK-Grid,United Kingdom,UK,Weather & Climate,snow,Climate / exposure | Validation / reference | Predictor,GIS | Time-series | Climate analysis | Building simulation context,1km raster grid,monthly,UK land area,NetCDF,Open,Open Government Licence,Official,https://www.metoffice.gov.uk/research/climate/maps-and-data/data/haduk-grid/datasets,official_collection,partition_of_verified_dataset,snowLying: Days of snow lying,Partition defined by the official HadUK-Grid variable × frequency × resolution convention.,2026-09-04
inq-0169,HadUK-Grid Days of snow lying – monthly – 5km,Met Office,HadUK-Grid,United Kingdom,UK,Weather & Climate,snow,Climate / exposure | Validation / reference | Predictor,GIS | Time-series | Climate analysis | Building simulation context,5km raster grid,monthly,UK land area,NetCDF,Open,Open Government Licence,Official,https://www.metoffice.gov.uk/research/climate/maps-and-data/data/haduk-grid/datasets,official_collection,partition_of_verified_dataset,snowLying: Days of snow lying,Partition defined by the official HadUK-Grid variable × frequency × resolution convention.,2026-09-04
inq-0170,HadUK-Grid Days of snow lying – monthly – 12km,Met Office,HadUK-Grid,United Kingdom,UK,Weather & Climate,snow,Climate / exposure | Validation / reference | Predictor,GIS | Time-series | Climate analysis | Building simulation context,12km raster grid,monthly,UK land area,NetCDF,Open,Open Government Licence,Official,https://www.metoffice.gov.uk/research/climate/maps-and-data/data/haduk-grid/datasets,official_collection,partition_of_verified_dataset,snowLying: Days of snow lying,Partition defined by the official HadUK-Grid variable × frequency × resolution convention.,2026-09-04
inq-0171,HadUK-Grid Days of snow lying – monthly – 25km,Met Office,HadUK-Grid,United Kingdom,UK,Weather & Climate,snow,Climate / exposure | Validation / reference | Predictor,GIS | Time-series | Climate analysis | Building simulation context,25km raster grid,monthly,UK land area,NetCDF,Open,Open Government Licence,Official,https://www.metoffice.gov.uk/research/climate/maps-and-data/data/haduk-grid/datasets,official_collection,partition_of_verified_dataset,snowLying: Days of snow lying,Partition defined by the official HadUK-Grid variable × frequency × resolution convention.,2026-09-04
inq-0172,HadUK-Grid Days of snow lying – monthly – 60km,Met Office,HadUK-Grid,United Kingdom,UK,Weather & Climate,snow,Climate / exposure | Validation / reference | Predictor,GIS | Time-series | Climate analysis | Building simulation context,60km raster grid,monthly,UK land area,NetCDF,Open,Open Government Licence,Official,https://www.metoffice.gov.uk/research/climate/maps-and-data/data/haduk-grid/datasets,official_collection,partition_of_verified_dataset,snowLying: Days of snow lying,Partition defined by the official HadUK-Grid variable × frequency × resolution convention.,2026-09-04
inq-0173,HadUK-Grid Maximum air temperature – seasonal – 1km,Met Office,HadUK-Grid,United Kingdom,UK,Weather & Climate,temperature,Climate / exposure | Validation / reference | Predictor,GIS | Time-series | Climate analysis | Building simulation context,1km raster grid,seasonal,UK land area,NetCDF,Open,Open Government Licence,Official,https://www.metoffice.gov.uk/research/climate/maps-and-data/data/haduk-grid/datasets,official_collection,partition_of_verified_dataset,tasmax: Maximum air temperature,Partition defined by the official HadUK-Grid variable × frequency × resolution convention.,2026-09-04
inq-0174,HadUK-Grid Maximum air temperature – seasonal – 5km,Met Office,HadUK-Grid,United Kingdom,UK,Weather & Climate,temperature,Climate / exposure | Validation / reference | Predictor,GIS | Time-series | Climate analysis | Building simulation context,5km raster grid,seasonal,UK land area,NetCDF,Open,Open Government Licence,Official,https://www.metoffice.gov.uk/research/climate/maps-and-data/data/haduk-grid/datasets,official_collection,partition_of_verified_dataset,tasmax: Maximum air temperature,Partition defined by the official HadUK-Grid variable × frequency × resolution convention.,2026-09-04
inq-0175,HadUK-Grid Maximum air temperature – seasonal – 12km,Met Office,HadUK-Grid,United Kingdom,UK,Weather & Climate,temperature,Climate / exposure | Validation / reference | Predictor,GIS | Time-series | Climate analysis | Building simulation context,12km raster grid,seasonal,UK land area,NetCDF,Open,Open Government Licence,Official,https://www.metoffice.gov.uk/research/climate/maps-and-data/data/haduk-grid/datasets,official_collection,partition_of_verified_dataset,tasmax: Maximum air temperature,Partition defined by the official HadUK-Grid variable × frequency × resolution convention.,2026-09-04
inq-0176,HadUK-Grid Maximum air temperature – seasonal – 25km,Met Office,HadUK-Grid,United Kingdom,UK,Weather & Climate,temperature,Climate / exposure | Validation / reference | Predictor,GIS | Time-series | Climate analysis | Building simulation context,25km raster grid,seasonal,UK land area,NetCDF,Open,Open Government Licence,Official,https://www.metoffice.gov.uk/research/climate/maps-and-data/data/haduk-grid/datasets,official_collection,partition_of_verified_dataset,tasmax: Maximum air temperature,Partition defined by the official HadUK-Grid variable × frequency × resolution convention.,2026-09-04
inq-0177,HadUK-Grid Maximum air temperature – seasonal – 60km,Met Office,HadUK-Grid,United Kingdom,UK,Weather & Climate,temperature,Climate / exposure | Validation / reference | Predictor,GIS | Time-series | Climate analysis | Building simulation context,60km raster grid,seasonal,UK land area,NetCDF,Open,Open Government Licence,Official,https://www.metoffice.gov.uk/research/climate/maps-and-data/data/haduk-grid/datasets,official_collection,partition_of_verified_dataset,tasmax: Maximum air temperature,Partition defined by the official HadUK-Grid variable × frequency × resolution convention.,2026-09-04
inq-0178,HadUK-Grid Minimum air temperature – seasonal – 1km,Met Office,HadUK-Grid,United Kingdom,UK,Weather & Climate,temperature,Climate / exposure | Validation / reference | Predictor,GIS | Time-series | Climate analysis | Building simulation context,1km raster grid,seasonal,UK land area,NetCDF,Open,Open Government Licence,Official,https://www.metoffice.gov.uk/research/climate/maps-and-data/data/haduk-grid/datasets,official_collection,partition_of_verified_dataset,tasmin: Minimum air temperature,Partition defined by the official HadUK-Grid variable × frequency × resolution convention.,2026-09-04
inq-0179,HadUK-Grid Minimum air temperature – seasonal – 5km,Met Office,HadUK-Grid,United Kingdom,UK,Weather & Climate,temperature,Climate / exposure | Validation / reference | Predictor,GIS | Time-series | Climate analysis | Building simulation context,5km raster grid,seasonal,UK land area,NetCDF,Open,Open Government Licence,Official,https://www.metoffice.gov.uk/research/climate/maps-and-data/data/haduk-grid/datasets,official_collection,partition_of_verified_dataset,tasmin: Minimum air temperature,Partition defined by the official HadUK-Grid variable × frequency × resolution convention.,2026-09-04
inq-0180,HadUK-Grid Minimum air temperature – seasonal – 12km,Met Office,HadUK-Grid,United Kingdom,UK,Weather & Climate,temperature,Climate / exposure | Validation / reference | Predictor,GIS | Time-series | Climate analysis | Building simulation context,12km raster grid,seasonal,UK land area,NetCDF,Open,Open Government Licence,Official,https://www.metoffice.gov.uk/research/climate/maps-and-data/data/haduk-grid/datasets,official_collection,partition_of_verified_dataset,tasmin: Minimum air temperature,Partition defined by the official HadUK-Grid variable × frequency × resolution convention.,2026-09-04
inq-0181,HadUK-Grid Minimum air temperature – seasonal – 25km,Met Office,HadUK-Grid,United Kingdom,UK,Weather & Climate,temperature,Climate / exposure | Validation / reference | Predictor,GIS | Time-series | Climate analysis | Building simulation context,25km raster grid,seasonal,UK land area,NetCDF,Open,Open Government Licence,Official,https://www.metoffice.gov.uk/research/climate/maps-and-data/data/haduk-grid/datasets,official_collection,partition_of_verified_dataset,tasmin: Minimum air temperature,Partition defined by the official HadUK-Grid variable × frequency × resolution convention.,2026-09-04
inq-0182,HadUK-Grid Minimum air temperature – seasonal – 60km,Met Office,HadUK-Grid,United Kingdom,UK,Weather & Climate,temperature,Climate / exposure | Validation / reference | Predictor,GIS | Time-series | Climate analysis | Building simulation context,60km raster grid,seasonal,UK land area,NetCDF,Open,Open Government Licence,Official,https://www.metoffice.gov.uk/research/climate/maps-and-data/data/haduk-grid/datasets,official_collection,partition_of_verified_dataset,tasmin: Minimum air temperature,Partition defined by the official HadUK-Grid variable × frequency × resolution convention.,2026-09-04
inq-0183,HadUK-Grid Mean air temperature – seasonal – 1km,Met Office,HadUK-Grid,United Kingdom,UK,Weather & Climate,temperature,Climate / exposure | Validation / reference | Predictor,GIS | Time-series | Climate analysis | Building simulation context,1km raster grid,seasonal,UK land area,NetCDF,Open,Open Government Licence,Official,https://www.metoffice.gov.uk/research/climate/maps-and-data/data/haduk-grid/datasets,official_collection,partition_of_verified_dataset,tas: Mean air temperature,Partition defined by the official HadUK-Grid variable × frequency × resolution convention.,2026-09-04
inq-0184,HadUK-Grid Mean air temperature – seasonal – 5km,Met Office,HadUK-Grid,United Kingdom,UK,Weather & Climate,temperature,Climate / exposure | Validation / reference | Predictor,GIS | Time-series | Climate analysis | Building simulation context,5km raster grid,seasonal,UK land area,NetCDF,Open,Open Government Licence,Official,https://www.metoffice.gov.uk/research/climate/maps-and-data/data/haduk-grid/datasets,official_collection,partition_of_verified_dataset,tas: Mean air temperature,Partition defined by the official HadUK-Grid variable × frequency × resolution convention.,2026-09-04
inq-0185,HadUK-Grid Mean air temperature – seasonal – 12km,Met Office,HadUK-Grid,United Kingdom,UK,Weather & Climate,temperature,Climate / exposure | Validation / reference | Predictor,GIS | Time-series | Climate analysis | Building simulation context,12km raster grid,seasonal,UK land area,NetCDF,Open,Open Government Licence,Official,https://www.metoffice.gov.uk/research/climate/maps-and-data/data/haduk-grid/datasets,official_collection,partition_of_verified_dataset,tas: Mean air temperature,Partition defined by the official HadUK-Grid variable × frequency × resolution convention.,2026-09-04
inq-0186,HadUK-Grid Mean air temperature – seasonal – 25km,Met Office,HadUK-Grid,United Kingdom,UK,Weather & Climate,temperature,Climate / exposure | Validation / reference | Predictor,GIS | Time-series | Climate analysis | Building simulation context,25km raster grid,seasonal,UK land area,NetCDF,Open,Open Government Licence,Official,https://www.metoffice.gov.uk/research/climate/maps-and-data/data/haduk-grid/datasets,official_collection,partition_of_verified_dataset,tas: Mean air temperature,Partition defined by the official HadUK-Grid variable × frequency × resolution convention.,2026-09-04
inq-0187,HadUK-Grid Mean air temperature – seasonal – 60km,Met Office,HadUK-Grid,United Kingdom,UK,Weather & Climate,temperature,Climate / exposure | Validation / reference | Predictor,GIS | Time-series | Climate analysis | Building simulation context,60km raster grid,seasonal,UK land area,NetCDF,Open,Open Government Licence,Official,https://www.metoffice.gov.uk/research/climate/maps-and-data/data/haduk-grid/datasets,official_collection,partition_of_verified_dataset,tas: Mean air temperature,Partition defined by the official HadUK-Grid variable × frequency × resolution convention.,2026-09-04
inq-0188,HadUK-Grid Precipitation – seasonal – 1km,Met Office,HadUK-Grid,United Kingdom,UK,Weather & Climate,precipitation,Climate / exposure | Validation / reference | Predictor,GIS | Time-series | Climate analysis | Building simulation context,1km raster grid,seasonal,UK land area,NetCDF,Open,Open Government Licence,Official,https://www.metoffice.gov.uk/research/climate/maps-and-data/data/haduk-grid/datasets,official_collection,partition_of_verified_dataset,rainfall: Precipitation,Partition defined by the official HadUK-Grid variable × frequency × resolution convention.,2026-09-04
inq-0189,HadUK-Grid Precipitation – seasonal – 5km,Met Office,HadUK-Grid,United Kingdom,UK,Weather & Climate,precipitation,Climate / exposure | Validation / reference | Predictor,GIS | Time-series | Climate analysis | Building simulation context,5km raster grid,seasonal,UK land area,NetCDF,Open,Open Government Licence,Official,https://www.metoffice.gov.uk/research/climate/maps-and-data/data/haduk-grid/datasets,official_collection,partition_of_verified_dataset,rainfall: Precipitation,Partition defined by the official HadUK-Grid variable × frequency × resolution convention.,2026-09-04
inq-0190,HadUK-Grid Precipitation – seasonal – 12km,Met Office,HadUK-Grid,United Kingdom,UK,Weather & Climate,precipitation,Climate / exposure | Validation / reference | Predictor,GIS | Time-series | Climate analysis | Building simulation context,12km raster grid,seasonal,UK land area,NetCDF,Open,Open Government Licence,Official,https://www.metoffice.gov.uk/research/climate/maps-and-data/data/haduk-grid/datasets,official_collection,partition_of_verified_dataset,rainfall: Precipitation,Partition defined by the official HadUK-Grid variable × frequency × resolution convention.,2026-09-04
inq-0191,HadUK-Grid Precipitation – seasonal – 25km,Met Office,HadUK-Grid,United Kingdom,UK,Weather & Climate,precipitation,Climate / exposure | Validation / reference | Predictor,GIS | Time-series | Climate analysis | Building simulation context,25km raster grid,seasonal,UK land area,NetCDF,Open,Open Government Licence,Official,https://www.metoffice.gov.uk/research/climate/maps-and-data/data/haduk-grid/datasets,official_collection,partition_of_verified_dataset,rainfall: Precipitation,Partition defined by the official HadUK-Grid variable × frequency × resolution convention.,2026-09-04
inq-0192,HadUK-Grid Precipitation – seasonal – 60km,Met Office,HadUK-Grid,United Kingdom,UK,Weather & Climate,precipitation,Climate / exposure | Validation / reference | Predictor,GIS | Time-series | Climate analysis | Building simulation context,60km raster grid,seasonal,UK land area,NetCDF,Open,Open Government Licence,Official,https://www.metoffice.gov.uk/research/climate/maps-and-data/data/haduk-grid/datasets,official_collection,partition_of_verified_dataset,rainfall: Precipitation,Partition defined by the official HadUK-Grid variable × frequency × resolution convention.,2026-09-04
inq-0193,HadUK-Grid Sunshine duration – seasonal – 1km,Met Office,HadUK-Grid,United Kingdom,UK,Weather & Climate,solar / sunshine,Climate / exposure | Validation / reference | Predictor,GIS | Time-series | Climate analysis | Building simulation context,1km raster grid,seasonal,UK land area,NetCDF,Open,Open Government Licence,Official,https://www.metoffice.gov.uk/research/climate/maps-and-data/data/haduk-grid/datasets,official_collection,partition_of_verified_dataset,sun: Sunshine duration,Partition defined by the official HadUK-Grid variable × frequency × resolution convention.,2026-09-04
inq-0194,HadUK-Grid Sunshine duration – seasonal – 5km,Met Office,HadUK-Grid,United Kingdom,UK,Weather & Climate,solar / sunshine,Climate / exposure | Validation / reference | Predictor,GIS | Time-series | Climate analysis | Building simulation context,5km raster grid,seasonal,UK land area,NetCDF,Open,Open Government Licence,Official,https://www.metoffice.gov.uk/research/climate/maps-and-data/data/haduk-grid/datasets,official_collection,partition_of_verified_dataset,sun: Sunshine duration,Partition defined by the official HadUK-Grid variable × frequency × resolution convention.,2026-09-04
inq-0195,HadUK-Grid Sunshine duration – seasonal – 12km,Met Office,HadUK-Grid,United Kingdom,UK,Weather & Climate,solar / sunshine,Climate / exposure | Validation / reference | Predictor,GIS | Time-series | Climate analysis | Building simulation context,12km raster grid,seasonal,UK land area,NetCDF,Open,Open Government Licence,Official,https://www.metoffice.gov.uk/research/climate/maps-and-data/data/haduk-grid/datasets,official_collection,partition_of_verified_dataset,sun: Sunshine duration,Partition defined by the official HadUK-Grid variable × frequency × resolution convention.,2026-09-04
inq-0196,HadUK-Grid Sunshine duration – seasonal – 25km,Met Office,HadUK-Grid,United Kingdom,UK,Weather & Climate,solar / sunshine,Climate / exposure | Validation / reference | Predictor,GIS | Time-series | Climate analysis | Building simulation context,25km raster grid,seasonal,UK land area,NetCDF,Open,Open Government Licence,Official,https://www.metoffice.gov.uk/research/climate/maps-and-data/data/haduk-grid/datasets,official_collection,partition_of_verified_dataset,sun: Sunshine duration,Partition defined by the official HadUK-Grid variable × frequency × resolution convention.,2026-09-04
inq-0197,HadUK-Grid Sunshine duration – seasonal – 60km,Met Office,HadUK-Grid,United Kingdom,UK,Weather & Climate,solar / sunshine,Climate / exposure | Validation / reference | Predictor,GIS | Time-series | Climate analysis | Building simulation context,60km raster grid,seasonal,UK land area,NetCDF,Open,Open Government Licence,Official,https://www.metoffice.gov.uk/research/climate/maps-and-data/data/haduk-grid/datasets,official_collection,partition_of_verified_dataset,sun: Sunshine duration,Partition defined by the official HadUK-Grid variable × frequency × resolution convention.,2026-09-04
inq-0198,HadUK-Grid Mean wind speed at 10 m – seasonal – 1km,Met Office,HadUK-Grid,United Kingdom,UK,Weather & Climate,wind,Climate / exposure | Validation / reference | Predictor,GIS | Time-series | Climate analysis | Building simulation context,1km raster grid,seasonal,UK land area,NetCDF,Open,Open Government Licence,Official,https://www.metoffice.gov.uk/research/climate/maps-and-data/data/haduk-grid/datasets,official_collection,partition_of_verified_dataset,sfcWind: Mean wind speed at 10 m,Partition defined by the official HadUK-Grid variable × frequency × resolution convention.,2026-09-04
inq-0199,HadUK-Grid Mean wind speed at 10 m – seasonal – 5km,Met Office,HadUK-Grid,United Kingdom,UK,Weather & Climate,wind,Climate / exposure | Validation / reference | Predictor,GIS | Time-series | Climate analysis | Building simulation context,5km raster grid,seasonal,UK land area,NetCDF,Open,Open Government Licence,Official,https://www.metoffice.gov.uk/research/climate/maps-and-data/data/haduk-grid/datasets,official_collection,partition_of_verified_dataset,sfcWind: Mean wind speed at 10 m,Partition defined by the official HadUK-Grid variable × frequency × resolution convention.,2026-09-04
inq-0200,HadUK-Grid Mean wind speed at 10 m – seasonal – 12km,Met Office,HadUK-Grid,United Kingdom,UK,Weather & Climate,wind,Climate / exposure | Validation / reference | Predictor,GIS | Time-series | Climate analysis | Building simulation context,12km raster grid,seasonal,UK land area,NetCDF,Open,Open Government Licence,Official,https://www.metoffice.gov.uk/research/climate/maps-and-data/data/haduk-grid/datasets,official_collection,partition_of_verified_dataset,sfcWind: Mean wind speed at 10 m,Partition defined by the official HadUK-Grid variable × frequency × resolution convention.,2026-09-04
inq-0201,HadUK-Grid Mean wind speed at 10 m – seasonal – 25km,Met Office,HadUK-Grid,United Kingdom,UK,Weather & Climate,wind,Climate / exposure | Validation / reference | Predictor,GIS | Time-series | Climate analysis | Building simulation context,25km raster grid,seasonal,UK land area,NetCDF,Open,Open Government Licence,Official,https://www.metoffice.gov.uk/research/climate/maps-and-data/data/haduk-grid/datasets,official_collection,partition_of_verified_dataset,sfcWind: Mean wind speed at 10 m,Partition defined by the official HadUK-Grid variable × frequency × resolution convention.,2026-09-04
inq-0202,HadUK-Grid Mean wind speed at 10 m – seasonal – 60km,Met Office,HadUK-Grid,United Kingdom,UK,Weather & Climate,wind,Climate / exposure | Validation / reference | Predictor,GIS | Time-series | Climate analysis | Building simulation context,60km raster grid,seasonal,UK land area,NetCDF,Open,Open Government Licence,Official,https://www.metoffice.gov.uk/research/climate/maps-and-data/data/haduk-grid/datasets,official_collection,partition_of_verified_dataset,sfcWind: Mean wind speed at 10 m,Partition defined by the official HadUK-Grid variable × frequency × resolution convention.,2026-09-04
inq-0203,HadUK-Grid Mean sea level pressure – seasonal – 1km,Met Office,HadUK-Grid,United Kingdom,UK,Weather & Climate,pressure,Climate / exposure | Validation / reference | Predictor,GIS | Time-series | Climate analysis | Building simulation context,1km raster grid,seasonal,UK land area,NetCDF,Open,Open Government Licence,Official,https://www.metoffice.gov.uk/research/climate/maps-and-data/data/haduk-grid/datasets,official_collection,partition_of_verified_dataset,psl: Mean sea level pressure,Partition defined by the official HadUK-Grid variable × frequency × resolution convention.,2026-09-04
inq-0204,HadUK-Grid Mean sea level pressure – seasonal – 5km,Met Office,HadUK-Grid,United Kingdom,UK,Weather & Climate,pressure,Climate / exposure | Validation / reference | Predictor,GIS | Time-series | Climate analysis | Building simulation context,5km raster grid,seasonal,UK land area,NetCDF,Open,Open Government Licence,Official,https://www.metoffice.gov.uk/research/climate/maps-and-data/data/haduk-grid/datasets,official_collection,partition_of_verified_dataset,psl: Mean sea level pressure,Partition defined by the official HadUK-Grid variable × frequency × resolution convention.,2026-09-04
inq-0205,HadUK-Grid Mean sea level pressure – seasonal – 12km,Met Office,HadUK-Grid,United Kingdom,UK,Weather & Climate,pressure,Climate / exposure | Validation / reference | Predictor,GIS | Time-series | Climate analysis | Building simulation context,12km raster grid,seasonal,UK land area,NetCDF,Open,Open Government Licence,Official,https://www.metoffice.gov.uk/research/climate/maps-and-data/data/haduk-grid/datasets,official_collection,partition_of_verified_dataset,psl: Mean sea level pressure,Partition defined by the official HadUK-Grid variable × frequency × resolution convention.,2026-09-04
inq-0206,HadUK-Grid Mean sea level pressure – seasonal – 25km,Met Office,HadUK-Grid,United Kingdom,UK,Weather & Climate,pressure,Climate / exposure | Validation / reference | Predictor,GIS | Time-series | Climate analysis | Building simulation context,25km raster grid,seasonal,UK land area,NetCDF,Open,Open Government Licence,Official,https://www.metoffice.gov.uk/research/climate/maps-and-data/data/haduk-grid/datasets,official_collection,partition_of_verified_dataset,psl: Mean sea level pressure,Partition defined by the official HadUK-Grid variable × frequency × resolution convention.,2026-09-04
inq-0207,HadUK-Grid Mean sea level pressure – seasonal – 60km,Met Office,HadUK-Grid,United Kingdom,UK,Weather & Climate,pressure,Climate / exposure | Validation / reference | Predictor,GIS | Time-series | Climate analysis | Building simulation context,60km raster grid,seasonal,UK land area,NetCDF,Open,Open Government Licence,Official,https://www.metoffice.gov.uk/research/climate/maps-and-data/data/haduk-grid/datasets,official_collection,partition_of_verified_dataset,psl: Mean sea level pressure,Partition defined by the official HadUK-Grid variable × frequency × resolution convention.,2026-09-04
inq-0208,HadUK-Grid Mean relative humidity – seasonal – 1km,Met Office,HadUK-Grid,United Kingdom,UK,Weather & Climate,humidity,Climate / exposure | Validation / reference | Predictor,GIS | Time-series | Climate analysis | Building simulation context,1km raster grid,seasonal,UK land area,NetCDF,Open,Open Government Licence,Official,https://www.metoffice.gov.uk/research/climate/maps-and-data/data/haduk-grid/datasets,official_collection,partition_of_verified_dataset,hurs: Mean relative humidity,Partition defined by the official HadUK-Grid variable × frequency × resolution convention.,2026-09-04
inq-0209,HadUK-Grid Mean relative humidity – seasonal – 5km,Met Office,HadUK-Grid,United Kingdom,UK,Weather & Climate,humidity,Climate / exposure | Validation / reference | Predictor,GIS | Time-series | Climate analysis | Building simulation context,5km raster grid,seasonal,UK land area,NetCDF,Open,Open Government Licence,Official,https://www.metoffice.gov.uk/research/climate/maps-and-data/data/haduk-grid/datasets,official_collection,partition_of_verified_dataset,hurs: Mean relative humidity,Partition defined by the official HadUK-Grid variable × frequency × resolution convention.,2026-09-04
inq-0210,HadUK-Grid Mean relative humidity – seasonal – 12km,Met Office,HadUK-Grid,United Kingdom,UK,Weather & Climate,humidity,Climate / exposure | Validation / reference | Predictor,GIS | Time-series | Climate analysis | Building simulation context,12km raster grid,seasonal,UK land area,NetCDF,Open,Open Government Licence,Official,https://www.metoffice.gov.uk/research/climate/maps-and-data/data/haduk-grid/datasets,official_collection,partition_of_verified_dataset,hurs: Mean relative humidity,Partition defined by the official HadUK-Grid variable × frequency × resolution convention.,2026-09-04
inq-0211,HadUK-Grid Mean relative humidity – seasonal – 25km,Met Office,HadUK-Grid,United Kingdom,UK,Weather & Climate,humidity,Climate / exposure | Validation / reference | Predictor,GIS | Time-series | Climate analysis | Building simulation context,25km raster grid,seasonal,UK land area,NetCDF,Open,Open Government Licence,Official,https://www.metoffice.gov.uk/research/climate/maps-and-data/data/haduk-grid/datasets,official_collection,partition_of_verified_dataset,hurs: Mean relative humidity,Partition defined by the official HadUK-Grid variable × frequency × resolution convention.,2026-09-04
inq-0212,HadUK-Grid Mean relative humidity – seasonal – 60km,Met Office,HadUK-Grid,United Kingdom,UK,Weather & Climate,humidity,Climate / exposure | Validation / reference | Predictor,GIS | Time-series | Climate analysis | Building simulation context,60km raster grid,seasonal,UK land area,NetCDF,Open,Open Government Licence,Official,https://www.metoffice.gov.uk/research/climate/maps-and-data/data/haduk-grid/datasets,official_collection,partition_of_verified_dataset,hurs: Mean relative humidity,Partition defined by the official HadUK-Grid variable × frequency × resolution convention.,2026-09-04
inq-0213,HadUK-Grid Mean vapour pressure – seasonal – 1km,Met Office,HadUK-Grid,United Kingdom,UK,Weather & Climate,humidity / moisture,Climate / exposure | Validation / reference | Predictor,GIS | Time-series | Climate analysis | Building simulation context,1km raster grid,seasonal,UK land area,NetCDF,Open,Open Government Licence,Official,https://www.metoffice.gov.uk/research/climate/maps-and-data/data/haduk-grid/datasets,official_collection,partition_of_verified_dataset,pv: Mean vapour pressure,Partition defined by the official HadUK-Grid variable × frequency × resolution convention.,2026-09-04
inq-0214,HadUK-Grid Mean vapour pressure – seasonal – 5km,Met Office,HadUK-Grid,United Kingdom,UK,Weather & Climate,humidity / moisture,Climate / exposure | Validation / reference | Predictor,GIS | Time-series | Climate analysis | Building simulation context,5km raster grid,seasonal,UK land area,NetCDF,Open,Open Government Licence,Official,https://www.metoffice.gov.uk/research/climate/maps-and-data/data/haduk-grid/datasets,official_collection,partition_of_verified_dataset,pv: Mean vapour pressure,Partition defined by the official HadUK-Grid variable × frequency × resolution convention.,2026-09-04
inq-0215,HadUK-Grid Mean vapour pressure – seasonal – 12km,Met Office,HadUK-Grid,United Kingdom,UK,Weather & Climate,humidity / moisture,Climate / exposure | Validation / reference | Predictor,GIS | Time-series | Climate analysis | Building simulation context,12km raster grid,seasonal,UK land area,NetCDF,Open,Open Government Licence,Official,https://www.metoffice.gov.uk/research/climate/maps-and-data/data/haduk-grid/datasets,official_collection,partition_of_verified_dataset,pv: Mean vapour pressure,Partition defined by the official HadUK-Grid variable × frequency × resolution convention.,2026-09-04
inq-0216,HadUK-Grid Mean vapour pressure – seasonal – 25km,Met Office,HadUK-Grid,United Kingdom,UK,Weather & Climate,humidity / moisture,Climate / exposure | Validation / reference | Predictor,GIS | Time-series | Climate analysis | Building simulation context,25km raster grid,seasonal,UK land area,NetCDF,Open,Open Government Licence,Official,https://www.metoffice.gov.uk/research/climate/maps-and-data/data/haduk-grid/datasets,official_collection,partition_of_verified_dataset,pv: Mean vapour pressure,Partition defined by the official HadUK-Grid variable × frequency × resolution convention.,2026-09-04
inq-0217,HadUK-Grid Mean vapour pressure – seasonal – 60km,Met Office,HadUK-Grid,United Kingdom,UK,Weather & Climate,humidity / moisture,Climate / exposure | Validation / reference | Predictor,GIS | Time-series | Climate analysis | Building simulation context,60km raster grid,seasonal,UK land area,NetCDF,Open,Open Government Licence,Official,https://www.metoffice.gov.uk/research/climate/maps-and-data/data/haduk-grid/datasets,official_collection,partition_of_verified_dataset,pv: Mean vapour pressure,Partition defined by the official HadUK-Grid variable × frequency × resolution convention.,2026-09-04
inq-0218,HadUK-Grid Days of ground frost – seasonal – 1km,Met Office,HadUK-Grid,United Kingdom,UK,Weather & Climate,frost,Climate / exposure | Validation / reference | Predictor,GIS | Time-series | Climate analysis | Building simulation context,1km raster grid,seasonal,UK land area,NetCDF,Open,Open Government Licence,Official,https://www.metoffice.gov.uk/research/climate/maps-and-data/data/haduk-grid/datasets,official_collection,partition_of_verified_dataset,groundfrost: Days of ground frost,Partition defined by the official HadUK-Grid variable × frequency × resolution convention.,2026-09-04
inq-0219,HadUK-Grid Days of ground frost – seasonal – 5km,Met Office,HadUK-Grid,United Kingdom,UK,Weather & Climate,frost,Climate / exposure | Validation / reference | Predictor,GIS | Time-series | Climate analysis | Building simulation context,5km raster grid,seasonal,UK land area,NetCDF,Open,Open Government Licence,Official,https://www.metoffice.gov.uk/research/climate/maps-and-data/data/haduk-grid/datasets,official_collection,partition_of_verified_dataset,groundfrost: Days of ground frost,Partition defined by the official HadUK-Grid variable × frequency × resolution convention.,2026-09-04
inq-0220,HadUK-Grid Days of ground frost – seasonal – 12km,Met Office,HadUK-Grid,United Kingdom,UK,Weather & Climate,frost,Climate / exposure | Validation / reference | Predictor,GIS | Time-series | Climate analysis | Building simulation context,12km raster grid,seasonal,UK land area,NetCDF,Open,Open Government Licence,Official,https://www.metoffice.gov.uk/research/climate/maps-and-data/data/haduk-grid/datasets,official_collection,partition_of_verified_dataset,groundfrost: Days of ground frost,Partition defined by the official HadUK-Grid variable × frequency × resolution convention.,2026-09-04
inq-0221,HadUK-Grid Days of ground frost – seasonal – 25km,Met Office,HadUK-Grid,United Kingdom,UK,Weather & Climate,frost,Climate / exposure | Validation / reference | Predictor,GIS | Time-series | Climate analysis | Building simulation context,25km raster grid,seasonal,UK land area,NetCDF,Open,Open Government Licence,Official,https://www.metoffice.gov.uk/research/climate/maps-and-data/data/haduk-grid/datasets,official_collection,partition_of_verified_dataset,groundfrost: Days of ground frost,Partition defined by the official HadUK-Grid variable × frequency × resolution convention.,2026-09-04
inq-0222,HadUK-Grid Days of ground frost – seasonal – 60km,Met Office,HadUK-Grid,United Kingdom,UK,Weather & Climate,frost,Climate / exposure | Validation / reference | Predictor,GIS | Time-series | Climate analysis | Building simulation context,60km raster grid,seasonal,UK land area,NetCDF,Open,Open Government Licence,Official,https://www.metoffice.gov.uk/research/climate/maps-and-data/data/haduk-grid/datasets,official_collection,partition_of_verified_dataset,groundfrost: Days of ground frost,Partition defined by the official HadUK-Grid variable × frequency × resolution convention.,2026-09-04
inq-0223,HadUK-Grid Days of snow lying – seasonal – 1km,Met Office,HadUK-Grid,United Kingdom,UK,Weather & Climate,snow,Climate / exposure | Validation / reference | Predictor,GIS | Time-series | Climate analysis | Building simulation context,1km raster grid,seasonal,UK land area,NetCDF,Open,Open Government Licence,Official,https://www.metoffice.gov.uk/research/climate/maps-and-data/data/haduk-grid/datasets,official_collection,partition_of_verified_dataset,snowLying: Days of snow lying,Partition defined by the official HadUK-Grid variable × frequency × resolution convention.,2026-09-04
inq-0224,HadUK-Grid Days of snow lying – seasonal – 5km,Met Office,HadUK-Grid,United Kingdom,UK,Weather & Climate,snow,Climate / exposure | Validation / reference | Predictor,GIS | Time-series | Climate analysis | Building simulation context,5km raster grid,seasonal,UK land area,NetCDF,Open,Open Government Licence,Official,https://www.metoffice.gov.uk/research/climate/maps-and-data/data/haduk-grid/datasets,official_collection,partition_of_verified_dataset,snowLying: Days of snow lying,Partition defined by the official HadUK-Grid variable × frequency × resolution convention.,2026-09-04
inq-0225,HadUK-Grid Days of snow lying – seasonal – 12km,Met Office,HadUK-Grid,United Kingdom,UK,Weather & Climate,snow,Climate / exposure | Validation / reference | Predictor,GIS | Time-series | Climate analysis | Building simulation context,12km raster grid,seasonal,UK land area,NetCDF,Open,Open Government Licence,Official,https://www.metoffice.gov.uk/research/climate/maps-and-data/data/haduk-grid/datasets,official_collection,partition_of_verified_dataset,snowLying: Days of snow lying,Partition defined by the official HadUK-Grid variable × frequency × resolution convention.,2026-09-04
inq-0226,HadUK-Grid Days of snow lying – seasonal – 25km,Met Office,HadUK-Grid,United Kingdom,UK,Weather & Climate,snow,Climate / exposure | Validation / reference | Predictor,GIS | Time-series | Climate analysis | Building simulation context,25km raster grid,seasonal,UK land area,NetCDF,Open,Open Government Licence,Official,https://www.metoffice.gov.uk/research/climate/maps-and-data/data/haduk-grid/datasets,official_collection,partition_of_verified_dataset,snowLying: Days of snow lying,Partition defined by the official HadUK-Grid variable × frequency × resolution convention.,2026-09-04
inq-0227,HadUK-Grid Days of snow lying – seasonal – 60km,Met Office,HadUK-Grid,United Kingdom,UK,Weather & Climate,snow,Climate / exposure | Validation / reference | Predictor,GIS | Time-series | Climate analysis | Building simulation context,60km raster grid,seasonal,UK land area,NetCDF,Open,Open Government Licence,Official,https://www.metoffice.gov.uk/research/climate/maps-and-data/data/haduk-grid/datasets,official_collection,partition_of_verified_dataset,snowLying: Days of snow lying,Partition defined by the official HadUK-Grid variable × frequency × resolution convention.,2026-09-04
inq-0228,HadUK-Grid Maximum air temperature – annual – 1km,Met Office,HadUK-Grid,United Kingdom,UK,Weather & Climate,temperature,Climate / exposure | Validation / reference | Predictor,GIS | Time-series | Climate analysis | Building simulation context,1km raster grid,annual,UK land area,NetCDF,Open,Open Government Licence,Official,https://www.metoffice.gov.uk/research/climate/maps-and-data/data/haduk-grid/datasets,official_collection,partition_of_verified_dataset,tasmax: Maximum air temperature,Partition defined by the official HadUK-Grid variable × frequency × resolution convention.,2026-09-04
inq-0229,HadUK-Grid Maximum air temperature – annual – 5km,Met Office,HadUK-Grid,United Kingdom,UK,Weather & Climate,temperature,Climate / exposure | Validation / reference | Predictor,GIS | Time-series | Climate analysis | Building simulation context,5km raster grid,annual,UK land area,NetCDF,Open,Open Government Licence,Official,https://www.metoffice.gov.uk/research/climate/maps-and-data/data/haduk-grid/datasets,official_collection,partition_of_verified_dataset,tasmax: Maximum air temperature,Partition defined by the official HadUK-Grid variable × frequency × resolution convention.,2026-09-04
inq-0230,HadUK-Grid Maximum air temperature – annual – 12km,Met Office,HadUK-Grid,United Kingdom,UK,Weather & Climate,temperature,Climate / exposure | Validation / reference | Predictor,GIS | Time-series | Climate analysis | Building simulation context,12km raster grid,annual,UK land area,NetCDF,Open,Open Government Licence,Official,https://www.metoffice.gov.uk/research/climate/maps-and-data/data/haduk-grid/datasets,official_collection,partition_of_verified_dataset,tasmax: Maximum air temperature,Partition defined by the official HadUK-Grid variable × frequency × resolution convention.,2026-09-04
inq-0231,HadUK-Grid Maximum air temperature – annual – 25km,Met Office,HadUK-Grid,United Kingdom,UK,Weather & Climate,temperature,Climate / exposure | Validation / reference | Predictor,GIS | Time-series | Climate analysis | Building simulation context,25km raster grid,annual,UK land area,NetCDF,Open,Open Government Licence,Official,https://www.metoffice.gov.uk/research/climate/maps-and-data/data/haduk-grid/datasets,official_collection,partition_of_verified_dataset,tasmax: Maximum air temperature,Partition defined by the official HadUK-Grid variable × frequency × resolution convention.,2026-09-04
inq-0232,HadUK-Grid Maximum air temperature – annual – 60km,Met Office,HadUK-Grid,United Kingdom,UK,Weather & Climate,temperature,Climate / exposure | Validation / reference | Predictor,GIS | Time-series | Climate analysis | Building simulation context,60km raster grid,annual,UK land area,NetCDF,Open,Open Government Licence,Official,https://www.metoffice.gov.uk/research/climate/maps-and-data/data/haduk-grid/datasets,official_collection,partition_of_verified_dataset,tasmax: Maximum air temperature,Partition defined by the official HadUK-Grid variable × frequency × resolution convention.,2026-09-04
inq-0233,HadUK-Grid Minimum air temperature – annual – 1km,Met Office,HadUK-Grid,United Kingdom,UK,Weather & Climate,temperature,Climate / exposure | Validation / reference | Predictor,GIS | Time-series | Climate analysis | Building simulation context,1km raster grid,annual,UK land area,NetCDF,Open,Open Government Licence,Official,https://www.metoffice.gov.uk/research/climate/maps-and-data/data/haduk-grid/datasets,official_collection,partition_of_verified_dataset,tasmin: Minimum air temperature,Partition defined by the official HadUK-Grid variable × frequency × resolution convention.,2026-09-04
inq-0234,HadUK-Grid Minimum air temperature – annual – 5km,Met Office,HadUK-Grid,United Kingdom,UK,Weather & Climate,temperature,Climate / exposure | Validation / reference | Predictor,GIS | Time-series | Climate analysis | Building simulation context,5km raster grid,annual,UK land area,NetCDF,Open,Open Government Licence,Official,https://www.metoffice.gov.uk/research/climate/maps-and-data/data/haduk-grid/datasets,official_collection,partition_of_verified_dataset,tasmin: Minimum air temperature,Partition defined by the official HadUK-Grid variable × frequency × resolution convention.,2026-09-04
inq-0235,HadUK-Grid Minimum air temperature – annual – 12km,Met Office,HadUK-Grid,United Kingdom,UK,Weather & Climate,temperature,Climate / exposure | Validation / reference | Predictor,GIS | Time-series | Climate analysis | Building simulation context,12km raster grid,annual,UK land area,NetCDF,Open,Open Government Licence,Official,https://www.metoffice.gov.uk/research/climate/maps-and-data/data/haduk-grid/datasets,official_collection,partition_of_verified_dataset,tasmin: Minimum air temperature,Partition defined by the official HadUK-Grid variable × frequency × resolution convention.,2026-09-04
inq-0236,HadUK-Grid Minimum air temperature – annual – 25km,Met Office,HadUK-Grid,United Kingdom,UK,Weather & Climate,temperature,Climate / exposure | Validation / reference | Predictor,GIS | Time-series | Climate analysis | Building simulation context,25km raster grid,annual,UK land area,NetCDF,Open,Open Government Licence,Official,https://www.metoffice.gov.uk/research/climate/maps-and-data/data/haduk-grid/datasets,official_collection,partition_of_verified_dataset,tasmin: Minimum air temperature,Partition defined by the official HadUK-Grid variable × frequency × resolution convention.,2026-09-04
inq-0237,HadUK-Grid Minimum air temperature – annual – 60km,Met Office,HadUK-Grid,United Kingdom,UK,Weather & Climate,temperature,Climate / exposure | Validation / reference | Predictor,GIS | Time-series | Climate analysis | Building simulation context,60km raster grid,annual,UK land area,NetCDF,Open,Open Government Licence,Official,https://www.metoffice.gov.uk/research/climate/maps-and-data/data/haduk-grid/datasets,official_collection,partition_of_verified_dataset,tasmin: Minimum air temperature,Partition defined by the official HadUK-Grid variable × frequency × resolution convention.,2026-09-04
inq-0238,HadUK-Grid Mean air temperature – annual – 1km,Met Office,HadUK-Grid,United Kingdom,UK,Weather & Climate,temperature,Climate / exposure | Validation / reference | Predictor,GIS | Time-series | Climate analysis | Building simulation context,1km raster grid,annual,UK land area,NetCDF,Open,Open Government Licence,Official,https://www.metoffice.gov.uk/research/climate/maps-and-data/data/haduk-grid/datasets,official_collection,partition_of_verified_dataset,tas: Mean air temperature,Partition defined by the official HadUK-Grid variable × frequency × resolution convention.,2026-09-04
inq-0239,HadUK-Grid Mean air temperature – annual – 5km,Met Office,HadUK-Grid,United Kingdom,UK,Weather & Climate,temperature,Climate / exposure | Validation / reference | Predictor,GIS | Time-series | Climate analysis | Building simulation context,5km raster grid,annual,UK land area,NetCDF,Open,Open Government Licence,Official,https://www.metoffice.gov.uk/research/climate/maps-and-data/data/haduk-grid/datasets,official_collection,partition_of_verified_dataset,tas: Mean air temperature,Partition defined by the official HadUK-Grid variable × frequency × resolution convention.,2026-09-04
inq-0240,HadUK-Grid Mean air temperature – annual – 12km,Met Office,HadUK-Grid,United Kingdom,UK,Weather & Climate,temperature,Climate / exposure | Validation / reference | Predictor,GIS | Time-series | Climate analysis | Building simulation context,12km raster grid,annual,UK land area,NetCDF,Open,Open Government Licence,Official,https://www.metoffice.gov.uk/research/climate/maps-and-data/data/haduk-grid/datasets,official_collection,partition_of_verified_dataset,tas: Mean air temperature,Partition defined by the official HadUK-Grid variable × frequency × resolution convention.,2026-09-04
inq-0241,HadUK-Grid Mean air temperature – annual – 25km,Met Office,HadUK-Grid,United Kingdom,UK,Weather & Climate,temperature,Climate / exposure | Validation / reference | Predictor,GIS | Time-series | Climate analysis | Building simulation context,25km raster grid,annual,UK land area,NetCDF,Open,Open Government Licence,Official,https://www.metoffice.gov.uk/research/climate/maps-and-data/data/haduk-grid/datasets,official_collection,partition_of_verified_dataset,tas: Mean air temperature,Partition defined by the official HadUK-Grid variable × frequency × resolution convention.,2026-09-04
inq-0242,HadUK-Grid Mean air temperature – annual – 60km,Met Office,HadUK-Grid,United Kingdom,UK,Weather & Climate,temperature,Climate / exposure | Validation / reference | Predictor,GIS | Time-series | Climate analysis | Building simulation context,60km raster grid,annual,UK land area,NetCDF,Open,Open Government Licence,Official,https://www.metoffice.gov.uk/research/climate/maps-and-data/data/haduk-grid/datasets,official_collection,partition_of_verified_dataset,tas: Mean air temperature,Partition defined by the official HadUK-Grid variable × frequency × resolution convention.,2026-09-04
inq-0243,HadUK-Grid Precipitation – annual – 1km,Met Office,HadUK-Grid,United Kingdom,UK,Weather & Climate,precipitation,Climate / exposure | Validation / reference | Predictor,GIS | Time-series | Climate analysis | Building simulation context,1km raster grid,annual,UK land area,NetCDF,Open,Open Government Licence,Official,https://www.metoffice.gov.uk/research/climate/maps-and-data/data/haduk-grid/datasets,official_collection,partition_of_verified_dataset,rainfall: Precipitation,Partition defined by the official HadUK-Grid variable × frequency × resolution convention.,2026-09-04
inq-0244,HadUK-Grid Precipitation – annual – 5km,Met Office,HadUK-Grid,United Kingdom,UK,Weather & Climate,precipitation,Climate / exposure | Validation / reference | Predictor,GIS | Time-series | Climate analysis | Building simulation context,5km raster grid,annual,UK land area,NetCDF,Open,Open Government Licence,Official,https://www.metoffice.gov.uk/research/climate/maps-and-data/data/haduk-grid/datasets,official_collection,partition_of_verified_dataset,rainfall: Precipitation,Partition defined by the official HadUK-Grid variable × frequency × resolution convention.,2026-09-04
inq-0245,HadUK-Grid Precipitation – annual – 12km,Met Office,HadUK-Grid,United Kingdom,UK,Weather & Climate,precipitation,Climate / exposure | Validation / reference | Predictor,GIS | Time-series | Climate analysis | Building simulation context,12km raster grid,annual,UK land area,NetCDF,Open,Open Government Licence,Official,https://www.metoffice.gov.uk/research/climate/maps-and-data/data/haduk-grid/datasets,official_collection,partition_of_verified_dataset,rainfall: Precipitation,Partition defined by the official HadUK-Grid variable × frequency × resolution convention.,2026-09-04
inq-0246,HadUK-Grid Precipitation – annual – 25km,Met Office,HadUK-Grid,United Kingdom,UK,Weather & Climate,precipitation,Climate / exposure | Validation / reference | Predictor,GIS | Time-series | Climate analysis | Building simulation context,25km raster grid,annual,UK land area,NetCDF,Open,Open Government Licence,Official,https://www.metoffice.gov.uk/research/climate/maps-and-data/data/haduk-grid/datasets,official_collection,partition_of_verified_dataset,rainfall: Precipitation,Partition defined by the official HadUK-Grid variable × frequency × resolution convention.,2026-09-04
inq-0247,HadUK-Grid Precipitation – annual – 60km,Met Office,HadUK-Grid,United Kingdom,UK,Weather & Climate,precipitation,Climate / exposure | Validation / reference | Predictor,GIS | Time-series | Climate analysis | Building simulation context,60km raster grid,annual,UK land area,NetCDF,Open,Open Government Licence,Official,https://www.metoffice.gov.uk/research/climate/maps-and-data/data/haduk-grid/datasets,official_collection,partition_of_verified_dataset,rainfall: Precipitation,Partition defined by the official HadUK-Grid variable × frequency × resolution convention.,2026-09-04
inq-0248,HadUK-Grid Sunshine duration – annual – 1km,Met Office,HadUK-Grid,United Kingdom,UK,Weather & Climate,solar / sunshine,Climate / exposure | Validation / reference | Predictor,GIS | Time-series | Climate analysis | Building simulation context,1km raster grid,annual,UK land area,NetCDF,Open,Open Government Licence,Official,https://www.metoffice.gov.uk/research/climate/maps-and-data/data/haduk-grid/datasets,official_collection,partition_of_verified_dataset,sun: Sunshine duration,Partition defined by the official HadUK-Grid variable × frequency × resolution convention.,2026-09-04
inq-0249,HadUK-Grid Sunshine duration – annual – 5km,Met Office,HadUK-Grid,United Kingdom,UK,Weather & Climate,solar / sunshine,Climate / exposure | Validation / reference | Predictor,GIS | Time-series | Climate analysis | Building simulation context,5km raster grid,annual,UK land area,NetCDF,Open,Open Government Licence,Official,https://www.metoffice.gov.uk/research/climate/maps-and-data/data/haduk-grid/datasets,official_collection,partition_of_verified_dataset,sun: Sunshine duration,Partition defined by the official HadUK-Grid variable × frequency × resolution convention.,2026-09-04
inq-0250,HadUK-Grid Sunshine duration – annual – 12km,Met Office,HadUK-Grid,United Kingdom,UK,Weather & Climate,solar / sunshine,Climate / exposure | Validation / reference | Predictor,GIS | Time-series | Climate analysis | Building simulation context,12km raster grid,annual,UK land area,NetCDF,Open,Open Government Licence,Official,https://www.metoffice.gov.uk/research/climate/maps-and-data/data/haduk-grid/datasets,official_collection,partition_of_verified_dataset,sun: Sunshine duration,Partition defined by the official HadUK-Grid variable × frequency × resolution convention.,2026-09-04
inq-0251,HadUK-Grid Sunshine duration – annual – 25km,Met Office,HadUK-Grid,United Kingdom,UK,Weather & Climate,solar / sunshine,Climate / exposure | Validation / reference | Predictor,GIS | Time-series | Climate analysis | Building simulation context,25km raster grid,annual,UK land area,NetCDF,Open,Open Government Licence,Official,https://www.metoffice.gov.uk/research/climate/maps-and-data/data/haduk-grid/datasets,official_collection,partition_of_verified_dataset,sun: Sunshine duration,Partition defined by the official HadUK-Grid variable × frequency × resolution convention.,2026-09-04
inq-0252,HadUK-Grid Sunshine duration – annual – 60km,Met Office,HadUK-Grid,United Kingdom,UK,Weather & Climate,solar / sunshine,Climate / exposure | Validation / reference | Predictor,GIS | Time-series | Climate analysis | Building simulation context,60km raster grid,annual,UK land area,NetCDF,Open,Open Government Licence,Official,https://www.metoffice.gov.uk/research/climate/maps-and-data/data/haduk-grid/datasets,official_collection,partition_of_verified_dataset,sun: Sunshine duration,Partition defined by the official HadUK-Grid variable × frequency × resolution convention.,2026-09-04
inq-0253,HadUK-Grid Mean wind speed at 10 m – annual – 1km,Met Office,HadUK-Grid,United Kingdom,UK,Weather & Climate,wind,Climate / exposure | Validation / reference | Predictor,GIS | Time-series | Climate analysis | Building simulation context,1km raster grid,annual,UK land area,NetCDF,Open,Open Government Licence,Official,https://www.metoffice.gov.uk/research/climate/maps-and-data/data/haduk-grid/datasets,official_collection,partition_of_verified_dataset,sfcWind: Mean wind speed at 10 m,Partition defined by the official HadUK-Grid variable × frequency × resolution convention.,2026-09-04
inq-0254,HadUK-Grid Mean wind speed at 10 m – annual – 5km,Met Office,HadUK-Grid,United Kingdom,UK,Weather & Climate,wind,Climate / exposure | Validation / reference | Predictor,GIS | Time-series | Climate analysis | Building simulation context,5km raster grid,annual,UK land area,NetCDF,Open,Open Government Licence,Official,https://www.metoffice.gov.uk/research/climate/maps-and-data/data/haduk-grid/datasets,official_collection,partition_of_verified_dataset,sfcWind: Mean wind speed at 10 m,Partition defined by the official HadUK-Grid variable × frequency × resolution convention.,2026-09-04
inq-0255,HadUK-Grid Mean wind speed at 10 m – annual – 12km,Met Office,HadUK-Grid,United Kingdom,UK,Weather & Climate,wind,Climate / exposure | Validation / reference | Predictor,GIS | Time-series | Climate analysis | Building simulation context,12km raster grid,annual,UK land area,NetCDF,Open,Open Government Licence,Official,https://www.metoffice.gov.uk/research/climate/maps-and-data/data/haduk-grid/datasets,official_collection,partition_of_verified_dataset,sfcWind: Mean wind speed at 10 m,Partition defined by the official HadUK-Grid variable × frequency × resolution convention.,2026-09-04
inq-0256,HadUK-Grid Mean wind speed at 10 m – annual – 25km,Met Office,HadUK-Grid,United Kingdom,UK,Weather & Climate,wind,Climate / exposure | Validation / reference | Predictor,GIS | Time-series | Climate analysis | Building simulation context,25km raster grid,annual,UK land area,NetCDF,Open,Open Government Licence,Official,https://www.metoffice.gov.uk/research/climate/maps-and-data/data/haduk-grid/datasets,official_collection,partition_of_verified_dataset,sfcWind: Mean wind speed at 10 m,Partition defined by the official HadUK-Grid variable × frequency × resolution convention.,2026-09-04
inq-0257,HadUK-Grid Mean wind speed at 10 m – annual – 60km,Met Office,HadUK-Grid,United Kingdom,UK,Weather & Climate,wind,Climate / exposure | Validation / reference | Predictor,GIS | Time-series | Climate analysis | Building simulation context,60km raster grid,annual,UK land area,NetCDF,Open,Open Government Licence,Official,https://www.metoffice.gov.uk/research/climate/maps-and-data/data/haduk-grid/datasets,official_collection,partition_of_verified_dataset,sfcWind: Mean wind speed at 10 m,Partition defined by the official HadUK-Grid variable × frequency × resolution convention.,2026-09-04
inq-0258,HadUK-Grid Mean sea level pressure – annual – 1km,Met Office,HadUK-Grid,United Kingdom,UK,Weather & Climate,pressure,Climate / exposure | Validation / reference | Predictor,GIS | Time-series | Climate analysis | Building simulation context,1km raster grid,annual,UK land area,NetCDF,Open,Open Government Licence,Official,https://www.metoffice.gov.uk/research/climate/maps-and-data/data/haduk-grid/datasets,official_collection,partition_of_verified_dataset,psl: Mean sea level pressure,Partition defined by the official HadUK-Grid variable × frequency × resolution convention.,2026-09-04
inq-0259,HadUK-Grid Mean sea level pressure – annual – 5km,Met Office,HadUK-Grid,United Kingdom,UK,Weather & Climate,pressure,Climate / exposure | Validation / reference | Predictor,GIS | Time-series | Climate analysis | Building simulation context,5km raster grid,annual,UK land area,NetCDF,Open,Open Government Licence,Official,https://www.metoffice.gov.uk/research/climate/maps-and-data/data/haduk-grid/datasets,official_collection,partition_of_verified_dataset,psl: Mean sea level pressure,Partition defined by the official HadUK-Grid variable × frequency × resolution convention.,2026-09-04
inq-0260,HadUK-Grid Mean sea level pressure – annual – 12km,Met Office,HadUK-Grid,United Kingdom,UK,Weather & Climate,pressure,Climate / exposure | Validation / reference | Predictor,GIS | Time-series | Climate analysis | Building simulation context,12km raster grid,annual,UK land area,NetCDF,Open,Open Government Licence,Official,https://www.metoffice.gov.uk/research/climate/maps-and-data/data/haduk-grid/datasets,official_collection,partition_of_verified_dataset,psl: Mean sea level pressure,Partition defined by the official HadUK-Grid variable × frequency × resolution convention.,2026-09-04
inq-0261,HadUK-Grid Mean sea level pressure – annual – 25km,Met Office,HadUK-Grid,United Kingdom,UK,Weather & Climate,pressure,Climate / exposure | Validation / reference | Predictor,GIS | Time-series | Climate analysis | Building simulation context,25km raster grid,annual,UK land area,NetCDF,Open,Open Government Licence,Official,https://www.metoffice.gov.uk/research/climate/maps-and-data/data/haduk-grid/datasets,official_collection,partition_of_verified_dataset,psl: Mean sea level pressure,Partition defined by the official HadUK-Grid variable × frequency × resolution convention.,2026-09-04
inq-0262,HadUK-Grid Mean sea level pressure – annual – 60km,Met Office,HadUK-Grid,United Kingdom,UK,Weather & Climate,pressure,Climate / exposure | Validation / reference | Predictor,GIS | Time-series | Climate analysis | Building simulation context,60km raster grid,annual,UK land area,NetCDF,Open,Open Government Licence,Official,https://www.metoffice.gov.uk/research/climate/maps-and-data/data/haduk-grid/datasets,official_collection,partition_of_verified_dataset,psl: Mean sea level pressure,Partition defined by the official HadUK-Grid variable × frequency × resolution convention.,2026-09-04
inq-0263,HadUK-Grid Mean relative humidity – annual – 1km,Met Office,HadUK-Grid,United Kingdom,UK,Weather & Climate,humidity,Climate / exposure | Validation / reference | Predictor,GIS | Time-series | Climate analysis | Building simulation context,1km raster grid,annual,UK land area,NetCDF,Open,Open Government Licence,Official,https://www.metoffice.gov.uk/research/climate/maps-and-data/data/haduk-grid/datasets,official_collection,partition_of_verified_dataset,hurs: Mean relative humidity,Partition defined by the official HadUK-Grid variable × frequency × resolution convention.,2026-09-04
inq-0264,HadUK-Grid Mean relative humidity – annual – 5km,Met Office,HadUK-Grid,United Kingdom,UK,Weather & Climate,humidity,Climate / exposure | Validation / reference | Predictor,GIS | Time-series | Climate analysis | Building simulation context,5km raster grid,annual,UK land area,NetCDF,Open,Open Government Licence,Official,https://www.metoffice.gov.uk/research/climate/maps-and-data/data/haduk-grid/datasets,official_collection,partition_of_verified_dataset,hurs: Mean relative humidity,Partition defined by the official HadUK-Grid variable × frequency × resolution convention.,2026-09-04
inq-0265,HadUK-Grid Mean relative humidity – annual – 12km,Met Office,HadUK-Grid,United Kingdom,UK,Weather & Climate,humidity,Climate / exposure | Validation / reference | Predictor,GIS | Time-series | Climate analysis | Building simulation context,12km raster grid,annual,UK land area,NetCDF,Open,Open Government Licence,Official,https://www.metoffice.gov.uk/research/climate/maps-and-data/data/haduk-grid/datasets,official_collection,partition_of_verified_dataset,hurs: Mean relative humidity,Partition defined by the official HadUK-Grid variable × frequency × resolution convention.,2026-09-04
inq-0266,HadUK-Grid Mean relative humidity – annual – 25km,Met Office,HadUK-Grid,United Kingdom,UK,Weather & Climate,humidity,Climate / exposure | Validation / reference | Predictor,GIS | Time-series | Climate analysis | Building simulation context,25km raster grid,annual,UK land area,NetCDF,Open,Open Government Licence,Official,https://www.metoffice.gov.uk/research/climate/maps-and-data/data/haduk-grid/datasets,official_collection,partition_of_verified_dataset,hurs: Mean relative humidity,Partition defined by the official HadUK-Grid variable × frequency × resolution convention.,2026-09-04
inq-0267,HadUK-Grid Mean relative humidity – annual – 60km,Met Office,HadUK-Grid,United Kingdom,UK,Weather & Climate,humidity,Climate / exposure | Validation / reference | Predictor,GIS | Time-series | Climate analysis | Building simulation context,60km raster grid,annual,UK land area,NetCDF,Open,Open Government Licence,Official,https://www.metoffice.gov.uk/research/climate/maps-and-data/data/haduk-grid/datasets,official_collection,partition_of_verified_dataset,hurs: Mean relative humidity,Partition defined by the official HadUK-Grid variable × frequency × resolution convention.,2026-09-04
inq-0268,HadUK-Grid Mean vapour pressure – annual – 1km,Met Office,HadUK-Grid,United Kingdom,UK,Weather & Climate,humidity / moisture,Climate / exposure | Validation / reference | Predictor,GIS | Time-series | Climate analysis | Building simulation context,1km raster grid,annual,UK land area,NetCDF,Open,Open Government Licence,Official,https://www.metoffice.gov.uk/research/climate/maps-and-data/data/haduk-grid/datasets,official_collection,partition_of_verified_dataset,pv: Mean vapour pressure,Partition defined by the official HadUK-Grid variable × frequency × resolution convention.,2026-09-04
inq-0269,HadUK-Grid Mean vapour pressure – annual – 5km,Met Office,HadUK-Grid,United Kingdom,UK,Weather & Climate,humidity / moisture,Climate / exposure | Validation / reference | Predictor,GIS | Time-series | Climate analysis | Building simulation context,5km raster grid,annual,UK land area,NetCDF,Open,Open Government Licence,Official,https://www.metoffice.gov.uk/research/climate/maps-and-data/data/haduk-grid/datasets,official_collection,partition_of_verified_dataset,pv: Mean vapour pressure,Partition defined by the official HadUK-Grid variable × frequency × resolution convention.,2026-09-04
inq-0270,HadUK-Grid Mean vapour pressure – annual – 12km,Met Office,HadUK-Grid,United Kingdom,UK,Weather & Climate,humidity / moisture,Climate / exposure | Validation / reference | Predictor,GIS | Time-series | Climate analysis | Building simulation context,12km raster grid,annual,UK land area,NetCDF,Open,Open Government Licence,Official,https://www.metoffice.gov.uk/research/climate/maps-and-data/data/haduk-grid/datasets,official_collection,partition_of_verified_dataset,pv: Mean vapour pressure,Partition defined by the official HadUK-Grid variable × frequency × resolution convention.,2026-09-04
inq-0271,HadUK-Grid Mean vapour pressure – annual – 25km,Met Office,HadUK-Grid,United Kingdom,UK,Weather & Climate,humidity / moisture,Climate / exposure | Validation / reference | Predictor,GIS | Time-series | Climate analysis | Building simulation context,25km raster grid,annual,UK land area,NetCDF,Open,Open Government Licence,Official,https://www.metoffice.gov.uk/research/climate/maps-and-data/data/haduk-grid/datasets,official_collection,partition_of_verified_dataset,pv: Mean vapour pressure,Partition defined by the official HadUK-Grid variable × frequency × resolution convention.,2026-09-04
inq-0272,HadUK-Grid Mean vapour pressure – annual – 60km,Met Office,HadUK-Grid,United Kingdom,UK,Weather & Climate,humidity / moisture,Climate / exposure | Validation / reference | Predictor,GIS | Time-series | Climate analysis | Building simulation context,60km raster grid,annual,UK land area,NetCDF,Open,Open Government Licence,Official,https://www.metoffice.gov.uk/research/climate/maps-and-data/data/haduk-grid/datasets,official_collection,partition_of_verified_dataset,pv: Mean vapour pressure,Partition defined by the official HadUK-Grid variable × frequency × resolution convention.,2026-09-04
inq-0273,HadUK-Grid Days of ground frost – annual – 1km,Met Office,HadUK-Grid,United Kingdom,UK,Weather & Climate,frost,Climate / exposure | Validation / reference | Predictor,GIS | Time-series | Climate analysis | Building simulation context,1km raster grid,annual,UK land area,NetCDF,Open,Open Government Licence,Official,https://www.metoffice.gov.uk/research/climate/maps-and-data/data/haduk-grid/datasets,official_collection,partition_of_verified_dataset,groundfrost: Days of ground frost,Partition defined by the official HadUK-Grid variable × frequency × resolution convention.,2026-09-04
inq-0274,HadUK-Grid Days of ground frost – annual – 5km,Met Office,HadUK-Grid,United Kingdom,UK,Weather & Climate,frost,Climate / exposure | Validation / reference | Predictor,GIS | Time-series | Climate analysis | Building simulation context,5km raster grid,annual,UK land area,NetCDF,Open,Open Government Licence,Official,https://www.metoffice.gov.uk/research/climate/maps-and-data/data/haduk-grid/datasets,official_collection,partition_of_verified_dataset,groundfrost: Days of ground frost,Partition defined by the official HadUK-Grid variable × frequency × resolution convention.,2026-09-04
inq-0275,HadUK-Grid Days of ground frost – annual – 12km,Met Office,HadUK-Grid,United Kingdom,UK,Weather & Climate,frost,Climate / exposure | Validation / reference | Predictor,GIS | Time-series | Climate analysis | Building simulation context,12km raster grid,annual,UK land area,NetCDF,Open,Open Government Licence,Official,https://www.metoffice.gov.uk/research/climate/maps-and-data/data/haduk-grid/datasets,official_collection,partition_of_verified_dataset,groundfrost: Days of ground frost,Partition defined by the official HadUK-Grid variable × frequency × resolution convention.,2026-09-04
inq-0276,HadUK-Grid Days of ground frost – annual – 25km,Met Office,HadUK-Grid,United Kingdom,UK,Weather & Climate,frost,Climate / exposure | Validation / reference | Predictor,GIS | Time-series | Climate analysis | Building simulation context,25km raster grid,annual,UK land area,NetCDF,Open,Open Government Licence,Official,https://www.metoffice.gov.uk/research/climate/maps-and-data/data/haduk-grid/datasets,official_collection,partition_of_verified_dataset,groundfrost: Days of ground frost,Partition defined by the official HadUK-Grid variable × frequency × resolution convention.,2026-09-04
inq-0277,HadUK-Grid Days of ground frost – annual – 60km,Met Office,HadUK-Grid,United Kingdom,UK,Weather & Climate,frost,Climate / exposure | Validation / reference | Predictor,GIS | Time-series | Climate analysis | Building simulation context,60km raster grid,annual,UK land area,NetCDF,Open,Open Government Licence,Official,https://www.metoffice.gov.uk/research/climate/maps-and-data/data/haduk-grid/datasets,official_collection,partition_of_verified_dataset,groundfrost: Days of ground frost,Partition defined by the official HadUK-Grid variable × frequency × resolution convention.,2026-09-04
inq-0278,HadUK-Grid Days of snow lying – annual – 1km,Met Office,HadUK-Grid,United Kingdom,UK,Weather & Climate,snow,Climate / exposure | Validation / reference | Predictor,GIS | Time-series | Climate analysis | Building simulation context,1km raster grid,annual,UK land area,NetCDF,Open,Open Government Licence,Official,https://www.metoffice.gov.uk/research/climate/maps-and-data/data/haduk-grid/datasets,official_collection,partition_of_verified_dataset,snowLying: Days of snow lying,Partition defined by the official HadUK-Grid variable × frequency × resolution convention.,2026-09-04
inq-0279,HadUK-Grid Days of snow lying – annual – 5km,Met Office,HadUK-Grid,United Kingdom,UK,Weather & Climate,snow,Climate / exposure | Validation / reference | Predictor,GIS | Time-series | Climate analysis | Building simulation context,5km raster grid,annual,UK land area,NetCDF,Open,Open Government Licence,Official,https://www.metoffice.gov.uk/research/climate/maps-and-data/data/haduk-grid/datasets,official_collection,partition_of_verified_dataset,snowLying: Days of snow lying,Partition defined by the official HadUK-Grid variable × frequency × resolution convention.,2026-09-04
inq-0280,HadUK-Grid Days of snow lying – annual – 12km,Met Office,HadUK-Grid,United Kingdom,UK,Weather & Climate,snow,Climate / exposure | Validation / reference | Predictor,GIS | Time-series | Climate analysis | Building simulation context,12km raster grid,annual,UK land area,NetCDF,Open,Open Government Licence,Official,https://www.metoffice.gov.uk/research/climate/maps-and-data/data/haduk-grid/datasets,official_collection,partition_of_verified_dataset,snowLying: Days of snow lying,Partition defined by the official HadUK-Grid variable × frequency × resolution convention.,2026-09-04
inq-0281,HadUK-Grid Days of snow lying – annual – 25km,Met Office,HadUK-Grid,United Kingdom,UK,Weather & Climate,snow,Climate / exposure | Validation / reference | Predictor,GIS | Time-series | Climate analysis | Building simulation context,25km raster grid,annual,UK land area,NetCDF,Open,Open Government Licence,Official,https://www.metoffice.gov.uk/research/climate/maps-and-data/data/haduk-grid/datasets,official_collection,partition_of_verified_dataset,snowLying: Days of snow lying,Partition defined by the official HadUK-Grid variable × frequency × resolution convention.,2026-09-04
inq-0282,HadUK-Grid Days of snow lying – annual – 60km,Met Office,HadUK-Grid,United Kingdom,UK,Weather & Climate,snow,Climate / exposure | Validation / reference | Predictor,GIS | Time-series | Climate analysis | Building simulation context,60km raster grid,annual,UK land area,NetCDF,Open,Open Government Licence,Official,https://www.metoffice.gov.uk/research/climate/maps-and-data/data/haduk-grid/datasets,official_collection,partition_of_verified_dataset,snowLying: Days of snow lying,Partition defined by the official HadUK-Grid variable × frequency × resolution convention.,2026-09-04
inq-0283,HadUK-Grid Maximum air temperature – daily – 1km,Met Office,HadUK-Grid,United Kingdom,UK,Weather & Climate,temperature,Climate / exposure | Validation / reference | Predictor,GIS | Time-series | Climate analysis | Extreme-event analysis,1km raster grid,daily,UK land area,NetCDF,Open,Open Government Licence,Official,https://www.metoffice.gov.uk/research/climate/maps-and-data/data/haduk-grid/datasets,official_collection,partition_of_verified_dataset,tasmax: Maximum air temperature,,2026-09-04
inq-0284,HadUK-Grid Maximum air temperature – daily – 5km,Met Office,HadUK-Grid,United Kingdom,UK,Weather & Climate,temperature,Climate / exposure | Validation / reference | Predictor,GIS | Time-series | Climate analysis | Extreme-event analysis,5km raster grid,daily,UK land area,NetCDF,Open,Open Government Licence,Official,https://www.metoffice.gov.uk/research/climate/maps-and-data/data/haduk-grid/datasets,official_collection,partition_of_verified_dataset,tasmax: Maximum air temperature,,2026-09-04
inq-0285,HadUK-Grid Maximum air temperature – daily – 12km,Met Office,HadUK-Grid,United Kingdom,UK,Weather & Climate,temperature,Climate / exposure | Validation / reference | Predictor,GIS | Time-series | Climate analysis | Extreme-event analysis,12km raster grid,daily,UK land area,NetCDF,Open,Open Government Licence,Official,https://www.metoffice.gov.uk/research/climate/maps-and-data/data/haduk-grid/datasets,official_collection,partition_of_verified_dataset,tasmax: Maximum air temperature,,2026-09-04
inq-0286,HadUK-Grid Maximum air temperature – daily – 25km,Met Office,HadUK-Grid,United Kingdom,UK,Weather & Climate,temperature,Climate / exposure | Validation / reference | Predictor,GIS | Time-series | Climate analysis | Extreme-event analysis,25km raster grid,daily,UK land area,NetCDF,Open,Open Government Licence,Official,https://www.metoffice.gov.uk/research/climate/maps-and-data/data/haduk-grid/datasets,official_collection,partition_of_verified_dataset,tasmax: Maximum air temperature,,2026-09-04
inq-0287,HadUK-Grid Maximum air temperature – daily – 60km,Met Office,HadUK-Grid,United Kingdom,UK,Weather & Climate,temperature,Climate / exposure | Validation / reference | Predictor,GIS | Time-series | Climate analysis | Extreme-event analysis,60km raster grid,daily,UK land area,NetCDF,Open,Open Government Licence,Official,https://www.metoffice.gov.uk/research/climate/maps-and-data/data/haduk-grid/datasets,official_collection,partition_of_verified_dataset,tasmax: Maximum air temperature,,2026-09-04
inq-0288,HadUK-Grid Minimum air temperature – daily – 1km,Met Office,HadUK-Grid,United Kingdom,UK,Weather & Climate,temperature,Climate / exposure | Validation / reference | Predictor,GIS | Time-series | Climate analysis | Extreme-event analysis,1km raster grid,daily,UK land area,NetCDF,Open,Open Government Licence,Official,https://www.metoffice.gov.uk/research/climate/maps-and-data/data/haduk-grid/datasets,official_collection,partition_of_verified_dataset,tasmin: Minimum air temperature,,2026-09-04
inq-0289,HadUK-Grid Minimum air temperature – daily – 5km,Met Office,HadUK-Grid,United Kingdom,UK,Weather & Climate,temperature,Climate / exposure | Validation / reference | Predictor,GIS | Time-series | Climate analysis | Extreme-event analysis,5km raster grid,daily,UK land area,NetCDF,Open,Open Government Licence,Official,https://www.metoffice.gov.uk/research/climate/maps-and-data/data/haduk-grid/datasets,official_collection,partition_of_verified_dataset,tasmin: Minimum air temperature,,2026-09-04
inq-0290,HadUK-Grid Minimum air temperature – daily – 12km,Met Office,HadUK-Grid,United Kingdom,UK,Weather & Climate,temperature,Climate / exposure | Validation / reference | Predictor,GIS | Time-series | Climate analysis | Extreme-event analysis,12km raster grid,daily,UK land area,NetCDF,Open,Open Government Licence,Official,https://www.metoffice.gov.uk/research/climate/maps-and-data/data/haduk-grid/datasets,official_collection,partition_of_verified_dataset,tasmin: Minimum air temperature,,2026-09-04
inq-0291,HadUK-Grid Minimum air temperature – daily – 25km,Met Office,HadUK-Grid,United Kingdom,UK,Weather & Climate,temperature,Climate / exposure | Validation / reference | Predictor,GIS | Time-series | Climate analysis | Extreme-event analysis,25km raster grid,daily,UK land area,NetCDF,Open,Open Government Licence,Official,https://www.metoffice.gov.uk/research/climate/maps-and-data/data/haduk-grid/datasets,official_collection,partition_of_verified_dataset,tasmin: Minimum air temperature,,2026-09-04
inq-0292,HadUK-Grid Minimum air temperature – daily – 60km,Met Office,HadUK-Grid,United Kingdom,UK,Weather & Climate,temperature,Climate / exposure | Validation / reference | Predictor,GIS | Time-series | Climate analysis | Extreme-event analysis,60km raster grid,daily,UK land area,NetCDF,Open,Open Government Licence,Official,https://www.metoffice.gov.uk/research/climate/maps-and-data/data/haduk-grid/datasets,official_collection,partition_of_verified_dataset,tasmin: Minimum air temperature,,2026-09-04
inq-0293,HadUK-Grid Precipitation – daily – 1km,Met Office,HadUK-Grid,United Kingdom,UK,Weather & Climate,precipitation,Climate / exposure | Validation / reference | Predictor,GIS | Time-series | Climate analysis | Extreme-event analysis,1km raster grid,daily,UK land area,NetCDF,Open,Open Government Licence,Official,https://www.metoffice.gov.uk/research/climate/maps-and-data/data/haduk-grid/datasets,official_collection,partition_of_verified_dataset,rainfall: Precipitation,,2026-09-04
inq-0294,HadUK-Grid Precipitation – daily – 5km,Met Office,HadUK-Grid,United Kingdom,UK,Weather & Climate,precipitation,Climate / exposure | Validation / reference | Predictor,GIS | Time-series | Climate analysis | Extreme-event analysis,5km raster grid,daily,UK land area,NetCDF,Open,Open Government Licence,Official,https://www.metoffice.gov.uk/research/climate/maps-and-data/data/haduk-grid/datasets,official_collection,partition_of_verified_dataset,rainfall: Precipitation,,2026-09-04
inq-0295,HadUK-Grid Precipitation – daily – 12km,Met Office,HadUK-Grid,United Kingdom,UK,Weather & Climate,precipitation,Climate / exposure | Validation / reference | Predictor,GIS | Time-series | Climate analysis | Extreme-event analysis,12km raster grid,daily,UK land area,NetCDF,Open,Open Government Licence,Official,https://www.metoffice.gov.uk/research/climate/maps-and-data/data/haduk-grid/datasets,official_collection,partition_of_verified_dataset,rainfall: Precipitation,,2026-09-04
inq-0296,HadUK-Grid Precipitation – daily – 25km,Met Office,HadUK-Grid,United Kingdom,UK,Weather & Climate,precipitation,Climate / exposure | Validation / reference | Predictor,GIS | Time-series | Climate analysis | Extreme-event analysis,25km raster grid,daily,UK land area,NetCDF,Open,Open Government Licence,Official,https://www.metoffice.gov.uk/research/climate/maps-and-data/data/haduk-grid/datasets,official_collection,partition_of_verified_dataset,rainfall: Precipitation,,2026-09-04
inq-0297,HadUK-Grid Precipitation – daily – 60km,Met Office,HadUK-Grid,United Kingdom,UK,Weather & Climate,precipitation,Climate / exposure | Validation / reference | Predictor,GIS | Time-series | Climate analysis | Extreme-event analysis,60km raster grid,daily,UK land area,NetCDF,Open,Open Government Licence,Official,https://www.metoffice.gov.uk/research/climate/maps-and-data/data/haduk-grid/datasets,official_collection,partition_of_verified_dataset,rainfall: Precipitation,,2026-09-04
inq-0298,Combined Authorities Boundaries (2021),Office for National Statistics,ONS Open Geography Portal,United Kingdom,UK,Geospatial / GIS,Boundary,Study boundary | Lookup / identifiers | Geometry,GIS | Spatial join | Geocoding | Statistical geography,administrative / statistical geography,versioned,England,Shapefile | GeoJSON | CSV | ArcGIS REST,Open,Open Government Licence v3.0,Official,https://geoportal.statistics.gov.uk/search?q=Combined+Authorities+Boundaries+%282021%29,official_search_query,indexed_family_from_official_portal,,Official ONS Open Geography search URL; import resolver should replace with current ArcGIS item URL when uniquely resolved.,2026-09-04
inq-0299,Combined Authorities Boundaries (2022),Office for National Statistics,ONS Open Geography Portal,United Kingdom,UK,Geospatial / GIS,Boundary,Study boundary | Lookup / identifiers | Geometry,GIS | Spatial join | Geocoding | Statistical geography,administrative / statistical geography,versioned,England,Shapefile | GeoJSON | CSV | ArcGIS REST,Open,Open Government Licence v3.0,Official,https://geoportal.statistics.gov.uk/search?q=Combined+Authorities+Boundaries+%282022%29,official_search_query,indexed_family_from_official_portal,,Official ONS Open Geography search URL; import resolver should replace with current ArcGIS item URL when uniquely resolved.,2026-09-04
inq-0300,Combined Authorities Boundaries (2023),Office for National Statistics,ONS Open Geography Portal,United Kingdom,UK,Geospatial / GIS,Boundary,Study boundary | Lookup / identifiers | Geometry,GIS | Spatial join | Geocoding | Statistical geography,administrative / statistical geography,versioned,England,Shapefile | GeoJSON | CSV | ArcGIS REST,Open,Open Government Licence v3.0,Official,https://geoportal.statistics.gov.uk/search?q=Combined+Authorities+Boundaries+%282023%29,official_search_query,indexed_family_from_official_portal,,Official ONS Open Geography search URL; import resolver should replace with current ArcGIS item URL when uniquely resolved.,2026-09-04
inq-0301,Combined Authorities Boundaries (2024),Office for National Statistics,ONS Open Geography Portal,United Kingdom,UK,Geospatial / GIS,Boundary,Study boundary | Lookup / identifiers | Geometry,GIS | Spatial join | Geocoding | Statistical geography,administrative / statistical geography,versioned,England,Shapefile | GeoJSON | CSV | ArcGIS REST,Open,Open Government Licence v3.0,Official,https://geoportal.statistics.gov.uk/search?q=Combined+Authorities+Boundaries+%282024%29,official_search_query,indexed_family_from_official_portal,,Official ONS Open Geography search URL; import resolver should replace with current ArcGIS item URL when uniquely resolved.,2026-09-04
inq-0302,Combined Authorities Boundaries (2025),Office for National Statistics,ONS Open Geography Portal,United Kingdom,UK,Geospatial / GIS,Boundary,Study boundary | Lookup / identifiers | Geometry,GIS | Spatial join | Geocoding | Statistical geography,administrative / statistical geography,versioned,England,Shapefile | GeoJSON | CSV | ArcGIS REST,Open,Open Government Licence v3.0,Official,https://geoportal.statistics.gov.uk/search?q=Combined+Authorities+Boundaries+%282025%29,official_search_query,indexed_family_from_official_portal,,Official ONS Open Geography search URL; import resolver should replace with current ArcGIS item URL when uniquely resolved.,2026-09-04
inq-0303,Counties Boundaries (2021),Office for National Statistics,ONS Open Geography Portal,United Kingdom,UK,Geospatial / GIS,Boundary,Study boundary | Lookup / identifiers | Geometry,GIS | Spatial join | Geocoding | Statistical geography,administrative / statistical geography,versioned,England,Shapefile | GeoJSON | CSV | ArcGIS REST,Open,Open Government Licence v3.0,Official,https://geoportal.statistics.gov.uk/search?q=Counties+Boundaries+%282021%29,official_search_query,indexed_family_from_official_portal,,Official ONS Open Geography search URL; import resolver should replace with current ArcGIS item URL when uniquely resolved.,2026-09-04
inq-0304,Counties Boundaries (2022),Office for National Statistics,ONS Open Geography Portal,United Kingdom,UK,Geospatial / GIS,Boundary,Study boundary | Lookup / identifiers | Geometry,GIS | Spatial join | Geocoding | Statistical geography,administrative / statistical geography,versioned,England,Shapefile | GeoJSON | CSV | ArcGIS REST,Open,Open Government Licence v3.0,Official,https://geoportal.statistics.gov.uk/search?q=Counties+Boundaries+%282022%29,official_search_query,indexed_family_from_official_portal,,Official ONS Open Geography search URL; import resolver should replace with current ArcGIS item URL when uniquely resolved.,2026-09-04
inq-0305,Counties Boundaries (2023),Office for National Statistics,ONS Open Geography Portal,United Kingdom,UK,Geospatial / GIS,Boundary,Study boundary | Lookup / identifiers | Geometry,GIS | Spatial join | Geocoding | Statistical geography,administrative / statistical geography,versioned,England,Shapefile | GeoJSON | CSV | ArcGIS REST,Open,Open Government Licence v3.0,Official,https://geoportal.statistics.gov.uk/search?q=Counties+Boundaries+%282023%29,official_search_query,indexed_family_from_official_portal,,Official ONS Open Geography search URL; import resolver should replace with current ArcGIS item URL when uniquely resolved.,2026-09-04
inq-0306,Counties Boundaries (2024),Office for National Statistics,ONS Open Geography Portal,United Kingdom,UK,Geospatial / GIS,Boundary,Study boundary | Lookup / identifiers | Geometry,GIS | Spatial join | Geocoding | Statistical geography,administrative / statistical geography,versioned,England,Shapefile | GeoJSON | CSV | ArcGIS REST,Open,Open Government Licence v3.0,Official,https://geoportal.statistics.gov.uk/search?q=Counties+Boundaries+%282024%29,official_search_query,indexed_family_from_official_portal,,Official ONS Open Geography search URL; import resolver should replace with current ArcGIS item URL when uniquely resolved.,2026-09-04
inq-0307,Counties and Unitary Authorities Boundaries (2011),Office for National Statistics,ONS Open Geography Portal,United Kingdom,UK,Geospatial / GIS,Boundary,Study boundary | Lookup / identifiers | Geometry,GIS | Spatial join | Geocoding | Statistical geography,administrative / statistical geography,versioned,England and Wales,Shapefile | GeoJSON | CSV | ArcGIS REST,Open,Open Government Licence v3.0,Official,https://geoportal.statistics.gov.uk/search?q=Counties+and+Unitary+Authorities+Boundaries+%282011%29,official_search_query,indexed_family_from_official_portal,,Official ONS Open Geography search URL; import resolver should replace with current ArcGIS item URL when uniquely resolved.,2026-09-04
inq-0308,Counties and Unitary Authorities Boundaries (2021),Office for National Statistics,ONS Open Geography Portal,United Kingdom,UK,Geospatial / GIS,Boundary,Study boundary | Lookup / identifiers | Geometry,GIS | Spatial join | Geocoding | Statistical geography,administrative / statistical geography,versioned,England and Wales,Shapefile | GeoJSON | CSV | ArcGIS REST,Open,Open Government Licence v3.0,Official,https://geoportal.statistics.gov.uk/search?q=Counties+and+Unitary+Authorities+Boundaries+%282021%29,official_search_query,indexed_family_from_official_portal,,Official ONS Open Geography search URL; import resolver should replace with current ArcGIS item URL when uniquely resolved.,2026-09-04
inq-0309,Counties and Unitary Authorities Boundaries (2022),Office for National Statistics,ONS Open Geography Portal,United Kingdom,UK,Geospatial / GIS,Boundary,Study boundary | Lookup / identifiers | Geometry,GIS | Spatial join | Geocoding | Statistical geography,administrative / statistical geography,versioned,England and Wales,Shapefile | GeoJSON | CSV | ArcGIS REST,Open,Open Government Licence v3.0,Official,https://geoportal.statistics.gov.uk/search?q=Counties+and+Unitary+Authorities+Boundaries+%282022%29,official_search_query,indexed_family_from_official_portal,,Official ONS Open Geography search URL; import resolver should replace with current ArcGIS item URL when uniquely resolved.,2026-09-04
inq-0310,Counties and Unitary Authorities Boundaries (2023),Office for National Statistics,ONS Open Geography Portal,United Kingdom,UK,Geospatial / GIS,Boundary,Study boundary | Lookup / identifiers | Geometry,GIS | Spatial join | Geocoding | Statistical geography,administrative / statistical geography,versioned,England and Wales,Shapefile | GeoJSON | CSV | ArcGIS REST,Open,Open Government Licence v3.0,Official,https://geoportal.statistics.gov.uk/search?q=Counties+and+Unitary+Authorities+Boundaries+%282023%29,official_search_query,indexed_family_from_official_portal,,Official ONS Open Geography search URL; import resolver should replace with current ArcGIS item URL when uniquely resolved.,2026-09-04
inq-0311,Counties and Unitary Authorities Boundaries (2024),Office for National Statistics,ONS Open Geography Portal,United Kingdom,UK,Geospatial / GIS,Boundary,Study boundary | Lookup / identifiers | Geometry,GIS | Spatial join | Geocoding | Statistical geography,administrative / statistical geography,versioned,England and Wales,Shapefile | GeoJSON | CSV | ArcGIS REST,Open,Open Government Licence v3.0,Official,https://geoportal.statistics.gov.uk/search?q=Counties+and+Unitary+Authorities+Boundaries+%282024%29,official_search_query,indexed_family_from_official_portal,,Official ONS Open Geography search URL; import resolver should replace with current ArcGIS item URL when uniquely resolved.,2026-09-04
inq-0312,Counties and Unitary Authorities Boundaries (2025),Office for National Statistics,ONS Open Geography Portal,United Kingdom,UK,Geospatial / GIS,Boundary,Study boundary | Lookup / identifiers | Geometry,GIS | Spatial join | Geocoding | Statistical geography,administrative / statistical geography,versioned,England and Wales,Shapefile | GeoJSON | CSV | ArcGIS REST,Open,Open Government Licence v3.0,Official,https://geoportal.statistics.gov.uk/search?q=Counties+and+Unitary+Authorities+Boundaries+%282025%29,official_search_query,indexed_family_from_official_portal,,Official ONS Open Geography search URL; import resolver should replace with current ArcGIS item URL when uniquely resolved.,2026-09-04
inq-0313,Countries Boundaries (2021),Office for National Statistics,ONS Open Geography Portal,United Kingdom,UK,Geospatial / GIS,Boundary,Study boundary | Lookup / identifiers | Geometry,GIS | Spatial join | Geocoding | Statistical geography,administrative / statistical geography,versioned,United Kingdom,Shapefile | GeoJSON | CSV | ArcGIS REST,Open,Open Government Licence v3.0,Official,https://geoportal.statistics.gov.uk/search?q=Countries+Boundaries+%282021%29,official_search_query,indexed_family_from_official_portal,,Official ONS Open Geography search URL; import resolver should replace with current ArcGIS item URL when uniquely resolved.,2026-09-04
inq-0314,Countries Boundaries (2022),Office for National Statistics,ONS Open Geography Portal,United Kingdom,UK,Geospatial / GIS,Boundary,Study boundary | Lookup / identifiers | Geometry,GIS | Spatial join | Geocoding | Statistical geography,administrative / statistical geography,versioned,United Kingdom,Shapefile | GeoJSON | CSV | ArcGIS REST,Open,Open Government Licence v3.0,Official,https://geoportal.statistics.gov.uk/search?q=Countries+Boundaries+%282022%29,official_search_query,indexed_family_from_official_portal,,Official ONS Open Geography search URL; import resolver should replace with current ArcGIS item URL when uniquely resolved.,2026-09-04
inq-0315,Countries Boundaries (2024),Office for National Statistics,ONS Open Geography Portal,United Kingdom,UK,Geospatial / GIS,Boundary,Study boundary | Lookup / identifiers | Geometry,GIS | Spatial join | Geocoding | Statistical geography,administrative / statistical geography,versioned,United Kingdom,Shapefile | GeoJSON | CSV | ArcGIS REST,Open,Open Government Licence v3.0,Official,https://geoportal.statistics.gov.uk/search?q=Countries+Boundaries+%282024%29,official_search_query,indexed_family_from_official_portal,,Official ONS Open Geography search URL; import resolver should replace with current ArcGIS item URL when uniquely resolved.,2026-09-04
inq-0316,Countries Boundaries (2025),Office for National Statistics,ONS Open Geography Portal,United Kingdom,UK,Geospatial / GIS,Boundary,Study boundary | Lookup / identifiers | Geometry,GIS | Spatial join | Geocoding | Statistical geography,administrative / statistical geography,versioned,United Kingdom,Shapefile | GeoJSON | CSV | ArcGIS REST,Open,Open Government Licence v3.0,Official,https://geoportal.statistics.gov.uk/search?q=Countries+Boundaries+%282025%29,official_search_query,indexed_family_from_official_portal,,Official ONS Open Geography search URL; import resolver should replace with current ArcGIS item URL when uniquely resolved.,2026-09-04
inq-0317,Wards / Electoral Divisions Boundaries (2011),Office for National Statistics,ONS Open Geography Portal,United Kingdom,UK,Geospatial / GIS,Boundary,Study boundary | Lookup / identifiers | Geometry,GIS | Spatial join | Geocoding | Statistical geography,administrative / statistical geography,versioned,United Kingdom,Shapefile | GeoJSON | CSV | ArcGIS REST,Open,Open Government Licence v3.0,Official,https://geoportal.statistics.gov.uk/search?q=Wards+%2F+Electoral+Divisions+Boundaries+%282011%29,official_search_query,indexed_family_from_official_portal,,Official ONS Open Geography search URL; import resolver should replace with current ArcGIS item URL when uniquely resolved.,2026-09-04
inq-0318,Wards / Electoral Divisions Boundaries (2021),Office for National Statistics,ONS Open Geography Portal,United Kingdom,UK,Geospatial / GIS,Boundary,Study boundary | Lookup / identifiers | Geometry,GIS | Spatial join | Geocoding | Statistical geography,administrative / statistical geography,versioned,United Kingdom,Shapefile | GeoJSON | CSV | ArcGIS REST,Open,Open Government Licence v3.0,Official,https://geoportal.statistics.gov.uk/search?q=Wards+%2F+Electoral+Divisions+Boundaries+%282021%29,official_search_query,indexed_family_from_official_portal,,Official ONS Open Geography search URL; import resolver should replace with current ArcGIS item URL when uniquely resolved.,2026-09-04
inq-0319,Wards / Electoral Divisions Boundaries (2022),Office for National Statistics,ONS Open Geography Portal,United Kingdom,UK,Geospatial / GIS,Boundary,Study boundary | Lookup / identifiers | Geometry,GIS | Spatial join | Geocoding | Statistical geography,administrative / statistical geography,versioned,United Kingdom,Shapefile | GeoJSON | CSV | ArcGIS REST,Open,Open Government Licence v3.0,Official,https://geoportal.statistics.gov.uk/search?q=Wards+%2F+Electoral+Divisions+Boundaries+%282022%29,official_search_query,indexed_family_from_official_portal,,Official ONS Open Geography search URL; import resolver should replace with current ArcGIS item URL when uniquely resolved.,2026-09-04
inq-0320,Wards / Electoral Divisions Boundaries (2023),Office for National Statistics,ONS Open Geography Portal,United Kingdom,UK,Geospatial / GIS,Boundary,Study boundary | Lookup / identifiers | Geometry,GIS | Spatial join | Geocoding | Statistical geography,administrative / statistical geography,versioned,United Kingdom,Shapefile | GeoJSON | CSV | ArcGIS REST,Open,Open Government Licence v3.0,Official,https://geoportal.statistics.gov.uk/search?q=Wards+%2F+Electoral+Divisions+Boundaries+%282023%29,official_search_query,indexed_family_from_official_portal,,Official ONS Open Geography search URL; import resolver should replace with current ArcGIS item URL when uniquely resolved.,2026-09-04
inq-0321,Wards / Electoral Divisions Boundaries (2024),Office for National Statistics,ONS Open Geography Portal,United Kingdom,UK,Geospatial / GIS,Boundary,Study boundary | Lookup / identifiers | Geometry,GIS | Spatial join | Geocoding | Statistical geography,administrative / statistical geography,versioned,United Kingdom,Shapefile | GeoJSON | CSV | ArcGIS REST,Open,Open Government Licence v3.0,Official,https://geoportal.statistics.gov.uk/search?q=Wards+%2F+Electoral+Divisions+Boundaries+%282024%29,official_search_query,indexed_family_from_official_portal,,Official ONS Open Geography search URL; import resolver should replace with current ArcGIS item URL when uniquely resolved.,2026-09-04
inq-0322,Wards / Electoral Divisions Boundaries (2025),Office for National Statistics,ONS Open Geography Portal,United Kingdom,UK,Geospatial / GIS,Boundary,Study boundary | Lookup / identifiers | Geometry,GIS | Spatial join | Geocoding | Statistical geography,administrative / statistical geography,versioned,United Kingdom,Shapefile | GeoJSON | CSV | ArcGIS REST,Open,Open Government Licence v3.0,Official,https://geoportal.statistics.gov.uk/search?q=Wards+%2F+Electoral+Divisions+Boundaries+%282025%29,official_search_query,indexed_family_from_official_portal,,Official ONS Open Geography search URL; import resolver should replace with current ArcGIS item URL when uniquely resolved.,2026-09-04
inq-0323,Wards / Electoral Divisions Boundaries (2026),Office for National Statistics,ONS Open Geography Portal,United Kingdom,UK,Geospatial / GIS,Boundary,Study boundary | Lookup / identifiers | Geometry,GIS | Spatial join | Geocoding | Statistical geography,administrative / statistical geography,versioned,United Kingdom,Shapefile | GeoJSON | CSV | ArcGIS REST,Open,Open Government Licence v3.0,Official,https://geoportal.statistics.gov.uk/search?q=Wards+%2F+Electoral+Divisions+Boundaries+%282026%29,official_search_query,indexed_family_from_official_portal,,Official ONS Open Geography search URL; import resolver should replace with current ArcGIS item URL when uniquely resolved.,2026-09-04
inq-0324,Local Authority Districts Boundaries (2021),Office for National Statistics,ONS Open Geography Portal,United Kingdom,UK,Geospatial / GIS,Boundary,Study boundary | Lookup / identifiers | Geometry,GIS | Spatial join | Geocoding | Statistical geography,administrative / statistical geography,versioned,United Kingdom,Shapefile | GeoJSON | CSV | ArcGIS REST,Open,Open Government Licence v3.0,Official,https://geoportal.statistics.gov.uk/search?q=Local+Authority+Districts+Boundaries+%282021%29,official_search_query,indexed_family_from_official_portal,,Official ONS Open Geography search URL; import resolver should replace with current ArcGIS item URL when uniquely resolved.,2026-09-04
inq-0325,Local Authority Districts Boundaries (2022),Office for National Statistics,ONS Open Geography Portal,United Kingdom,UK,Geospatial / GIS,Boundary,Study boundary | Lookup / identifiers | Geometry,GIS | Spatial join | Geocoding | Statistical geography,administrative / statistical geography,versioned,United Kingdom,Shapefile | GeoJSON | CSV | ArcGIS REST,Open,Open Government Licence v3.0,Official,https://geoportal.statistics.gov.uk/search?q=Local+Authority+Districts+Boundaries+%282022%29,official_search_query,indexed_family_from_official_portal,,Official ONS Open Geography search URL; import resolver should replace with current ArcGIS item URL when uniquely resolved.,2026-09-04
inq-0326,Local Authority Districts Boundaries (2023),Office for National Statistics,ONS Open Geography Portal,United Kingdom,UK,Geospatial / GIS,Boundary,Study boundary | Lookup / identifiers | Geometry,GIS | Spatial join | Geocoding | Statistical geography,administrative / statistical geography,versioned,United Kingdom,Shapefile | GeoJSON | CSV | ArcGIS REST,Open,Open Government Licence v3.0,Official,https://geoportal.statistics.gov.uk/search?q=Local+Authority+Districts+Boundaries+%282023%29,official_search_query,indexed_family_from_official_portal,,Official ONS Open Geography search URL; import resolver should replace with current ArcGIS item URL when uniquely resolved.,2026-09-04
inq-0327,Local Authority Districts Boundaries (2024),Office for National Statistics,ONS Open Geography Portal,United Kingdom,UK,Geospatial / GIS,Boundary,Study boundary | Lookup / identifiers | Geometry,GIS | Spatial join | Geocoding | Statistical geography,administrative / statistical geography,versioned,United Kingdom,Shapefile | GeoJSON | CSV | ArcGIS REST,Open,Open Government Licence v3.0,Official,https://geoportal.statistics.gov.uk/search?q=Local+Authority+Districts+Boundaries+%282024%29,official_search_query,indexed_family_from_official_portal,,Official ONS Open Geography search URL; import resolver should replace with current ArcGIS item URL when uniquely resolved.,2026-09-04
inq-0328,Local Authority Districts Boundaries (2025),Office for National Statistics,ONS Open Geography Portal,United Kingdom,UK,Geospatial / GIS,Boundary,Study boundary | Lookup / identifiers | Geometry,GIS | Spatial join | Geocoding | Statistical geography,administrative / statistical geography,versioned,United Kingdom,Shapefile | GeoJSON | CSV | ArcGIS REST,Open,Open Government Licence v3.0,Official,https://geoportal.statistics.gov.uk/search?q=Local+Authority+Districts+Boundaries+%282025%29,official_search_query,indexed_family_from_official_portal,,Official ONS Open Geography search URL; import resolver should replace with current ArcGIS item URL when uniquely resolved.,2026-09-04
inq-0329,Regions Boundaries (2021),Office for National Statistics,ONS Open Geography Portal,United Kingdom,UK,Geospatial / GIS,Boundary,Study boundary | Lookup / identifiers | Geometry,GIS | Spatial join | Geocoding | Statistical geography,administrative / statistical geography,versioned,England,Shapefile | GeoJSON | CSV | ArcGIS REST,Open,Open Government Licence v3.0,Official,https://geoportal.statistics.gov.uk/search?q=Regions+Boundaries+%282021%29,official_search_query,indexed_family_from_official_portal,,Official ONS Open Geography search URL; import resolver should replace with current ArcGIS item URL when uniquely resolved.,2026-09-04
inq-0330,Regions Boundaries (2022),Office for National Statistics,ONS Open Geography Portal,United Kingdom,UK,Geospatial / GIS,Boundary,Study boundary | Lookup / identifiers | Geometry,GIS | Spatial join | Geocoding | Statistical geography,administrative / statistical geography,versioned,England,Shapefile | GeoJSON | CSV | ArcGIS REST,Open,Open Government Licence v3.0,Official,https://geoportal.statistics.gov.uk/search?q=Regions+Boundaries+%282022%29,official_search_query,indexed_family_from_official_portal,,Official ONS Open Geography search URL; import resolver should replace with current ArcGIS item URL when uniquely resolved.,2026-09-04
inq-0331,Regions Boundaries (2023),Office for National Statistics,ONS Open Geography Portal,United Kingdom,UK,Geospatial / GIS,Boundary,Study boundary | Lookup / identifiers | Geometry,GIS | Spatial join | Geocoding | Statistical geography,administrative / statistical geography,versioned,England,Shapefile | GeoJSON | CSV | ArcGIS REST,Open,Open Government Licence v3.0,Official,https://geoportal.statistics.gov.uk/search?q=Regions+Boundaries+%282023%29,official_search_query,indexed_family_from_official_portal,,Official ONS Open Geography search URL; import resolver should replace with current ArcGIS item URL when uniquely resolved.,2026-09-04
inq-0332,Regions Boundaries (2024),Office for National Statistics,ONS Open Geography Portal,United Kingdom,UK,Geospatial / GIS,Boundary,Study boundary | Lookup / identifiers | Geometry,GIS | Spatial join | Geocoding | Statistical geography,administrative / statistical geography,versioned,England,Shapefile | GeoJSON | CSV | ArcGIS REST,Open,Open Government Licence v3.0,Official,https://geoportal.statistics.gov.uk/search?q=Regions+Boundaries+%282024%29,official_search_query,indexed_family_from_official_portal,,Official ONS Open Geography search URL; import resolver should replace with current ArcGIS item URL when uniquely resolved.,2026-09-04
inq-0333,Regions Boundaries (2025),Office for National Statistics,ONS Open Geography Portal,United Kingdom,UK,Geospatial / GIS,Boundary,Study boundary | Lookup / identifiers | Geometry,GIS | Spatial join | Geocoding | Statistical geography,administrative / statistical geography,versioned,England,Shapefile | GeoJSON | CSV | ArcGIS REST,Open,Open Government Licence v3.0,Official,https://geoportal.statistics.gov.uk/search?q=Regions+Boundaries+%282025%29,official_search_query,indexed_family_from_official_portal,,Official ONS Open Geography search URL; import resolver should replace with current ArcGIS item URL when uniquely resolved.,2026-09-04
inq-0334,County Electoral Divisions Boundaries (2021),Office for National Statistics,ONS Open Geography Portal,United Kingdom,UK,Geospatial / GIS,Boundary,Study boundary | Lookup / identifiers | Geometry,GIS | Spatial join | Geocoding | Statistical geography,administrative / statistical geography,versioned,England,Shapefile | GeoJSON | CSV | ArcGIS REST,Open,Open Government Licence v3.0,Official,https://geoportal.statistics.gov.uk/search?q=County+Electoral+Divisions+Boundaries+%282021%29,official_search_query,indexed_family_from_official_portal,,Official ONS Open Geography search URL; import resolver should replace with current ArcGIS item URL when uniquely resolved.,2026-09-04
inq-0335,County Electoral Divisions Boundaries (2022),Office for National Statistics,ONS Open Geography Portal,United Kingdom,UK,Geospatial / GIS,Boundary,Study boundary | Lookup / identifiers | Geometry,GIS | Spatial join | Geocoding | Statistical geography,administrative / statistical geography,versioned,England,Shapefile | GeoJSON | CSV | ArcGIS REST,Open,Open Government Licence v3.0,Official,https://geoportal.statistics.gov.uk/search?q=County+Electoral+Divisions+Boundaries+%282022%29,official_search_query,indexed_family_from_official_portal,,Official ONS Open Geography search URL; import resolver should replace with current ArcGIS item URL when uniquely resolved.,2026-09-04
inq-0336,County Electoral Divisions Boundaries (2023),Office for National Statistics,ONS Open Geography Portal,United Kingdom,UK,Geospatial / GIS,Boundary,Study boundary | Lookup / identifiers | Geometry,GIS | Spatial join | Geocoding | Statistical geography,administrative / statistical geography,versioned,England,Shapefile | GeoJSON | CSV | ArcGIS REST,Open,Open Government Licence v3.0,Official,https://geoportal.statistics.gov.uk/search?q=County+Electoral+Divisions+Boundaries+%282023%29,official_search_query,indexed_family_from_official_portal,,Official ONS Open Geography search URL; import resolver should replace with current ArcGIS item URL when uniquely resolved.,2026-09-04
inq-0337,County Electoral Divisions Boundaries (2024),Office for National Statistics,ONS Open Geography Portal,United Kingdom,UK,Geospatial / GIS,Boundary,Study boundary | Lookup / identifiers | Geometry,GIS | Spatial join | Geocoding | Statistical geography,administrative / statistical geography,versioned,England,Shapefile | GeoJSON | CSV | ArcGIS REST,Open,Open Government Licence v3.0,Official,https://geoportal.statistics.gov.uk/search?q=County+Electoral+Divisions+Boundaries+%282024%29,official_search_query,indexed_family_from_official_portal,,Official ONS Open Geography search URL; import resolver should replace with current ArcGIS item URL when uniquely resolved.,2026-09-04
inq-0338,County Electoral Divisions Boundaries (2025),Office for National Statistics,ONS Open Geography Portal,United Kingdom,UK,Geospatial / GIS,Boundary,Study boundary | Lookup / identifiers | Geometry,GIS | Spatial join | Geocoding | Statistical geography,administrative / statistical geography,versioned,England,Shapefile | GeoJSON | CSV | ArcGIS REST,Open,Open Government Licence v3.0,Official,https://geoportal.statistics.gov.uk/search?q=County+Electoral+Divisions+Boundaries+%282025%29,official_search_query,indexed_family_from_official_portal,,Official ONS Open Geography search URL; import resolver should replace with current ArcGIS item URL when uniquely resolved.,2026-09-04
inq-0339,County Electoral Divisions Boundaries (2026),Office for National Statistics,ONS Open Geography Portal,United Kingdom,UK,Geospatial / GIS,Boundary,Study boundary | Lookup / identifiers | Geometry,GIS | Spatial join | Geocoding | Statistical geography,administrative / statistical geography,versioned,England,Shapefile | GeoJSON | CSV | ArcGIS REST,Open,Open Government Licence v3.0,Official,https://geoportal.statistics.gov.uk/search?q=County+Electoral+Divisions+Boundaries+%282026%29,official_search_query,indexed_family_from_official_portal,,Official ONS Open Geography search URL; import resolver should replace with current ArcGIS item URL when uniquely resolved.,2026-09-04
inq-0340,Parishes and Non-Civil Parished Areas Boundaries (2021),Office for National Statistics,ONS Open Geography Portal,United Kingdom,UK,Geospatial / GIS,Boundary,Study boundary | Lookup / identifiers | Geometry,GIS | Spatial join | Geocoding | Statistical geography,administrative / statistical geography,versioned,England and Wales,Shapefile | GeoJSON | CSV | ArcGIS REST,Open,Open Government Licence v3.0,Official,https://geoportal.statistics.gov.uk/search?q=Parishes+and+Non-Civil+Parished+Areas+Boundaries+%282021%29,official_search_query,indexed_family_from_official_portal,,Official ONS Open Geography search URL; import resolver should replace with current ArcGIS item URL when uniquely resolved.,2026-09-04
inq-0341,Parishes and Non-Civil Parished Areas Boundaries (2022),Office for National Statistics,ONS Open Geography Portal,United Kingdom,UK,Geospatial / GIS,Boundary,Study boundary | Lookup / identifiers | Geometry,GIS | Spatial join | Geocoding | Statistical geography,administrative / statistical geography,versioned,England and Wales,Shapefile | GeoJSON | CSV | ArcGIS REST,Open,Open Government Licence v3.0,Official,https://geoportal.statistics.gov.uk/search?q=Parishes+and+Non-Civil+Parished+Areas+Boundaries+%282022%29,official_search_query,indexed_family_from_official_portal,,Official ONS Open Geography search URL; import resolver should replace with current ArcGIS item URL when uniquely resolved.,2026-09-04
inq-0342,Parishes and Non-Civil Parished Areas Boundaries (2023),Office for National Statistics,ONS Open Geography Portal,United Kingdom,UK,Geospatial / GIS,Boundary,Study boundary | Lookup / identifiers | Geometry,GIS | Spatial join | Geocoding | Statistical geography,administrative / statistical geography,versioned,England and Wales,Shapefile | GeoJSON | CSV | ArcGIS REST,Open,Open Government Licence v3.0,Official,https://geoportal.statistics.gov.uk/search?q=Parishes+and+Non-Civil+Parished+Areas+Boundaries+%282023%29,official_search_query,indexed_family_from_official_portal,,Official ONS Open Geography search URL; import resolver should replace with current ArcGIS item URL when uniquely resolved.,2026-09-04
inq-0343,Parishes and Non-Civil Parished Areas Boundaries (2024),Office for National Statistics,ONS Open Geography Portal,United Kingdom,UK,Geospatial / GIS,Boundary,Study boundary | Lookup / identifiers | Geometry,GIS | Spatial join | Geocoding | Statistical geography,administrative / statistical geography,versioned,England and Wales,Shapefile | GeoJSON | CSV | ArcGIS REST,Open,Open Government Licence v3.0,Official,https://geoportal.statistics.gov.uk/search?q=Parishes+and+Non-Civil+Parished+Areas+Boundaries+%282024%29,official_search_query,indexed_family_from_official_portal,,Official ONS Open Geography search URL; import resolver should replace with current ArcGIS item URL when uniquely resolved.,2026-09-04
inq-0344,Parishes and Non-Civil Parished Areas Boundaries (2025),Office for National Statistics,ONS Open Geography Portal,United Kingdom,UK,Geospatial / GIS,Boundary,Study boundary | Lookup / identifiers | Geometry,GIS | Spatial join | Geocoding | Statistical geography,administrative / statistical geography,versioned,England and Wales,Shapefile | GeoJSON | CSV | ArcGIS REST,Open,Open Government Licence v3.0,Official,https://geoportal.statistics.gov.uk/search?q=Parishes+and+Non-Civil+Parished+Areas+Boundaries+%282025%29,official_search_query,indexed_family_from_official_portal,,Official ONS Open Geography search URL; import resolver should replace with current ArcGIS item URL when uniquely resolved.,2026-09-04
inq-0345,Parishes and Non-Civil Parished Areas Boundaries (2026),Office for National Statistics,ONS Open Geography Portal,United Kingdom,UK,Geospatial / GIS,Boundary,Study boundary | Lookup / identifiers | Geometry,GIS | Spatial join | Geocoding | Statistical geography,administrative / statistical geography,versioned,England and Wales,Shapefile | GeoJSON | CSV | ArcGIS REST,Open,Open Government Licence v3.0,Official,https://geoportal.statistics.gov.uk/search?q=Parishes+and+Non-Civil+Parished+Areas+Boundaries+%282026%29,official_search_query,indexed_family_from_official_portal,,Official ONS Open Geography search URL; import resolver should replace with current ArcGIS item URL when uniquely resolved.,2026-09-04
inq-0346,Local Planning Authorities Boundaries (2021),Office for National Statistics,ONS Open Geography Portal,United Kingdom,UK,Geospatial / GIS,Boundary,Study boundary | Lookup / identifiers | Geometry,GIS | Spatial join | Geocoding | Statistical geography,administrative / statistical geography,versioned,England,Shapefile | GeoJSON | CSV | ArcGIS REST,Open,Open Government Licence v3.0,Official,https://geoportal.statistics.gov.uk/search?q=Local+Planning+Authorities+Boundaries+%282021%29,official_search_query,indexed_family_from_official_portal,,Official ONS Open Geography search URL; import resolver should replace with current ArcGIS item URL when uniquely resolved.,2026-09-04
inq-0347,Local Planning Authorities Boundaries (2022),Office for National Statistics,ONS Open Geography Portal,United Kingdom,UK,Geospatial / GIS,Boundary,Study boundary | Lookup / identifiers | Geometry,GIS | Spatial join | Geocoding | Statistical geography,administrative / statistical geography,versioned,England,Shapefile | GeoJSON | CSV | ArcGIS REST,Open,Open Government Licence v3.0,Official,https://geoportal.statistics.gov.uk/search?q=Local+Planning+Authorities+Boundaries+%282022%29,official_search_query,indexed_family_from_official_portal,,Official ONS Open Geography search URL; import resolver should replace with current ArcGIS item URL when uniquely resolved.,2026-09-04
inq-0348,Local Planning Authorities Boundaries (2023),Office for National Statistics,ONS Open Geography Portal,United Kingdom,UK,Geospatial / GIS,Boundary,Study boundary | Lookup / identifiers | Geometry,GIS | Spatial join | Geocoding | Statistical geography,administrative / statistical geography,versioned,England,Shapefile | GeoJSON | CSV | ArcGIS REST,Open,Open Government Licence v3.0,Official,https://geoportal.statistics.gov.uk/search?q=Local+Planning+Authorities+Boundaries+%282023%29,official_search_query,indexed_family_from_official_portal,,Official ONS Open Geography search URL; import resolver should replace with current ArcGIS item URL when uniquely resolved.,2026-09-04
inq-0349,Local Planning Authorities Boundaries (2024),Office for National Statistics,ONS Open Geography Portal,United Kingdom,UK,Geospatial / GIS,Boundary,Study boundary | Lookup / identifiers | Geometry,GIS | Spatial join | Geocoding | Statistical geography,administrative / statistical geography,versioned,England,Shapefile | GeoJSON | CSV | ArcGIS REST,Open,Open Government Licence v3.0,Official,https://geoportal.statistics.gov.uk/search?q=Local+Planning+Authorities+Boundaries+%282024%29,official_search_query,indexed_family_from_official_portal,,Official ONS Open Geography search URL; import resolver should replace with current ArcGIS item URL when uniquely resolved.,2026-09-04
inq-0350,Local Planning Authorities Boundaries (2025),Office for National Statistics,ONS Open Geography Portal,United Kingdom,UK,Geospatial / GIS,Boundary,Study boundary | Lookup / identifiers | Geometry,GIS | Spatial join | Geocoding | Statistical geography,administrative / statistical geography,versioned,England,Shapefile | GeoJSON | CSV | ArcGIS REST,Open,Open Government Licence v3.0,Official,https://geoportal.statistics.gov.uk/search?q=Local+Planning+Authorities+Boundaries+%282025%29,official_search_query,indexed_family_from_official_portal,,Official ONS Open Geography search URL; import resolver should replace with current ArcGIS item URL when uniquely resolved.,2026-09-04
inq-0351,Police Force Areas Boundaries (2021),Office for National Statistics,ONS Open Geography Portal,United Kingdom,UK,Geospatial / GIS,Boundary,Study boundary | Lookup / identifiers | Geometry,GIS | Spatial join | Geocoding | Statistical geography,administrative / statistical geography,versioned,England and Wales,Shapefile | GeoJSON | CSV | ArcGIS REST,Open,Open Government Licence v3.0,Official,https://geoportal.statistics.gov.uk/search?q=Police+Force+Areas+Boundaries+%282021%29,official_search_query,indexed_family_from_official_portal,,Official ONS Open Geography search URL; import resolver should replace with current ArcGIS item URL when uniquely resolved.,2026-09-04
inq-0352,Police Force Areas Boundaries (2022),Office for National Statistics,ONS Open Geography Portal,United Kingdom,UK,Geospatial / GIS,Boundary,Study boundary | Lookup / identifiers | Geometry,GIS | Spatial join | Geocoding | Statistical geography,administrative / statistical geography,versioned,England and Wales,Shapefile | GeoJSON | CSV | ArcGIS REST,Open,Open Government Licence v3.0,Official,https://geoportal.statistics.gov.uk/search?q=Police+Force+Areas+Boundaries+%282022%29,official_search_query,indexed_family_from_official_portal,,Official ONS Open Geography search URL; import resolver should replace with current ArcGIS item URL when uniquely resolved.,2026-09-04
inq-0353,Police Force Areas Boundaries (2023),Office for National Statistics,ONS Open Geography Portal,United Kingdom,UK,Geospatial / GIS,Boundary,Study boundary | Lookup / identifiers | Geometry,GIS | Spatial join | Geocoding | Statistical geography,administrative / statistical geography,versioned,England and Wales,Shapefile | GeoJSON | CSV | ArcGIS REST,Open,Open Government Licence v3.0,Official,https://geoportal.statistics.gov.uk/search?q=Police+Force+Areas+Boundaries+%282023%29,official_search_query,indexed_family_from_official_portal,,Official ONS Open Geography search URL; import resolver should replace with current ArcGIS item URL when uniquely resolved.,2026-09-04
inq-0354,Police Force Areas Boundaries (2024),Office for National Statistics,ONS Open Geography Portal,United Kingdom,UK,Geospatial / GIS,Boundary,Study boundary | Lookup / identifiers | Geometry,GIS | Spatial join | Geocoding | Statistical geography,administrative / statistical geography,versioned,England and Wales,Shapefile | GeoJSON | CSV | ArcGIS REST,Open,Open Government Licence v3.0,Official,https://geoportal.statistics.gov.uk/search?q=Police+Force+Areas+Boundaries+%282024%29,official_search_query,indexed_family_from_official_portal,,Official ONS Open Geography search URL; import resolver should replace with current ArcGIS item URL when uniquely resolved.,2026-09-04
inq-0355,Police Force Areas Boundaries (2025),Office for National Statistics,ONS Open Geography Portal,United Kingdom,UK,Geospatial / GIS,Boundary,Study boundary | Lookup / identifiers | Geometry,GIS | Spatial join | Geocoding | Statistical geography,administrative / statistical geography,versioned,England and Wales,Shapefile | GeoJSON | CSV | ArcGIS REST,Open,Open Government Licence v3.0,Official,https://geoportal.statistics.gov.uk/search?q=Police+Force+Areas+Boundaries+%282025%29,official_search_query,indexed_family_from_official_portal,,Official ONS Open Geography search URL; import resolver should replace with current ArcGIS item URL when uniquely resolved.,2026-09-04
inq-0356,Lower Layer Super Output Areas Boundaries (2001),Office for National Statistics,ONS Open Geography Portal,United Kingdom,UK,Geospatial / GIS,Census boundary,Study boundary | Lookup / identifiers | Geometry,GIS | Spatial join | Geocoding | Statistical geography,administrative / statistical geography,versioned,England and Wales,Shapefile | GeoJSON | CSV | ArcGIS REST,Open,Open Government Licence v3.0,Official,https://geoportal.statistics.gov.uk/search?q=Lower+Layer+Super+Output+Areas+Boundaries+%282001%29,official_search_query,indexed_family_from_official_portal,,Official ONS Open Geography search URL; import resolver should replace with current ArcGIS item URL when uniquely resolved.,2026-09-04
inq-0357,Lower Layer Super Output Areas Boundaries (2011),Office for National Statistics,ONS Open Geography Portal,United Kingdom,UK,Geospatial / GIS,Census boundary,Study boundary | Lookup / identifiers | Geometry,GIS | Spatial join | Geocoding | Statistical geography,administrative / statistical geography,versioned,England and Wales,Shapefile | GeoJSON | CSV | ArcGIS REST,Open,Open Government Licence v3.0,Official,https://geoportal.statistics.gov.uk/search?q=Lower+Layer+Super+Output+Areas+Boundaries+%282011%29,official_search_query,indexed_family_from_official_portal,,Official ONS Open Geography search URL; import resolver should replace with current ArcGIS item URL when uniquely resolved.,2026-09-04
inq-0358,Lower Layer Super Output Areas Boundaries (2021),Office for National Statistics,ONS Open Geography Portal,United Kingdom,UK,Geospatial / GIS,Census boundary,Study boundary | Lookup / identifiers | Geometry,GIS | Spatial join | Geocoding | Statistical geography,administrative / statistical geography,versioned,England and Wales,Shapefile | GeoJSON | CSV | ArcGIS REST,Open,Open Government Licence v3.0,Official,https://geoportal.statistics.gov.uk/search?q=Lower+Layer+Super+Output+Areas+Boundaries+%282021%29,official_search_query,indexed_family_from_official_portal,,Official ONS Open Geography search URL; import resolver should replace with current ArcGIS item URL when uniquely resolved.,2026-09-04
inq-0359,Middle Layer Super Output Areas Boundaries (2001),Office for National Statistics,ONS Open Geography Portal,United Kingdom,UK,Geospatial / GIS,Census boundary,Study boundary | Lookup / identifiers | Geometry,GIS | Spatial join | Geocoding | Statistical geography,administrative / statistical geography,versioned,England and Wales,Shapefile | GeoJSON | CSV | ArcGIS REST,Open,Open Government Licence v3.0,Official,https://geoportal.statistics.gov.uk/search?q=Middle+Layer+Super+Output+Areas+Boundaries+%282001%29,official_search_query,indexed_family_from_official_portal,,Official ONS Open Geography search URL; import resolver should replace with current ArcGIS item URL when uniquely resolved.,2026-09-04
inq-0360,Middle Layer Super Output Areas Boundaries (2011),Office for National Statistics,ONS Open Geography Portal,United Kingdom,UK,Geospatial / GIS,Census boundary,Study boundary | Lookup / identifiers | Geometry,GIS | Spatial join | Geocoding | Statistical geography,administrative / statistical geography,versioned,England and Wales,Shapefile | GeoJSON | CSV | ArcGIS REST,Open,Open Government Licence v3.0,Official,https://geoportal.statistics.gov.uk/search?q=Middle+Layer+Super+Output+Areas+Boundaries+%282011%29,official_search_query,indexed_family_from_official_portal,,Official ONS Open Geography search URL; import resolver should replace with current ArcGIS item URL when uniquely resolved.,2026-09-04
inq-0361,Middle Layer Super Output Areas Boundaries (2021),Office for National Statistics,ONS Open Geography Portal,United Kingdom,UK,Geospatial / GIS,Census boundary,Study boundary | Lookup / identifiers | Geometry,GIS | Spatial join | Geocoding | Statistical geography,administrative / statistical geography,versioned,England and Wales,Shapefile | GeoJSON | CSV | ArcGIS REST,Open,Open Government Licence v3.0,Official,https://geoportal.statistics.gov.uk/search?q=Middle+Layer+Super+Output+Areas+Boundaries+%282021%29,official_search_query,indexed_family_from_official_portal,,Official ONS Open Geography search URL; import resolver should replace with current ArcGIS item URL when uniquely resolved.,2026-09-04
inq-0362,Output Areas Boundaries (2001),Office for National Statistics,ONS Open Geography Portal,United Kingdom,UK,Geospatial / GIS,Census boundary,Study boundary | Lookup / identifiers | Geometry,GIS | Spatial join | Geocoding | Statistical geography,administrative / statistical geography,versioned,England and Wales,Shapefile | GeoJSON | CSV | ArcGIS REST,Open,Open Government Licence v3.0,Official,https://geoportal.statistics.gov.uk/search?q=Output+Areas+Boundaries+%282001%29,official_search_query,indexed_family_from_official_portal,,Official ONS Open Geography search URL; import resolver should replace with current ArcGIS item URL when uniquely resolved.,2026-09-04
inq-0363,Output Areas Boundaries (2011),Office for National Statistics,ONS Open Geography Portal,United Kingdom,UK,Geospatial / GIS,Census boundary,Study boundary | Lookup / identifiers | Geometry,GIS | Spatial join | Geocoding | Statistical geography,administrative / statistical geography,versioned,England and Wales,Shapefile | GeoJSON | CSV | ArcGIS REST,Open,Open Government Licence v3.0,Official,https://geoportal.statistics.gov.uk/search?q=Output+Areas+Boundaries+%282011%29,official_search_query,indexed_family_from_official_portal,,Official ONS Open Geography search URL; import resolver should replace with current ArcGIS item URL when uniquely resolved.,2026-09-04
inq-0364,Output Areas Boundaries (2021),Office for National Statistics,ONS Open Geography Portal,United Kingdom,UK,Geospatial / GIS,Census boundary,Study boundary | Lookup / identifiers | Geometry,GIS | Spatial join | Geocoding | Statistical geography,administrative / statistical geography,versioned,England and Wales,Shapefile | GeoJSON | CSV | ArcGIS REST,Open,Open Government Licence v3.0,Official,https://geoportal.statistics.gov.uk/search?q=Output+Areas+Boundaries+%282021%29,official_search_query,indexed_family_from_official_portal,,Official ONS Open Geography search URL; import resolver should replace with current ArcGIS item URL when uniquely resolved.,2026-09-04
inq-0365,Travel to Work Areas Boundaries (2001),Office for National Statistics,ONS Open Geography Portal,United Kingdom,UK,Geospatial / GIS,Census boundary,Study boundary | Lookup / identifiers | Geometry,GIS | Spatial join | Geocoding | Statistical geography,administrative / statistical geography,versioned,United Kingdom,Shapefile | GeoJSON | CSV | ArcGIS REST,Open,Open Government Licence v3.0,Official,https://geoportal.statistics.gov.uk/search?q=Travel+to+Work+Areas+Boundaries+%282001%29,official_search_query,indexed_family_from_official_portal,,Official ONS Open Geography search URL; import resolver should replace with current ArcGIS item URL when uniquely resolved.,2026-09-04
inq-0366,Travel to Work Areas Boundaries (2011),Office for National Statistics,ONS Open Geography Portal,United Kingdom,UK,Geospatial / GIS,Census boundary,Study boundary | Lookup / identifiers | Geometry,GIS | Spatial join | Geocoding | Statistical geography,administrative / statistical geography,versioned,United Kingdom,Shapefile | GeoJSON | CSV | ArcGIS REST,Open,Open Government Licence v3.0,Official,https://geoportal.statistics.gov.uk/search?q=Travel+to+Work+Areas+Boundaries+%282011%29,official_search_query,indexed_family_from_official_portal,,Official ONS Open Geography search URL; import resolver should replace with current ArcGIS item URL when uniquely resolved.,2026-09-04
inq-0367,Workplace Zones Boundaries (2011),Office for National Statistics,ONS Open Geography Portal,United Kingdom,UK,Geospatial / GIS,Census boundary,Study boundary | Lookup / identifiers | Geometry,GIS | Spatial join | Geocoding | Statistical geography,administrative / statistical geography,versioned,England and Wales,Shapefile | GeoJSON | CSV | ArcGIS REST,Open,Open Government Licence v3.0,Official,https://geoportal.statistics.gov.uk/search?q=Workplace+Zones+Boundaries+%282011%29,official_search_query,indexed_family_from_official_portal,,Official ONS Open Geography search URL; import resolver should replace with current ArcGIS item URL when uniquely resolved.,2026-09-04
inq-0368,Built-up Areas Boundaries (2011),Office for National Statistics,ONS Open Geography Portal,United Kingdom,UK,Geospatial / GIS,Census boundary,Study boundary | Lookup / identifiers | Geometry,GIS | Spatial join | Geocoding | Statistical geography,administrative / statistical geography,versioned,England and Wales,Shapefile | GeoJSON | CSV | ArcGIS REST,Open,Open Government Licence v3.0,Official,https://geoportal.statistics.gov.uk/search?q=Built-up+Areas+Boundaries+%282011%29,official_search_query,indexed_family_from_official_portal,,Official ONS Open Geography search URL; import resolver should replace with current ArcGIS item URL when uniquely resolved.,2026-09-04
inq-0369,Built-up Areas Boundaries (2022),Office for National Statistics,ONS Open Geography Portal,United Kingdom,UK,Geospatial / GIS,Census boundary,Study boundary | Lookup / identifiers | Geometry,GIS | Spatial join | Geocoding | Statistical geography,administrative / statistical geography,versioned,England and Wales,Shapefile | GeoJSON | CSV | ArcGIS REST,Open,Open Government Licence v3.0,Official,https://geoportal.statistics.gov.uk/search?q=Built-up+Areas+Boundaries+%282022%29,official_search_query,indexed_family_from_official_portal,,Official ONS Open Geography search URL; import resolver should replace with current ArcGIS item URL when uniquely resolved.,2026-09-04
inq-0370,Built-up Areas Boundaries (2024),Office for National Statistics,ONS Open Geography Portal,United Kingdom,UK,Geospatial / GIS,Census boundary,Study boundary | Lookup / identifiers | Geometry,GIS | Spatial join | Geocoding | Statistical geography,administrative / statistical geography,versioned,England and Wales,Shapefile | GeoJSON | CSV | ArcGIS REST,Open,Open Government Licence v3.0,Official,https://geoportal.statistics.gov.uk/search?q=Built-up+Areas+Boundaries+%282024%29,official_search_query,indexed_family_from_official_portal,,Official ONS Open Geography search URL; import resolver should replace with current ArcGIS item URL when uniquely resolved.,2026-09-04
inq-0371,Built-up Area Sub Divisions Boundaries (2011),Office for National Statistics,ONS Open Geography Portal,United Kingdom,UK,Geospatial / GIS,Census boundary,Study boundary | Lookup / identifiers | Geometry,GIS | Spatial join | Geocoding | Statistical geography,administrative / statistical geography,versioned,England and Wales,Shapefile | GeoJSON | CSV | ArcGIS REST,Open,Open Government Licence v3.0,Official,https://geoportal.statistics.gov.uk/search?q=Built-up+Area+Sub+Divisions+Boundaries+%282011%29,official_search_query,indexed_family_from_official_portal,,Official ONS Open Geography search URL; import resolver should replace with current ArcGIS item URL when uniquely resolved.,2026-09-04
inq-0372,Major Towns and Cities Boundaries (2015),Office for National Statistics,ONS Open Geography Portal,United Kingdom,UK,Geospatial / GIS,Census boundary,Study boundary | Lookup / identifiers | Geometry,GIS | Spatial join | Geocoding | Statistical geography,administrative / statistical geography,versioned,Great Britain,Shapefile | GeoJSON | CSV | ArcGIS REST,Open,Open Government Licence v3.0,Official,https://geoportal.statistics.gov.uk/search?q=Major+Towns+and+Cities+Boundaries+%282015%29,official_search_query,indexed_family_from_official_portal,,Official ONS Open Geography search URL; import resolver should replace with current ArcGIS item URL when uniquely resolved.,2026-09-04
inq-0373,Census 2011 Merged Local Authority Districts (2011),Office for National Statistics,ONS Open Geography Portal,United Kingdom,UK,Geospatial / GIS,Census boundary,Study boundary | Lookup / identifiers | Geometry,GIS | Spatial join | Geocoding | Statistical geography,administrative / statistical geography,versioned,England and Wales,Shapefile | GeoJSON | CSV | ArcGIS REST,Open,Open Government Licence v3.0,Official,https://geoportal.statistics.gov.uk/search?q=Census+2011+Merged+Local+Authority+Districts+%282011%29,official_search_query,indexed_family_from_official_portal,,Official ONS Open Geography search URL; import resolver should replace with current ArcGIS item URL when uniquely resolved.,2026-09-04
inq-0374,Census 2021 Grouped Lower Tier Local Authorities (2021),Office for National Statistics,ONS Open Geography Portal,United Kingdom,UK,Geospatial / GIS,Census boundary,Study boundary | Lookup / identifiers | Geometry,GIS | Spatial join | Geocoding | Statistical geography,administrative / statistical geography,versioned,England and Wales,Shapefile | GeoJSON | CSV | ArcGIS REST,Open,Open Government Licence v3.0,Official,https://geoportal.statistics.gov.uk/search?q=Census+2021+Grouped+Lower+Tier+Local+Authorities+%282021%29,official_search_query,indexed_family_from_official_portal,,Official ONS Open Geography search URL; import resolver should replace with current ArcGIS item URL when uniquely resolved.,2026-09-04
inq-0375,Census 2011 Merged Wards (2011),Office for National Statistics,ONS Open Geography Portal,United Kingdom,UK,Geospatial / GIS,Census boundary,Study boundary | Lookup / identifiers | Geometry,GIS | Spatial join | Geocoding | Statistical geography,administrative / statistical geography,versioned,England and Wales,Shapefile | GeoJSON | CSV | ArcGIS REST,Open,Open Government Licence v3.0,Official,https://geoportal.statistics.gov.uk/search?q=Census+2011+Merged+Wards+%282011%29,official_search_query,indexed_family_from_official_portal,,Official ONS Open Geography search URL; import resolver should replace with current ArcGIS item URL when uniquely resolved.,2026-09-04
inq-0376,1921 Country (England excl. Monmouthshire) Boundaries,Office for National Statistics,ONS Open Geography Portal,United Kingdom,UK,Geospatial / GIS,Historical census boundary,Study boundary | Lookup / identifiers | Geometry,GIS | Spatial join | Geocoding | Statistical geography,administrative / statistical geography,versioned,England and Wales,Shapefile | GeoJSON | CSV | ArcGIS REST,Open,Open Government Licence v3.0,Official,https://geoportal.statistics.gov.uk/search?q=1921+Country+%28England+excl.+Monmouthshire%29+Boundaries,official_search_query,indexed_family_from_official_portal,,Official ONS Open Geography search URL; import resolver should replace with current ArcGIS item URL when uniquely resolved.,2026-09-04
inq-0377,1921 Country Boundaries,Office for National Statistics,ONS Open Geography Portal,United Kingdom,UK,Geospatial / GIS,Historical census boundary,Study boundary | Lookup / identifiers | Geometry,GIS | Spatial join | Geocoding | Statistical geography,administrative / statistical geography,versioned,England and Wales,Shapefile | GeoJSON | CSV | ArcGIS REST,Open,Open Government Licence v3.0,Official,https://geoportal.statistics.gov.uk/search?q=1921+Country+Boundaries,official_search_query,indexed_family_from_official_portal,,Official ONS Open Geography search URL; import resolver should replace with current ArcGIS item URL when uniquely resolved.,2026-09-04
inq-0378,1921 County Borough Boundaries,Office for National Statistics,ONS Open Geography Portal,United Kingdom,UK,Geospatial / GIS,Historical census boundary,Study boundary | Lookup / identifiers | Geometry,GIS | Spatial join | Geocoding | Statistical geography,administrative / statistical geography,versioned,England and Wales,Shapefile | GeoJSON | CSV | ArcGIS REST,Open,Open Government Licence v3.0,Official,https://geoportal.statistics.gov.uk/search?q=1921+County+Borough+Boundaries,official_search_query,indexed_family_from_official_portal,,Official ONS Open Geography search URL; import resolver should replace with current ArcGIS item URL when uniquely resolved.,2026-09-04
inq-0379,1921 Local Authority District (Parts) Boundaries,Office for National Statistics,ONS Open Geography Portal,United Kingdom,UK,Geospatial / GIS,Historical census boundary,Study boundary | Lookup / identifiers | Geometry,GIS | Spatial join | Geocoding | Statistical geography,administrative / statistical geography,versioned,England and Wales,Shapefile | GeoJSON | CSV | ArcGIS REST,Open,Open Government Licence v3.0,Official,https://geoportal.statistics.gov.uk/search?q=1921+Local+Authority+District+%28Parts%29+Boundaries,official_search_query,indexed_family_from_official_portal,,Official ONS Open Geography search URL; import resolver should replace with current ArcGIS item URL when uniquely resolved.,2026-09-04
inq-0380,1921 Local Authority District Boundaries,Office for National Statistics,ONS Open Geography Portal,United Kingdom,UK,Geospatial / GIS,Historical census boundary,Study boundary | Lookup / identifiers | Geometry,GIS | Spatial join | Geocoding | Statistical geography,administrative / statistical geography,versioned,England and Wales,Shapefile | GeoJSON | CSV | ArcGIS REST,Open,Open Government Licence v3.0,Official,https://geoportal.statistics.gov.uk/search?q=1921+Local+Authority+District+Boundaries,official_search_query,indexed_family_from_official_portal,,Official ONS Open Geography search URL; import resolver should replace with current ArcGIS item URL when uniquely resolved.,2026-09-04
inq-0381,1921 Region (England excl. Monmouthshire) Boundaries,Office for National Statistics,ONS Open Geography Portal,United Kingdom,UK,Geospatial / GIS,Historical census boundary,Study boundary | Lookup / identifiers | Geometry,GIS | Spatial join | Geocoding | Statistical geography,administrative / statistical geography,versioned,England and Wales,Shapefile | GeoJSON | CSV | ArcGIS REST,Open,Open Government Licence v3.0,Official,https://geoportal.statistics.gov.uk/search?q=1921+Region+%28England+excl.+Monmouthshire%29+Boundaries,official_search_query,indexed_family_from_official_portal,,Official ONS Open Geography search URL; import resolver should replace with current ArcGIS item URL when uniquely resolved.,2026-09-04
inq-0382,1921 Region Boundaries,Office for National Statistics,ONS Open Geography Portal,United Kingdom,UK,Geospatial / GIS,Historical census boundary,Study boundary | Lookup / identifiers | Geometry,GIS | Spatial join | Geocoding | Statistical geography,administrative / statistical geography,versioned,England and Wales,Shapefile | GeoJSON | CSV | ArcGIS REST,Open,Open Government Licence v3.0,Official,https://geoportal.statistics.gov.uk/search?q=1921+Region+Boundaries,official_search_query,indexed_family_from_official_portal,,Official ONS Open Geography search URL; import resolver should replace with current ArcGIS item URL when uniquely resolved.,2026-09-04
inq-0383,1961 Country Boundaries,Office for National Statistics,ONS Open Geography Portal,United Kingdom,UK,Geospatial / GIS,Historical census boundary,Study boundary | Lookup / identifiers | Geometry,GIS | Spatial join | Geocoding | Statistical geography,administrative / statistical geography,versioned,England and Wales,Shapefile | GeoJSON | CSV | ArcGIS REST,Open,Open Government Licence v3.0,Official,https://geoportal.statistics.gov.uk/search?q=1961+Country+Boundaries,official_search_query,indexed_family_from_official_portal,,Official ONS Open Geography search URL; import resolver should replace with current ArcGIS item URL when uniquely resolved.,2026-09-04
inq-0384,1961 County Boundaries,Office for National Statistics,ONS Open Geography Portal,United Kingdom,UK,Geospatial / GIS,Historical census boundary,Study boundary | Lookup / identifiers | Geometry,GIS | Spatial join | Geocoding | Statistical geography,administrative / statistical geography,versioned,England and Wales,Shapefile | GeoJSON | CSV | ArcGIS REST,Open,Open Government Licence v3.0,Official,https://geoportal.statistics.gov.uk/search?q=1961+County+Boundaries,official_search_query,indexed_family_from_official_portal,,Official ONS Open Geography search URL; import resolver should replace with current ArcGIS item URL when uniquely resolved.,2026-09-04
inq-0385,1961 Local Authority District Boundaries,Office for National Statistics,ONS Open Geography Portal,United Kingdom,UK,Geospatial / GIS,Historical census boundary,Study boundary | Lookup / identifiers | Geometry,GIS | Spatial join | Geocoding | Statistical geography,administrative / statistical geography,versioned,England and Wales,Shapefile | GeoJSON | CSV | ArcGIS REST,Open,Open Government Licence v3.0,Official,https://geoportal.statistics.gov.uk/search?q=1961+Local+Authority+District+Boundaries,official_search_query,indexed_family_from_official_portal,,Official ONS Open Geography search URL; import resolver should replace with current ArcGIS item URL when uniquely resolved.,2026-09-04
inq-0386,European Electoral Regions Boundaries (2017),Office for National Statistics,ONS Open Geography Portal,United Kingdom,UK,Geospatial / GIS,Boundary,Study boundary | Lookup / identifiers | Geometry,GIS | Spatial join | Geocoding | Statistical geography,administrative / statistical geography,versioned,United Kingdom,Shapefile | GeoJSON | CSV | ArcGIS REST,Open,Open Government Licence v3.0,Official,https://geoportal.statistics.gov.uk/search?q=European+Electoral+Regions+Boundaries+%282017%29,official_search_query,indexed_family_from_official_portal,,Official ONS Open Geography search URL; import resolver should replace with current ArcGIS item URL when uniquely resolved.,2026-09-04
inq-0387,European Electoral Regions Boundaries (2018),Office for National Statistics,ONS Open Geography Portal,United Kingdom,UK,Geospatial / GIS,Boundary,Study boundary | Lookup / identifiers | Geometry,GIS | Spatial join | Geocoding | Statistical geography,administrative / statistical geography,versioned,United Kingdom,Shapefile | GeoJSON | CSV | ArcGIS REST,Open,Open Government Licence v3.0,Official,https://geoportal.statistics.gov.uk/search?q=European+Electoral+Regions+Boundaries+%282018%29,official_search_query,indexed_family_from_official_portal,,Official ONS Open Geography search URL; import resolver should replace with current ArcGIS item URL when uniquely resolved.,2026-09-04
inq-0388,London Assembly Constituencies Boundaries (2018),Office for National Statistics,ONS Open Geography Portal,United Kingdom,UK,Geospatial / GIS,Boundary,Study boundary | Lookup / identifiers | Geometry,GIS | Spatial join | Geocoding | Statistical geography,administrative / statistical geography,versioned,London,Shapefile | GeoJSON | CSV | ArcGIS REST,Open,Open Government Licence v3.0,Official,https://geoportal.statistics.gov.uk/search?q=London+Assembly+Constituencies+Boundaries+%282018%29,official_search_query,indexed_family_from_official_portal,,Official ONS Open Geography search URL; import resolver should replace with current ArcGIS item URL when uniquely resolved.,2026-09-04
inq-0389,Senedd Cymru Constituencies Boundaries (2021),Office for National Statistics,ONS Open Geography Portal,United Kingdom,UK,Geospatial / GIS,Boundary,Study boundary | Lookup / identifiers | Geometry,GIS | Spatial join | Geocoding | Statistical geography,administrative / statistical geography,versioned,Wales,Shapefile | GeoJSON | CSV | ArcGIS REST,Open,Open Government Licence v3.0,Official,https://geoportal.statistics.gov.uk/search?q=Senedd+Cymru+Constituencies+Boundaries+%282021%29,official_search_query,indexed_family_from_official_portal,,Official ONS Open Geography search URL; import resolver should replace with current ArcGIS item URL when uniquely resolved.,2026-09-04
inq-0390,Senedd Cymru Constituencies Boundaries (2022),Office for National Statistics,ONS Open Geography Portal,United Kingdom,UK,Geospatial / GIS,Boundary,Study boundary | Lookup / identifiers | Geometry,GIS | Spatial join | Geocoding | Statistical geography,administrative / statistical geography,versioned,Wales,Shapefile | GeoJSON | CSV | ArcGIS REST,Open,Open Government Licence v3.0,Official,https://geoportal.statistics.gov.uk/search?q=Senedd+Cymru+Constituencies+Boundaries+%282022%29,official_search_query,indexed_family_from_official_portal,,Official ONS Open Geography search URL; import resolver should replace with current ArcGIS item URL when uniquely resolved.,2026-09-04
inq-0391,Senedd Cymru Constituencies Boundaries (2026),Office for National Statistics,ONS Open Geography Portal,United Kingdom,UK,Geospatial / GIS,Boundary,Study boundary | Lookup / identifiers | Geometry,GIS | Spatial join | Geocoding | Statistical geography,administrative / statistical geography,versioned,Wales,Shapefile | GeoJSON | CSV | ArcGIS REST,Open,Open Government Licence v3.0,Official,https://geoportal.statistics.gov.uk/search?q=Senedd+Cymru+Constituencies+Boundaries+%282026%29,official_search_query,indexed_family_from_official_portal,,Official ONS Open Geography search URL; import resolver should replace with current ArcGIS item URL when uniquely resolved.,2026-09-04
inq-0392,Senedd Cymru Electoral Regions Boundaries (2022),Office for National Statistics,ONS Open Geography Portal,United Kingdom,UK,Geospatial / GIS,Boundary,Study boundary | Lookup / identifiers | Geometry,GIS | Spatial join | Geocoding | Statistical geography,administrative / statistical geography,versioned,Wales,Shapefile | GeoJSON | CSV | ArcGIS REST,Open,Open Government Licence v3.0,Official,https://geoportal.statistics.gov.uk/search?q=Senedd+Cymru+Electoral+Regions+Boundaries+%282022%29,official_search_query,indexed_family_from_official_portal,,Official ONS Open Geography search URL; import resolver should replace with current ArcGIS item URL when uniquely resolved.,2026-09-04
inq-0393,Scottish Parliamentary Constituencies Boundaries (2016),Office for National Statistics,ONS Open Geography Portal,United Kingdom,UK,Geospatial / GIS,Boundary,Study boundary | Lookup / identifiers | Geometry,GIS | Spatial join | Geocoding | Statistical geography,administrative / statistical geography,versioned,Scotland,Shapefile | GeoJSON | CSV | ArcGIS REST,Open,Open Government Licence v3.0,Official,https://geoportal.statistics.gov.uk/search?q=Scottish+Parliamentary+Constituencies+Boundaries+%282016%29,official_search_query,indexed_family_from_official_portal,,Official ONS Open Geography search URL; import resolver should replace with current ArcGIS item URL when uniquely resolved.,2026-09-04
inq-0394,Scottish Parliamentary Constituencies Boundaries (2021),Office for National Statistics,ONS Open Geography Portal,United Kingdom,UK,Geospatial / GIS,Boundary,Study boundary | Lookup / identifiers | Geometry,GIS | Spatial join | Geocoding | Statistical geography,administrative / statistical geography,versioned,Scotland,Shapefile | GeoJSON | CSV | ArcGIS REST,Open,Open Government Licence v3.0,Official,https://geoportal.statistics.gov.uk/search?q=Scottish+Parliamentary+Constituencies+Boundaries+%282021%29,official_search_query,indexed_family_from_official_portal,,Official ONS Open Geography search URL; import resolver should replace with current ArcGIS item URL when uniquely resolved.,2026-09-04
inq-0395,Scottish Parliamentary Constituencies Boundaries (2022),Office for National Statistics,ONS Open Geography Portal,United Kingdom,UK,Geospatial / GIS,Boundary,Study boundary | Lookup / identifiers | Geometry,GIS | Spatial join | Geocoding | Statistical geography,administrative / statistical geography,versioned,Scotland,Shapefile | GeoJSON | CSV | ArcGIS REST,Open,Open Government Licence v3.0,Official,https://geoportal.statistics.gov.uk/search?q=Scottish+Parliamentary+Constituencies+Boundaries+%282022%29,official_search_query,indexed_family_from_official_portal,,Official ONS Open Geography search URL; import resolver should replace with current ArcGIS item URL when uniquely resolved.,2026-09-04
inq-0396,Scottish Parliamentary Constituencies Boundaries (2026),Office for National Statistics,ONS Open Geography Portal,United Kingdom,UK,Geospatial / GIS,Boundary,Study boundary | Lookup / identifiers | Geometry,GIS | Spatial join | Geocoding | Statistical geography,administrative / statistical geography,versioned,Scotland,Shapefile | GeoJSON | CSV | ArcGIS REST,Open,Open Government Licence v3.0,Official,https://geoportal.statistics.gov.uk/search?q=Scottish+Parliamentary+Constituencies+Boundaries+%282026%29,official_search_query,indexed_family_from_official_portal,,Official ONS Open Geography search URL; import resolver should replace with current ArcGIS item URL when uniquely resolved.,2026-09-04
inq-0397,Scottish Parliamentary Regions Boundaries (2016),Office for National Statistics,ONS Open Geography Portal,United Kingdom,UK,Geospatial / GIS,Boundary,Study boundary | Lookup / identifiers | Geometry,GIS | Spatial join | Geocoding | Statistical geography,administrative / statistical geography,versioned,Scotland,Shapefile | GeoJSON | CSV | ArcGIS REST,Open,Open Government Licence v3.0,Official,https://geoportal.statistics.gov.uk/search?q=Scottish+Parliamentary+Regions+Boundaries+%282016%29,official_search_query,indexed_family_from_official_portal,,Official ONS Open Geography search URL; import resolver should replace with current ArcGIS item URL when uniquely resolved.,2026-09-04
inq-0398,Scottish Parliamentary Regions Boundaries (2022),Office for National Statistics,ONS Open Geography Portal,United Kingdom,UK,Geospatial / GIS,Boundary,Study boundary | Lookup / identifiers | Geometry,GIS | Spatial join | Geocoding | Statistical geography,administrative / statistical geography,versioned,Scotland,Shapefile | GeoJSON | CSV | ArcGIS REST,Open,Open Government Licence v3.0,Official,https://geoportal.statistics.gov.uk/search?q=Scottish+Parliamentary+Regions+Boundaries+%282022%29,official_search_query,indexed_family_from_official_portal,,Official ONS Open Geography search URL; import resolver should replace with current ArcGIS item URL when uniquely resolved.,2026-09-04
inq-0399,Scottish Parliamentary Regions Boundaries (2026),Office for National Statistics,ONS Open Geography Portal,United Kingdom,UK,Geospatial / GIS,Boundary,Study boundary | Lookup / identifiers | Geometry,GIS | Spatial join | Geocoding | Statistical geography,administrative / statistical geography,versioned,Scotland,Shapefile | GeoJSON | CSV | ArcGIS REST,Open,Open Government Licence v3.0,Official,https://geoportal.statistics.gov.uk/search?q=Scottish+Parliamentary+Regions+Boundaries+%282026%29,official_search_query,indexed_family_from_official_portal,,Official ONS Open Geography search URL; import resolver should replace with current ArcGIS item URL when uniquely resolved.,2026-09-04
inq-0400,Westminster Parliamentary Constituencies Boundaries (2021),Office for National Statistics,ONS Open Geography Portal,United Kingdom,UK,Geospatial / GIS,Boundary,Study boundary | Lookup / identifiers | Geometry,GIS | Spatial join | Geocoding | Statistical geography,administrative / statistical geography,versioned,United Kingdom,Shapefile | GeoJSON | CSV | ArcGIS REST,Open,Open Government Licence v3.0,Official,https://geoportal.statistics.gov.uk/search?q=Westminster+Parliamentary+Constituencies+Boundaries+%282021%29,official_search_query,indexed_family_from_official_portal,,Official ONS Open Geography search URL; import resolver should replace with current ArcGIS item URL when uniquely resolved.,2026-09-04
inq-0401,Westminster Parliamentary Constituencies Boundaries (2022),Office for National Statistics,ONS Open Geography Portal,United Kingdom,UK,Geospatial / GIS,Boundary,Study boundary | Lookup / identifiers | Geometry,GIS | Spatial join | Geocoding | Statistical geography,administrative / statistical geography,versioned,United Kingdom,Shapefile | GeoJSON | CSV | ArcGIS REST,Open,Open Government Licence v3.0,Official,https://geoportal.statistics.gov.uk/search?q=Westminster+Parliamentary+Constituencies+Boundaries+%282022%29,official_search_query,indexed_family_from_official_portal,,Official ONS Open Geography search URL; import resolver should replace with current ArcGIS item URL when uniquely resolved.,2026-09-04
inq-0402,Westminster Parliamentary Constituencies Boundaries (July 2024),Office for National Statistics,ONS Open Geography Portal,United Kingdom,UK,Geospatial / GIS,Boundary,Study boundary | Lookup / identifiers | Geometry,GIS | Spatial join | Geocoding | Statistical geography,administrative / statistical geography,versioned,United Kingdom,Shapefile | GeoJSON | CSV | ArcGIS REST,Open,Open Government Licence v3.0,Official,https://geoportal.statistics.gov.uk/search?q=Westminster+Parliamentary+Constituencies+Boundaries+%28July+2024%29,official_search_query,indexed_family_from_official_portal,,Official ONS Open Geography search URL; import resolver should replace with current ArcGIS item URL when uniquely resolved.,2026-09-04
inq-0403,International Territorial Level 1 Boundaries (2021),Office for National Statistics,ONS Open Geography Portal,United Kingdom,UK,Geospatial / GIS,Boundary,Study boundary | Lookup / identifiers | Geometry,GIS | Spatial join | Geocoding | Statistical geography,administrative / statistical geography,versioned,United Kingdom,Shapefile | GeoJSON | CSV | ArcGIS REST,Open,Open Government Licence v3.0,Official,https://geoportal.statistics.gov.uk/search?q=International+Territorial+Level+1+Boundaries+%282021%29,official_search_query,indexed_family_from_official_portal,,Official ONS Open Geography search URL; import resolver should replace with current ArcGIS item URL when uniquely resolved.,2026-09-04
inq-0404,International Territorial Level 1 Boundaries (2025),Office for National Statistics,ONS Open Geography Portal,United Kingdom,UK,Geospatial / GIS,Boundary,Study boundary | Lookup / identifiers | Geometry,GIS | Spatial join | Geocoding | Statistical geography,administrative / statistical geography,versioned,United Kingdom,Shapefile | GeoJSON | CSV | ArcGIS REST,Open,Open Government Licence v3.0,Official,https://geoportal.statistics.gov.uk/search?q=International+Territorial+Level+1+Boundaries+%282025%29,official_search_query,indexed_family_from_official_portal,,Official ONS Open Geography search URL; import resolver should replace with current ArcGIS item URL when uniquely resolved.,2026-09-04
inq-0405,International Territorial Level 2 Boundaries (2021),Office for National Statistics,ONS Open Geography Portal,United Kingdom,UK,Geospatial / GIS,Boundary,Study boundary | Lookup / identifiers | Geometry,GIS | Spatial join | Geocoding | Statistical geography,administrative / statistical geography,versioned,United Kingdom,Shapefile | GeoJSON | CSV | ArcGIS REST,Open,Open Government Licence v3.0,Official,https://geoportal.statistics.gov.uk/search?q=International+Territorial+Level+2+Boundaries+%282021%29,official_search_query,indexed_family_from_official_portal,,Official ONS Open Geography search URL; import resolver should replace with current ArcGIS item URL when uniquely resolved.,2026-09-04
inq-0406,International Territorial Level 2 Boundaries (2025),Office for National Statistics,ONS Open Geography Portal,United Kingdom,UK,Geospatial / GIS,Boundary,Study boundary | Lookup / identifiers | Geometry,GIS | Spatial join | Geocoding | Statistical geography,administrative / statistical geography,versioned,United Kingdom,Shapefile | GeoJSON | CSV | ArcGIS REST,Open,Open Government Licence v3.0,Official,https://geoportal.statistics.gov.uk/search?q=International+Territorial+Level+2+Boundaries+%282025%29,official_search_query,indexed_family_from_official_portal,,Official ONS Open Geography search URL; import resolver should replace with current ArcGIS item URL when uniquely resolved.,2026-09-04
inq-0407,International Territorial Level 3 Boundaries (2021),Office for National Statistics,ONS Open Geography Portal,United Kingdom,UK,Geospatial / GIS,Boundary,Study boundary | Lookup / identifiers | Geometry,GIS | Spatial join | Geocoding | Statistical geography,administrative / statistical geography,versioned,United Kingdom,Shapefile | GeoJSON | CSV | ArcGIS REST,Open,Open Government Licence v3.0,Official,https://geoportal.statistics.gov.uk/search?q=International+Territorial+Level+3+Boundaries+%282021%29,official_search_query,indexed_family_from_official_portal,,Official ONS Open Geography search URL; import resolver should replace with current ArcGIS item URL when uniquely resolved.,2026-09-04
inq-0408,International Territorial Level 3 Boundaries (2025),Office for National Statistics,ONS Open Geography Portal,United Kingdom,UK,Geospatial / GIS,Boundary,Study boundary | Lookup / identifiers | Geometry,GIS | Spatial join | Geocoding | Statistical geography,administrative / statistical geography,versioned,United Kingdom,Shapefile | GeoJSON | CSV | ArcGIS REST,Open,Open Government Licence v3.0,Official,https://geoportal.statistics.gov.uk/search?q=International+Territorial+Level+3+Boundaries+%282025%29,official_search_query,indexed_family_from_official_portal,,Official ONS Open Geography search URL; import resolver should replace with current ArcGIS item URL when uniquely resolved.,2026-09-04
inq-0409,NUTS 1 Boundaries,Office for National Statistics,ONS Open Geography Portal,United Kingdom,UK,Geospatial / GIS,Eurostat / OECD boundary,Study boundary | Lookup / identifiers | Geometry,GIS | Spatial join | Geocoding | Statistical geography,administrative / statistical geography,versioned,United Kingdom,Shapefile | GeoJSON | CSV | ArcGIS REST,Open,Open Government Licence v3.0,Official,https://geoportal.statistics.gov.uk/search?q=NUTS+1+Boundaries,official_search_query,indexed_family_from_official_portal,,Official ONS Open Geography search URL; import resolver should replace with current ArcGIS item URL when uniquely resolved.,2026-09-04
inq-0410,NUTS 2 Boundaries,Office for National Statistics,ONS Open Geography Portal,United Kingdom,UK,Geospatial / GIS,Eurostat / OECD boundary,Study boundary | Lookup / identifiers | Geometry,GIS | Spatial join | Geocoding | Statistical geography,administrative / statistical geography,versioned,United Kingdom,Shapefile | GeoJSON | CSV | ArcGIS REST,Open,Open Government Licence v3.0,Official,https://geoportal.statistics.gov.uk/search?q=NUTS+2+Boundaries,official_search_query,indexed_family_from_official_portal,,Official ONS Open Geography search URL; import resolver should replace with current ArcGIS item URL when uniquely resolved.,2026-09-04
inq-0411,NUTS 3 Boundaries,Office for National Statistics,ONS Open Geography Portal,United Kingdom,UK,Geospatial / GIS,Eurostat / OECD boundary,Study boundary | Lookup / identifiers | Geometry,GIS | Spatial join | Geocoding | Statistical geography,administrative / statistical geography,versioned,United Kingdom,Shapefile | GeoJSON | CSV | ArcGIS REST,Open,Open Government Licence v3.0,Official,https://geoportal.statistics.gov.uk/search?q=NUTS+3+Boundaries,official_search_query,indexed_family_from_official_portal,,Official ONS Open Geography search URL; import resolver should replace with current ArcGIS item URL when uniquely resolved.,2026-09-04
inq-0412,LSOA (2001) to LSOA (2011) Lookup,Office for National Statistics,ONS Open Geography Portal,United Kingdom,UK,Geospatial / GIS,Geography lookup,Lookup / identifiers | Context,GIS | Spatial join | Geocoding | Statistical geography,administrative / statistical geography,versioned,United Kingdom,Shapefile | GeoJSON | CSV | ArcGIS REST,Open,Open Government Licence v3.0,Official,https://geoportal.statistics.gov.uk/search?q=LSOA+%282001%29+to+LSOA+%282011%29+Lookup,official_search_query,indexed_family_from_official_portal,,Official ONS Open Geography search URL; import resolver should replace with current ArcGIS item URL when uniquely resolved.,2026-09-04
inq-0413,LSOA (2011) to LSOA (2021) Lookup,Office for National Statistics,ONS Open Geography Portal,United Kingdom,UK,Geospatial / GIS,Geography lookup,Lookup / identifiers | Context,GIS | Spatial join | Geocoding | Statistical geography,administrative / statistical geography,versioned,United Kingdom,Shapefile | GeoJSON | CSV | ArcGIS REST,Open,Open Government Licence v3.0,Official,https://geoportal.statistics.gov.uk/search?q=LSOA+%282011%29+to+LSOA+%282021%29+Lookup,official_search_query,indexed_family_from_official_portal,,Official ONS Open Geography search URL; import resolver should replace with current ArcGIS item URL when uniquely resolved.,2026-09-04
inq-0414,LSOAs to Built-up Areas and Sub Divisions (2011) Lookup,Office for National Statistics,ONS Open Geography Portal,United Kingdom,UK,Geospatial / GIS,Geography lookup,Lookup / identifiers | Context,GIS | Spatial join | Geocoding | Statistical geography,administrative / statistical geography,versioned,United Kingdom,Shapefile | GeoJSON | CSV | ArcGIS REST,Open,Open Government Licence v3.0,Official,https://geoportal.statistics.gov.uk/search?q=LSOAs+to+Built-up+Areas+and+Sub+Divisions+%282011%29+Lookup,official_search_query,indexed_family_from_official_portal,,Official ONS Open Geography search URL; import resolver should replace with current ArcGIS item URL when uniquely resolved.,2026-09-04
inq-0415,LSOA (2011) to Local Enterprise Partnerships Lookup,Office for National Statistics,ONS Open Geography Portal,United Kingdom,UK,Geospatial / GIS,Geography lookup,Lookup / identifiers | Context,GIS | Spatial join | Geocoding | Statistical geography,administrative / statistical geography,versioned,United Kingdom,Shapefile | GeoJSON | CSV | ArcGIS REST,Open,Open Government Licence v3.0,Official,https://geoportal.statistics.gov.uk/search?q=LSOA+%282011%29+to+Local+Enterprise+Partnerships+Lookup,official_search_query,indexed_family_from_official_portal,,Official ONS Open Geography search URL; import resolver should replace with current ArcGIS item URL when uniquely resolved.,2026-09-04
inq-0416,LSOAs to Major Towns and Cities (2015) Lookup,Office for National Statistics,ONS Open Geography Portal,United Kingdom,UK,Geospatial / GIS,Geography lookup,Lookup / identifiers | Context,GIS | Spatial join | Geocoding | Statistical geography,administrative / statistical geography,versioned,United Kingdom,Shapefile | GeoJSON | CSV | ArcGIS REST,Open,Open Government Licence v3.0,Official,https://geoportal.statistics.gov.uk/search?q=LSOAs+to+Major+Towns+and+Cities+%282015%29+Lookup,official_search_query,indexed_family_from_official_portal,,Official ONS Open Geography search URL; import resolver should replace with current ArcGIS item URL when uniquely resolved.,2026-09-04
inq-0417,LSOA (2011) to County and Unitary Authorities Lookup,Office for National Statistics,ONS Open Geography Portal,United Kingdom,UK,Geospatial / GIS,Geography lookup,Lookup / identifiers | Context,GIS | Spatial join | Geocoding | Statistical geography,administrative / statistical geography,versioned,United Kingdom,Shapefile | GeoJSON | CSV | ArcGIS REST,Open,Open Government Licence v3.0,Official,https://geoportal.statistics.gov.uk/search?q=LSOA+%282011%29+to+County+and+Unitary+Authorities+Lookup,official_search_query,indexed_family_from_official_portal,,Official ONS Open Geography search URL; import resolver should replace with current ArcGIS item URL when uniquely resolved.,2026-09-04
inq-0418,LSOA (2011) to Electoral Wards to LADs Lookup,Office for National Statistics,ONS Open Geography Portal,United Kingdom,UK,Geospatial / GIS,Geography lookup,Lookup / identifiers | Context,GIS | Spatial join | Geocoding | Statistical geography,administrative / statistical geography,versioned,United Kingdom,Shapefile | GeoJSON | CSV | ArcGIS REST,Open,Open Government Licence v3.0,Official,https://geoportal.statistics.gov.uk/search?q=LSOA+%282011%29+to+Electoral+Wards+to+LADs+Lookup,official_search_query,indexed_family_from_official_portal,,Official ONS Open Geography search URL; import resolver should replace with current ArcGIS item URL when uniquely resolved.,2026-09-04
inq-0419,LSOA (2001) to Electoral Wards Lookup,Office for National Statistics,ONS Open Geography Portal,United Kingdom,UK,Geospatial / GIS,Geography lookup,Lookup / identifiers | Context,GIS | Spatial join | Geocoding | Statistical geography,administrative / statistical geography,versioned,United Kingdom,Shapefile | GeoJSON | CSV | ArcGIS REST,Open,Open Government Licence v3.0,Official,https://geoportal.statistics.gov.uk/search?q=LSOA+%282001%29+to+Electoral+Wards+Lookup,official_search_query,indexed_family_from_official_portal,,Official ONS Open Geography search URL; import resolver should replace with current ArcGIS item URL when uniquely resolved.,2026-09-04
inq-0420,MSOA (2011) to MSOA (2021) Lookup,Office for National Statistics,ONS Open Geography Portal,United Kingdom,UK,Geospatial / GIS,Geography lookup,Lookup / identifiers | Context,GIS | Spatial join | Geocoding | Statistical geography,administrative / statistical geography,versioned,United Kingdom,Shapefile | GeoJSON | CSV | ArcGIS REST,Open,Open Government Licence v3.0,Official,https://geoportal.statistics.gov.uk/search?q=MSOA+%282011%29+to+MSOA+%282021%29+Lookup,official_search_query,indexed_family_from_official_portal,,Official ONS Open Geography search URL; import resolver should replace with current ArcGIS item URL when uniquely resolved.,2026-09-04
inq-0421,MSOA (2021) to Electoral Wards Lookup,Office for National Statistics,ONS Open Geography Portal,United Kingdom,UK,Geospatial / GIS,Geography lookup,Lookup / identifiers | Context,GIS | Spatial join | Geocoding | Statistical geography,administrative / statistical geography,versioned,United Kingdom,Shapefile | GeoJSON | CSV | ArcGIS REST,Open,Open Government Licence v3.0,Official,https://geoportal.statistics.gov.uk/search?q=MSOA+%282021%29+to+Electoral+Wards+Lookup,official_search_query,indexed_family_from_official_portal,,Official ONS Open Geography search URL; import resolver should replace with current ArcGIS item URL when uniquely resolved.,2026-09-04
inq-0422,MSOA (2021) to Built-up Areas (2022) Lookup,Office for National Statistics,ONS Open Geography Portal,United Kingdom,UK,Geospatial / GIS,Geography lookup,Lookup / identifiers | Context,GIS | Spatial join | Geocoding | Statistical geography,administrative / statistical geography,versioned,United Kingdom,Shapefile | GeoJSON | CSV | ArcGIS REST,Open,Open Government Licence v3.0,Official,https://geoportal.statistics.gov.uk/search?q=MSOA+%282021%29+to+Built-up+Areas+%282022%29+Lookup,official_search_query,indexed_family_from_official_portal,,Official ONS Open Geography search URL; import resolver should replace with current ArcGIS item URL when uniquely resolved.,2026-09-04
inq-0423,MSOA (2021) to County and Unitary Authorities Lookup,Office for National Statistics,ONS Open Geography Portal,United Kingdom,UK,Geospatial / GIS,Geography lookup,Lookup / identifiers | Context,GIS | Spatial join | Geocoding | Statistical geography,administrative / statistical geography,versioned,United Kingdom,Shapefile | GeoJSON | CSV | ArcGIS REST,Open,Open Government Licence v3.0,Official,https://geoportal.statistics.gov.uk/search?q=MSOA+%282021%29+to+County+and+Unitary+Authorities+Lookup,official_search_query,indexed_family_from_official_portal,,Official ONS Open Geography search URL; import resolver should replace with current ArcGIS item URL when uniquely resolved.,2026-09-04
inq-0424,MSOA (2021) to Westminster Parliamentary Constituencies (2024) Lookup,Office for National Statistics,ONS Open Geography Portal,United Kingdom,UK,Geospatial / GIS,Geography lookup,Lookup / identifiers | Context,GIS | Spatial join | Geocoding | Statistical geography,administrative / statistical geography,versioned,United Kingdom,Shapefile | GeoJSON | CSV | ArcGIS REST,Open,Open Government Licence v3.0,Official,https://geoportal.statistics.gov.uk/search?q=MSOA+%282021%29+to+Westminster+Parliamentary+Constituencies+%282024%29+Lookup,official_search_query,indexed_family_from_official_portal,,Official ONS Open Geography search URL; import resolver should replace with current ArcGIS item URL when uniquely resolved.,2026-09-04
inq-0425,MSOA (2001) to MSOA (2011) Lookup,Office for National Statistics,ONS Open Geography Portal,United Kingdom,UK,Geospatial / GIS,Geography lookup,Lookup / identifiers | Context,GIS | Spatial join | Geocoding | Statistical geography,administrative / statistical geography,versioned,United Kingdom,Shapefile | GeoJSON | CSV | ArcGIS REST,Open,Open Government Licence v3.0,Official,https://geoportal.statistics.gov.uk/search?q=MSOA+%282001%29+to+MSOA+%282011%29+Lookup,official_search_query,indexed_family_from_official_portal,,Official ONS Open Geography search URL; import resolver should replace with current ArcGIS item URL when uniquely resolved.,2026-09-04
inq-0426,MSOA (2011) to Built-up Areas and Sub Divisions (2011) Lookup,Office for National Statistics,ONS Open Geography Portal,United Kingdom,UK,Geospatial / GIS,Geography lookup,Lookup / identifiers | Context,GIS | Spatial join | Geocoding | Statistical geography,administrative / statistical geography,versioned,United Kingdom,Shapefile | GeoJSON | CSV | ArcGIS REST,Open,Open Government Licence v3.0,Official,https://geoportal.statistics.gov.uk/search?q=MSOA+%282011%29+to+Built-up+Areas+and+Sub+Divisions+%282011%29+Lookup,official_search_query,indexed_family_from_official_portal,,Official ONS Open Geography search URL; import resolver should replace with current ArcGIS item URL when uniquely resolved.,2026-09-04
inq-0427,MSOA (2011) to Major Towns and Cities (2015) Lookup,Office for National Statistics,ONS Open Geography Portal,United Kingdom,UK,Geospatial / GIS,Geography lookup,Lookup / identifiers | Context,GIS | Spatial join | Geocoding | Statistical geography,administrative / statistical geography,versioned,United Kingdom,Shapefile | GeoJSON | CSV | ArcGIS REST,Open,Open Government Licence v3.0,Official,https://geoportal.statistics.gov.uk/search?q=MSOA+%282011%29+to+Major+Towns+and+Cities+%282015%29+Lookup,official_search_query,indexed_family_from_official_portal,,Official ONS Open Geography search URL; import resolver should replace with current ArcGIS item URL when uniquely resolved.,2026-09-04
inq-0428,MSOA (2011) to Electoral Wards and LADs Lookup,Office for National Statistics,ONS Open Geography Portal,United Kingdom,UK,Geospatial / GIS,Geography lookup,Lookup / identifiers | Context,GIS | Spatial join | Geocoding | Statistical geography,administrative / statistical geography,versioned,United Kingdom,Shapefile | GeoJSON | CSV | ArcGIS REST,Open,Open Government Licence v3.0,Official,https://geoportal.statistics.gov.uk/search?q=MSOA+%282011%29+to+Electoral+Wards+and+LADs+Lookup,official_search_query,indexed_family_from_official_portal,,Official ONS Open Geography search URL; import resolver should replace with current ArcGIS item URL when uniquely resolved.,2026-09-04
inq-0429,OA (2011) to OA (2021) Lookup,Office for National Statistics,ONS Open Geography Portal,United Kingdom,UK,Geospatial / GIS,Geography lookup,Lookup / identifiers | Context,GIS | Spatial join | Geocoding | Statistical geography,administrative / statistical geography,versioned,United Kingdom,Shapefile | GeoJSON | CSV | ArcGIS REST,Open,Open Government Licence v3.0,Official,https://geoportal.statistics.gov.uk/search?q=OA+%282011%29+to+OA+%282021%29+Lookup,official_search_query,indexed_family_from_official_portal,,Official ONS Open Geography search URL; import resolver should replace with current ArcGIS item URL when uniquely resolved.,2026-09-04
inq-0430,OA (2021) to Wards Lookup,Office for National Statistics,ONS Open Geography Portal,United Kingdom,UK,Geospatial / GIS,Geography lookup,Lookup / identifiers | Context,GIS | Spatial join | Geocoding | Statistical geography,administrative / statistical geography,versioned,United Kingdom,Shapefile | GeoJSON | CSV | ArcGIS REST,Open,Open Government Licence v3.0,Official,https://geoportal.statistics.gov.uk/search?q=OA+%282021%29+to+Wards+Lookup,official_search_query,indexed_family_from_official_portal,,Official ONS Open Geography search URL; import resolver should replace with current ArcGIS item URL when uniquely resolved.,2026-09-04
inq-0431,OA (2021) to Census Wards (2011) Lookup,Office for National Statistics,ONS Open Geography Portal,United Kingdom,UK,Geospatial / GIS,Geography lookup,Lookup / identifiers | Context,GIS | Spatial join | Geocoding | Statistical geography,administrative / statistical geography,versioned,United Kingdom,Shapefile | GeoJSON | CSV | ArcGIS REST,Open,Open Government Licence v3.0,Official,https://geoportal.statistics.gov.uk/search?q=OA+%282021%29+to+Census+Wards+%282011%29+Lookup,official_search_query,indexed_family_from_official_portal,,Official ONS Open Geography search URL; import resolver should replace with current ArcGIS item URL when uniquely resolved.,2026-09-04
inq-0432,OA (2021) to Parishes and Non-Civil Parished Areas Lookup,Office for National Statistics,ONS Open Geography Portal,United Kingdom,UK,Geospatial / GIS,Geography lookup,Lookup / identifiers | Context,GIS | Spatial join | Geocoding | Statistical geography,administrative / statistical geography,versioned,United Kingdom,Shapefile | GeoJSON | CSV | ArcGIS REST,Open,Open Government Licence v3.0,Official,https://geoportal.statistics.gov.uk/search?q=OA+%282021%29+to+Parishes+and+Non-Civil+Parished+Areas+Lookup,official_search_query,indexed_family_from_official_portal,,Official ONS Open Geography search URL; import resolver should replace with current ArcGIS item URL when uniquely resolved.,2026-09-04
inq-0433,OA (2011) to OA (2021) Exact Fit Lookup,Office for National Statistics,ONS Open Geography Portal,United Kingdom,UK,Geospatial / GIS,Geography lookup,Lookup / identifiers | Context,GIS | Spatial join | Geocoding | Statistical geography,administrative / statistical geography,versioned,United Kingdom,Shapefile | GeoJSON | CSV | ArcGIS REST,Open,Open Government Licence v3.0,Official,https://geoportal.statistics.gov.uk/search?q=OA+%282011%29+to+OA+%282021%29+Exact+Fit+Lookup,official_search_query,indexed_family_from_official_portal,,Official ONS Open Geography search URL; import resolver should replace with current ArcGIS item URL when uniquely resolved.,2026-09-04
inq-0434,Wards (2011) to Census Merged Wards (2011) Lookup,Office for National Statistics,ONS Open Geography Portal,United Kingdom,UK,Geospatial / GIS,Geography lookup,Lookup / identifiers | Context,GIS | Spatial join | Geocoding | Statistical geography,administrative / statistical geography,versioned,United Kingdom,Shapefile | GeoJSON | CSV | ArcGIS REST,Open,Open Government Licence v3.0,Official,https://geoportal.statistics.gov.uk/search?q=Wards+%282011%29+to+Census+Merged+Wards+%282011%29+Lookup,official_search_query,indexed_family_from_official_portal,,Official ONS Open Geography search URL; import resolver should replace with current ArcGIS item URL when uniquely resolved.,2026-09-04
inq-0435,WPC (2010) to WPC (2024) Lookup,Office for National Statistics,ONS Open Geography Portal,United Kingdom,UK,Geospatial / GIS,Geography lookup,Lookup / identifiers | Context,GIS | Spatial join | Geocoding | Statistical geography,administrative / statistical geography,versioned,United Kingdom,Shapefile | GeoJSON | CSV | ArcGIS REST,Open,Open Government Licence v3.0,Official,https://geoportal.statistics.gov.uk/search?q=WPC+%282010%29+to+WPC+%282024%29+Lookup,official_search_query,indexed_family_from_official_portal,,Official ONS Open Geography search URL; import resolver should replace with current ArcGIS item URL when uniquely resolved.,2026-09-04
inq-0436,ITL 2021 to ITL 2025 Lookup,Office for National Statistics,ONS Open Geography Portal,United Kingdom,UK,Geospatial / GIS,Geography lookup,Lookup / identifiers | Context,GIS | Spatial join | Geocoding | Statistical geography,administrative / statistical geography,versioned,United Kingdom,Shapefile | GeoJSON | CSV | ArcGIS REST,Open,Open Government Licence v3.0,Official,https://geoportal.statistics.gov.uk/search?q=ITL+2021+to+ITL+2025+Lookup,official_search_query,indexed_family_from_official_portal,,Official ONS Open Geography search URL; import resolver should replace with current ArcGIS item URL when uniquely resolved.,2026-09-04
inq-0437,LAU2 to LAU1 to NUTS3 to NUTS2 to NUTS1 Lookup,Office for National Statistics,ONS Open Geography Portal,United Kingdom,UK,Geospatial / GIS,Geography lookup,Lookup / identifiers | Context,GIS | Spatial join | Geocoding | Statistical geography,administrative / statistical geography,versioned,United Kingdom,Shapefile | GeoJSON | CSV | ArcGIS REST,Open,Open Government Licence v3.0,Official,https://geoportal.statistics.gov.uk/search?q=LAU2+to+LAU1+to+NUTS3+to+NUTS2+to+NUTS1+Lookup,official_search_query,indexed_family_from_official_portal,,Official ONS Open Geography search URL; import resolver should replace with current ArcGIS item URL when uniquely resolved.,2026-09-04
inq-0438,LAD to NUTS3 to NUTS2 to NUTS1 Lookup,Office for National Statistics,ONS Open Geography Portal,United Kingdom,UK,Geospatial / GIS,Geography lookup,Lookup / identifiers | Context,GIS | Spatial join | Geocoding | Statistical geography,administrative / statistical geography,versioned,United Kingdom,Shapefile | GeoJSON | CSV | ArcGIS REST,Open,Open Government Licence v3.0,Official,https://geoportal.statistics.gov.uk/search?q=LAD+to+NUTS3+to+NUTS2+to+NUTS1+Lookup,official_search_query,indexed_family_from_official_portal,,Official ONS Open Geography search URL; import resolver should replace with current ArcGIS item URL when uniquely resolved.,2026-09-04
inq-0439,LAD to ITL3 to ITL2 to ITL1 Lookup,Office for National Statistics,ONS Open Geography Portal,United Kingdom,UK,Geospatial / GIS,Geography lookup,Lookup / identifiers | Context,GIS | Spatial join | Geocoding | Statistical geography,administrative / statistical geography,versioned,United Kingdom,Shapefile | GeoJSON | CSV | ArcGIS REST,Open,Open Government Licence v3.0,Official,https://geoportal.statistics.gov.uk/search?q=LAD+to+ITL3+to+ITL2+to+ITL1+Lookup,official_search_query,indexed_family_from_official_portal,,Official ONS Open Geography search URL; import resolver should replace with current ArcGIS item URL when uniquely resolved.,2026-09-04
inq-0440,Postcode (May 2021) to OA21 to LSOA21 to MSOA21 to LAD Lookup,Office for National Statistics,ONS Open Geography Portal,United Kingdom,UK,Geospatial / GIS,Geography lookup,Lookup / identifiers | Context,GIS | Spatial join | Geocoding | Statistical geography,administrative / statistical geography,versioned,United Kingdom,Shapefile | GeoJSON | CSV | ArcGIS REST,Open,Open Government Licence v3.0,Official,https://geoportal.statistics.gov.uk/search?q=Postcode+%28May+2021%29+to+OA21+to+LSOA21+to+MSOA21+to+LAD+Lookup,official_search_query,indexed_family_from_official_portal,,Official ONS Open Geography search URL; import resolver should replace with current ArcGIS item URL when uniquely resolved.,2026-09-04
inq-0441,Postcode to Postcode Sector to Postcode District to Postcode Area (March 2021) Lookup,Office for National Statistics,ONS Open Geography Portal,United Kingdom,UK,Geospatial / GIS,Geography lookup,Lookup / identifiers | Context,GIS | Spatial join | Geocoding | Statistical geography,administrative / statistical geography,versioned,United Kingdom,Shapefile | GeoJSON | CSV | ArcGIS REST,Open,Open Government Licence v3.0,Official,https://geoportal.statistics.gov.uk/search?q=Postcode+to+Postcode+Sector+to+Postcode+District+to+Postcode+Area+%28March+2021%29+Lookup,official_search_query,indexed_family_from_official_portal,,Official ONS Open Geography search URL; import resolver should replace with current ArcGIS item URL when uniquely resolved.,2026-09-04
inq-0442,Postcode to Postcode Sector to Postcode District to Postcode Area to OA (August 2022) Lookup,Office for National Statistics,ONS Open Geography Portal,United Kingdom,UK,Geospatial / GIS,Geography lookup,Lookup / identifiers | Context,GIS | Spatial join | Geocoding | Statistical geography,administrative / statistical geography,versioned,United Kingdom,Shapefile | GeoJSON | CSV | ArcGIS REST,Open,Open Government Licence v3.0,Official,https://geoportal.statistics.gov.uk/search?q=Postcode+to+Postcode+Sector+to+Postcode+District+to+Postcode+Area+to+OA+%28August+2022%29+Lookup,official_search_query,indexed_family_from_official_portal,,Official ONS Open Geography search URL; import resolver should replace with current ArcGIS item URL when uniquely resolved.,2026-09-04
inq-0443,OA (2021) to Postcode Sector (May 2021) Lookup,Office for National Statistics,ONS Open Geography Portal,United Kingdom,UK,Geospatial / GIS,Geography lookup,Lookup / identifiers | Context,GIS | Spatial join | Geocoding | Statistical geography,administrative / statistical geography,versioned,United Kingdom,Shapefile | GeoJSON | CSV | ArcGIS REST,Open,Open Government Licence v3.0,Official,https://geoportal.statistics.gov.uk/search?q=OA+%282021%29+to+Postcode+Sector+%28May+2021%29+Lookup,official_search_query,indexed_family_from_official_portal,,Official ONS Open Geography search URL; import resolver should replace with current ArcGIS item URL when uniquely resolved.,2026-09-04
inq-0444,Postcode to OA (2021) to LSOA to MSOA to LAD Lookup,Office for National Statistics,ONS Open Geography Portal,United Kingdom,UK,Geospatial / GIS,Geography lookup,Lookup / identifiers | Context,GIS | Spatial join | Geocoding | Statistical geography,administrative / statistical geography,versioned,United Kingdom,Shapefile | GeoJSON | CSV | ArcGIS REST,Open,Open Government Licence v3.0,Official,https://geoportal.statistics.gov.uk/search?q=Postcode+to+OA+%282021%29+to+LSOA+to+MSOA+to+LAD+Lookup,official_search_query,indexed_family_from_official_portal,,Official ONS Open Geography search URL; import resolver should replace with current ArcGIS item URL when uniquely resolved.,2026-09-04
inq-0445,Postcode to OA (2021) to LSOA to MSOA with Area Classifications,Office for National Statistics,ONS Open Geography Portal,United Kingdom,UK,Geospatial / GIS,Geography lookup,Lookup / identifiers | Context,GIS | Spatial join | Geocoding | Statistical geography,administrative / statistical geography,versioned,United Kingdom,Shapefile | GeoJSON | CSV | ArcGIS REST,Open,Open Government Licence v3.0,Official,https://geoportal.statistics.gov.uk/search?q=Postcode+to+OA+%282021%29+to+LSOA+to+MSOA+with+Area+Classifications,official_search_query,indexed_family_from_official_portal,,Official ONS Open Geography search URL; import resolver should replace with current ArcGIS item URL when uniquely resolved.,2026-09-04
inq-0446,Postcode to OA (2021) to LSOA to MSOA to LTLA to UTLA to CAUTH Lookup,Office for National Statistics,ONS Open Geography Portal,United Kingdom,UK,Geospatial / GIS,Geography lookup,Lookup / identifiers | Context,GIS | Spatial join | Geocoding | Statistical geography,administrative / statistical geography,versioned,United Kingdom,Shapefile | GeoJSON | CSV | ArcGIS REST,Open,Open Government Licence v3.0,Official,https://geoportal.statistics.gov.uk/search?q=Postcode+to+OA+%282021%29+to+LSOA+to+MSOA+to+LTLA+to+UTLA+to+CAUTH+Lookup,official_search_query,indexed_family_from_official_portal,,Official ONS Open Geography search URL; import resolver should replace with current ArcGIS item URL when uniquely resolved.,2026-09-04
inq-0447,Postcode to Westminster Parliamentary Constituencies (July 2024) Lookup,Office for National Statistics,ONS Open Geography Portal,United Kingdom,UK,Geospatial / GIS,Geography lookup,Lookup / identifiers | Context,GIS | Spatial join | Geocoding | Statistical geography,administrative / statistical geography,versioned,United Kingdom,Shapefile | GeoJSON | CSV | ArcGIS REST,Open,Open Government Licence v3.0,Official,https://geoportal.statistics.gov.uk/search?q=Postcode+to+Westminster+Parliamentary+Constituencies+%28July+2024%29+Lookup,official_search_query,indexed_family_from_official_portal,,Official ONS Open Geography search URL; import resolver should replace with current ArcGIS item URL when uniquely resolved.,2026-09-04
inq-0448,Postcode to OA (2011) to LSOA to MSOA to LAD Lookup,Office for National Statistics,ONS Open Geography Portal,United Kingdom,UK,Geospatial / GIS,Geography lookup,Lookup / identifiers | Context,GIS | Spatial join | Geocoding | Statistical geography,administrative / statistical geography,versioned,United Kingdom,Shapefile | GeoJSON | CSV | ArcGIS REST,Open,Open Government Licence v3.0,Official,https://geoportal.statistics.gov.uk/search?q=Postcode+to+OA+%282011%29+to+LSOA+to+MSOA+to+LAD+Lookup,official_search_query,indexed_family_from_official_portal,,Official ONS Open Geography search URL; import resolver should replace with current ArcGIS item URL when uniquely resolved.,2026-09-04
inq-0449,Postcode to OA (2011) to LSOA to MSOA with Area Classifications,Office for National Statistics,ONS Open Geography Portal,United Kingdom,UK,Geospatial / GIS,Geography lookup,Lookup / identifiers | Context,GIS | Spatial join | Geocoding | Statistical geography,administrative / statistical geography,versioned,United Kingdom,Shapefile | GeoJSON | CSV | ArcGIS REST,Open,Open Government Licence v3.0,Official,https://geoportal.statistics.gov.uk/search?q=Postcode+to+OA+%282011%29+to+LSOA+to+MSOA+with+Area+Classifications,official_search_query,indexed_family_from_official_portal,,Official ONS Open Geography search URL; import resolver should replace with current ArcGIS item URL when uniquely resolved.,2026-09-04
inq-0450,OA (2011) to Postcode Sector (2011) Lookup,Office for National Statistics,ONS Open Geography Portal,United Kingdom,UK,Geospatial / GIS,Geography lookup,Lookup / identifiers | Context,GIS | Spatial join | Geocoding | Statistical geography,administrative / statistical geography,versioned,United Kingdom,Shapefile | GeoJSON | CSV | ArcGIS REST,Open,Open Government Licence v3.0,Official,https://geoportal.statistics.gov.uk/search?q=OA+%282011%29+to+Postcode+Sector+%282011%29+Lookup,official_search_query,indexed_family_from_official_portal,,Official ONS Open Geography search URL; import resolver should replace with current ArcGIS item URL when uniquely resolved.,2026-09-04
inq-0451,Postcode to Parish to Ward to LAD (2011) Lookup,Office for National Statistics,ONS Open Geography Portal,United Kingdom,UK,Geospatial / GIS,Geography lookup,Lookup / identifiers | Context,GIS | Spatial join | Geocoding | Statistical geography,administrative / statistical geography,versioned,United Kingdom,Shapefile | GeoJSON | CSV | ArcGIS REST,Open,Open Government Licence v3.0,Official,https://geoportal.statistics.gov.uk/search?q=Postcode+to+Parish+to+Ward+to+LAD+%282011%29+Lookup,official_search_query,indexed_family_from_official_portal,,Official ONS Open Geography search URL; import resolver should replace with current ArcGIS item URL when uniquely resolved.,2026-09-04
inq-0452,Output Area (2021) to BUA to LAD to Region (April 2024) Best Fit Lookup,Office for National Statistics,ONS Open Geography Portal,United Kingdom,UK,Geospatial / GIS,Geography lookup,Lookup / identifiers | Context,GIS | Spatial join | Geocoding | Statistical geography,administrative / statistical geography,versioned,United Kingdom,Shapefile | GeoJSON | CSV | ArcGIS REST,Open,Open Government Licence v3.0,Official,https://geoportal.statistics.gov.uk/search?q=Output+Area+%282021%29+to+BUA+to+LAD+to+Region+%28April+2024%29+Best+Fit+Lookup,official_search_query,indexed_family_from_official_portal,,Official ONS Open Geography search URL; import resolver should replace with current ArcGIS item URL when uniquely resolved.,2026-09-04
inq-0453,Combined Authorities Names and Codes,Office for National Statistics,ONS Open Geography Portal,United Kingdom,UK,Geospatial / GIS,Names and codes,Lookup / identifiers | Context,GIS | Spatial join | Geocoding | Statistical geography,administrative / statistical geography,versioned,United Kingdom,Shapefile | GeoJSON | CSV | ArcGIS REST,Open,Open Government Licence v3.0,Official,https://geoportal.statistics.gov.uk/search?q=Combined+Authorities+Names+and+Codes,official_search_query,indexed_family_from_official_portal,,Official ONS Open Geography search URL; import resolver should replace with current ArcGIS item URL when uniquely resolved.,2026-09-04
inq-0454,Counties Names and Codes,Office for National Statistics,ONS Open Geography Portal,United Kingdom,UK,Geospatial / GIS,Names and codes,Lookup / identifiers | Context,GIS | Spatial join | Geocoding | Statistical geography,administrative / statistical geography,versioned,United Kingdom,Shapefile | GeoJSON | CSV | ArcGIS REST,Open,Open Government Licence v3.0,Official,https://geoportal.statistics.gov.uk/search?q=Counties+Names+and+Codes,official_search_query,indexed_family_from_official_portal,,Official ONS Open Geography search URL; import resolver should replace with current ArcGIS item URL when uniquely resolved.,2026-09-04
inq-0455,Counties and Unitary Authorities Names and Codes,Office for National Statistics,ONS Open Geography Portal,United Kingdom,UK,Geospatial / GIS,Names and codes,Lookup / identifiers | Context,GIS | Spatial join | Geocoding | Statistical geography,administrative / statistical geography,versioned,United Kingdom,Shapefile | GeoJSON | CSV | ArcGIS REST,Open,Open Government Licence v3.0,Official,https://geoportal.statistics.gov.uk/search?q=Counties+and+Unitary+Authorities+Names+and+Codes,official_search_query,indexed_family_from_official_portal,,Official ONS Open Geography search URL; import resolver should replace with current ArcGIS item URL when uniquely resolved.,2026-09-04
inq-0456,Countries Names and Codes,Office for National Statistics,ONS Open Geography Portal,United Kingdom,UK,Geospatial / GIS,Names and codes,Lookup / identifiers | Context,GIS | Spatial join | Geocoding | Statistical geography,administrative / statistical geography,versioned,United Kingdom,Shapefile | GeoJSON | CSV | ArcGIS REST,Open,Open Government Licence v3.0,Official,https://geoportal.statistics.gov.uk/search?q=Countries+Names+and+Codes,official_search_query,indexed_family_from_official_portal,,Official ONS Open Geography search URL; import resolver should replace with current ArcGIS item URL when uniquely resolved.,2026-09-04
inq-0457,County Electoral Divisions Names and Codes,Office for National Statistics,ONS Open Geography Portal,United Kingdom,UK,Geospatial / GIS,Names and codes,Lookup / identifiers | Context,GIS | Spatial join | Geocoding | Statistical geography,administrative / statistical geography,versioned,United Kingdom,Shapefile | GeoJSON | CSV | ArcGIS REST,Open,Open Government Licence v3.0,Official,https://geoportal.statistics.gov.uk/search?q=County+Electoral+Divisions+Names+and+Codes,official_search_query,indexed_family_from_official_portal,,Official ONS Open Geography search URL; import resolver should replace with current ArcGIS item URL when uniquely resolved.,2026-09-04
inq-0458,Local Authority Districts Names and Codes,Office for National Statistics,ONS Open Geography Portal,United Kingdom,UK,Geospatial / GIS,Names and codes,Lookup / identifiers | Context,GIS | Spatial join | Geocoding | Statistical geography,administrative / statistical geography,versioned,United Kingdom,Shapefile | GeoJSON | CSV | ArcGIS REST,Open,Open Government Licence v3.0,Official,https://geoportal.statistics.gov.uk/search?q=Local+Authority+Districts+Names+and+Codes,official_search_query,indexed_family_from_official_portal,,Official ONS Open Geography search URL; import resolver should replace with current ArcGIS item URL when uniquely resolved.,2026-09-04
inq-0459,Local Government Districts (NI) Names and Codes,Office for National Statistics,ONS Open Geography Portal,United Kingdom,UK,Geospatial / GIS,Names and codes,Lookup / identifiers | Context,GIS | Spatial join | Geocoding | Statistical geography,administrative / statistical geography,versioned,United Kingdom,Shapefile | GeoJSON | CSV | ArcGIS REST,Open,Open Government Licence v3.0,Official,https://geoportal.statistics.gov.uk/search?q=Local+Government+Districts+%28NI%29+Names+and+Codes,official_search_query,indexed_family_from_official_portal,,Official ONS Open Geography search URL; import resolver should replace with current ArcGIS item URL when uniquely resolved.,2026-09-04
inq-0460,Local Planning Authorities Names and Codes,Office for National Statistics,ONS Open Geography Portal,United Kingdom,UK,Geospatial / GIS,Names and codes,Lookup / identifiers | Context,GIS | Spatial join | Geocoding | Statistical geography,administrative / statistical geography,versioned,United Kingdom,Shapefile | GeoJSON | CSV | ArcGIS REST,Open,Open Government Licence v3.0,Official,https://geoportal.statistics.gov.uk/search?q=Local+Planning+Authorities+Names+and+Codes,official_search_query,indexed_family_from_official_portal,,Official ONS Open Geography search URL; import resolver should replace with current ArcGIS item URL when uniquely resolved.,2026-09-04
inq-0461,Metropolitan Counties Names and Codes,Office for National Statistics,ONS Open Geography Portal,United Kingdom,UK,Geospatial / GIS,Names and codes,Lookup / identifiers | Context,GIS | Spatial join | Geocoding | Statistical geography,administrative / statistical geography,versioned,United Kingdom,Shapefile | GeoJSON | CSV | ArcGIS REST,Open,Open Government Licence v3.0,Official,https://geoportal.statistics.gov.uk/search?q=Metropolitan+Counties+Names+and+Codes,official_search_query,indexed_family_from_official_portal,,Official ONS Open Geography search URL; import resolver should replace with current ArcGIS item URL when uniquely resolved.,2026-09-04
inq-0462,Non-Civil Parished Areas Names and Codes,Office for National Statistics,ONS Open Geography Portal,United Kingdom,UK,Geospatial / GIS,Names and codes,Lookup / identifiers | Context,GIS | Spatial join | Geocoding | Statistical geography,administrative / statistical geography,versioned,United Kingdom,Shapefile | GeoJSON | CSV | ArcGIS REST,Open,Open Government Licence v3.0,Official,https://geoportal.statistics.gov.uk/search?q=Non-Civil+Parished+Areas+Names+and+Codes,official_search_query,indexed_family_from_official_portal,,Official ONS Open Geography search URL; import resolver should replace with current ArcGIS item URL when uniquely resolved.,2026-09-04
inq-0463,Parishes Names and Codes,Office for National Statistics,ONS Open Geography Portal,United Kingdom,UK,Geospatial / GIS,Names and codes,Lookup / identifiers | Context,GIS | Spatial join | Geocoding | Statistical geography,administrative / statistical geography,versioned,United Kingdom,Shapefile | GeoJSON | CSV | ArcGIS REST,Open,Open Government Licence v3.0,Official,https://geoportal.statistics.gov.uk/search?q=Parishes+Names+and+Codes,official_search_query,indexed_family_from_official_portal,,Official ONS Open Geography search URL; import resolver should replace with current ArcGIS item URL when uniquely resolved.,2026-09-04
inq-0464,Regions Names and Codes,Office for National Statistics,ONS Open Geography Portal,United Kingdom,UK,Geospatial / GIS,Names and codes,Lookup / identifiers | Context,GIS | Spatial join | Geocoding | Statistical geography,administrative / statistical geography,versioned,United Kingdom,Shapefile | GeoJSON | CSV | ArcGIS REST,Open,Open Government Licence v3.0,Official,https://geoportal.statistics.gov.uk/search?q=Regions+Names+and+Codes,official_search_query,indexed_family_from_official_portal,,Official ONS Open Geography search URL; import resolver should replace with current ArcGIS item URL when uniquely resolved.,2026-09-04
inq-0465,Wards Names and Codes,Office for National Statistics,ONS Open Geography Portal,United Kingdom,UK,Geospatial / GIS,Names and codes,Lookup / identifiers | Context,GIS | Spatial join | Geocoding | Statistical geography,administrative / statistical geography,versioned,United Kingdom,Shapefile | GeoJSON | CSV | ArcGIS REST,Open,Open Government Licence v3.0,Official,https://geoportal.statistics.gov.uk/search?q=Wards+Names+and+Codes,official_search_query,indexed_family_from_official_portal,,Official ONS Open Geography search URL; import resolver should replace with current ArcGIS item URL when uniquely resolved.,2026-09-04
inq-0466,Built-up Areas Names and Codes,Office for National Statistics,ONS Open Geography Portal,United Kingdom,UK,Geospatial / GIS,Names and codes,Lookup / identifiers | Context,GIS | Spatial join | Geocoding | Statistical geography,administrative / statistical geography,versioned,United Kingdom,Shapefile | GeoJSON | CSV | ArcGIS REST,Open,Open Government Licence v3.0,Official,https://geoportal.statistics.gov.uk/search?q=Built-up+Areas+Names+and+Codes,official_search_query,indexed_family_from_official_portal,,Official ONS Open Geography search URL; import resolver should replace with current ArcGIS item URL when uniquely resolved.,2026-09-04
inq-0467,Built-up Area Sub Divisions Names and Codes,Office for National Statistics,ONS Open Geography Portal,United Kingdom,UK,Geospatial / GIS,Names and codes,Lookup / identifiers | Context,GIS | Spatial join | Geocoding | Statistical geography,administrative / statistical geography,versioned,United Kingdom,Shapefile | GeoJSON | CSV | ArcGIS REST,Open,Open Government Licence v3.0,Official,https://geoportal.statistics.gov.uk/search?q=Built-up+Area+Sub+Divisions+Names+and+Codes,official_search_query,indexed_family_from_official_portal,,Official ONS Open Geography search URL; import resolver should replace with current ArcGIS item URL when uniquely resolved.,2026-09-04
inq-0468,Census Area Statistics Wards Names and Codes,Office for National Statistics,ONS Open Geography Portal,United Kingdom,UK,Geospatial / GIS,Names and codes,Lookup / identifiers | Context,GIS | Spatial join | Geocoding | Statistical geography,administrative / statistical geography,versioned,United Kingdom,Shapefile | GeoJSON | CSV | ArcGIS REST,Open,Open Government Licence v3.0,Official,https://geoportal.statistics.gov.uk/search?q=Census+Area+Statistics+Wards+Names+and+Codes,official_search_query,indexed_family_from_official_portal,,Official ONS Open Geography search URL; import resolver should replace with current ArcGIS item URL when uniquely resolved.,2026-09-04
inq-0469,Census Merged Local Authority Districts Names and Codes,Office for National Statistics,ONS Open Geography Portal,United Kingdom,UK,Geospatial / GIS,Names and codes,Lookup / identifiers | Context,GIS | Spatial join | Geocoding | Statistical geography,administrative / statistical geography,versioned,United Kingdom,Shapefile | GeoJSON | CSV | ArcGIS REST,Open,Open Government Licence v3.0,Official,https://geoportal.statistics.gov.uk/search?q=Census+Merged+Local+Authority+Districts+Names+and+Codes,official_search_query,indexed_family_from_official_portal,,Official ONS Open Geography search URL; import resolver should replace with current ArcGIS item URL when uniquely resolved.,2026-09-04
inq-0470,Census Merged Wards Names and Codes,Office for National Statistics,ONS Open Geography Portal,United Kingdom,UK,Geospatial / GIS,Names and codes,Lookup / identifiers | Context,GIS | Spatial join | Geocoding | Statistical geography,administrative / statistical geography,versioned,United Kingdom,Shapefile | GeoJSON | CSV | ArcGIS REST,Open,Open Government Licence v3.0,Official,https://geoportal.statistics.gov.uk/search?q=Census+Merged+Wards+Names+and+Codes,official_search_query,indexed_family_from_official_portal,,Official ONS Open Geography search URL; import resolver should replace with current ArcGIS item URL when uniquely resolved.,2026-09-04
inq-0471,Scottish Data Zones Names and Codes,Office for National Statistics,ONS Open Geography Portal,United Kingdom,UK,Geospatial / GIS,Names and codes,Lookup / identifiers | Context,GIS | Spatial join | Geocoding | Statistical geography,administrative / statistical geography,versioned,United Kingdom,Shapefile | GeoJSON | CSV | ArcGIS REST,Open,Open Government Licence v3.0,Official,https://geoportal.statistics.gov.uk/search?q=Scottish+Data+Zones+Names+and+Codes,official_search_query,indexed_family_from_official_portal,,Official ONS Open Geography search URL; import resolver should replace with current ArcGIS item URL when uniquely resolved.,2026-09-04
inq-0472,Scottish Intermediate Zones Names and Codes,Office for National Statistics,ONS Open Geography Portal,United Kingdom,UK,Geospatial / GIS,Names and codes,Lookup / identifiers | Context,GIS | Spatial join | Geocoding | Statistical geography,administrative / statistical geography,versioned,United Kingdom,Shapefile | GeoJSON | CSV | ArcGIS REST,Open,Open Government Licence v3.0,Official,https://geoportal.statistics.gov.uk/search?q=Scottish+Intermediate+Zones+Names+and+Codes,official_search_query,indexed_family_from_official_portal,,Official ONS Open Geography search URL; import resolver should replace with current ArcGIS item URL when uniquely resolved.,2026-09-04
inq-0473,Lower Layer Super Output Areas Names and Codes,Office for National Statistics,ONS Open Geography Portal,United Kingdom,UK,Geospatial / GIS,Names and codes,Lookup / identifiers | Context,GIS | Spatial join | Geocoding | Statistical geography,administrative / statistical geography,versioned,United Kingdom,Shapefile | GeoJSON | CSV | ArcGIS REST,Open,Open Government Licence v3.0,Official,https://geoportal.statistics.gov.uk/search?q=Lower+Layer+Super+Output+Areas+Names+and+Codes,official_search_query,indexed_family_from_official_portal,,Official ONS Open Geography search URL; import resolver should replace with current ArcGIS item URL when uniquely resolved.,2026-09-04
inq-0474,Middle Layer Super Output Areas Names and Codes,Office for National Statistics,ONS Open Geography Portal,United Kingdom,UK,Geospatial / GIS,Names and codes,Lookup / identifiers | Context,GIS | Spatial join | Geocoding | Statistical geography,administrative / statistical geography,versioned,United Kingdom,Shapefile | GeoJSON | CSV | ArcGIS REST,Open,Open Government Licence v3.0,Official,https://geoportal.statistics.gov.uk/search?q=Middle+Layer+Super+Output+Areas+Names+and+Codes,official_search_query,indexed_family_from_official_portal,,Official ONS Open Geography search URL; import resolver should replace with current ArcGIS item URL when uniquely resolved.,2026-09-04
inq-0475,Standard Table Wards Names and Codes,Office for National Statistics,ONS Open Geography Portal,United Kingdom,UK,Geospatial / GIS,Names and codes,Lookup / identifiers | Context,GIS | Spatial join | Geocoding | Statistical geography,administrative / statistical geography,versioned,United Kingdom,Shapefile | GeoJSON | CSV | ArcGIS REST,Open,Open Government Licence v3.0,Official,https://geoportal.statistics.gov.uk/search?q=Standard+Table+Wards+Names+and+Codes,official_search_query,indexed_family_from_official_portal,,Official ONS Open Geography search URL; import resolver should replace with current ArcGIS item URL when uniquely resolved.,2026-09-04
inq-0476,Statistical Wards Names and Codes,Office for National Statistics,ONS Open Geography Portal,United Kingdom,UK,Geospatial / GIS,Names and codes,Lookup / identifiers | Context,GIS | Spatial join | Geocoding | Statistical geography,administrative / statistical geography,versioned,United Kingdom,Shapefile | GeoJSON | CSV | ArcGIS REST,Open,Open Government Licence v3.0,Official,https://geoportal.statistics.gov.uk/search?q=Statistical+Wards+Names+and+Codes,official_search_query,indexed_family_from_official_portal,,Official ONS Open Geography search URL; import resolver should replace with current ArcGIS item URL when uniquely resolved.,2026-09-04
inq-0477,Travel to Work Areas Names and Codes,Office for National Statistics,ONS Open Geography Portal,United Kingdom,UK,Geospatial / GIS,Names and codes,Lookup / identifiers | Context,GIS | Spatial join | Geocoding | Statistical geography,administrative / statistical geography,versioned,United Kingdom,Shapefile | GeoJSON | CSV | ArcGIS REST,Open,Open Government Licence v3.0,Official,https://geoportal.statistics.gov.uk/search?q=Travel+to+Work+Areas+Names+and+Codes,official_search_query,indexed_family_from_official_portal,,Official ONS Open Geography search URL; import resolver should replace with current ArcGIS item URL when uniquely resolved.,2026-09-04
inq-0478,European Electoral Regions Names and Codes,Office for National Statistics,ONS Open Geography Portal,United Kingdom,UK,Geospatial / GIS,Names and codes,Lookup / identifiers | Context,GIS | Spatial join | Geocoding | Statistical geography,administrative / statistical geography,versioned,United Kingdom,Shapefile | GeoJSON | CSV | ArcGIS REST,Open,Open Government Licence v3.0,Official,https://geoportal.statistics.gov.uk/search?q=European+Electoral+Regions+Names+and+Codes,official_search_query,indexed_family_from_official_portal,,Official ONS Open Geography search URL; import resolver should replace with current ArcGIS item URL when uniquely resolved.,2026-09-04
inq-0479,London Assembly Constituencies Names and Codes,Office for National Statistics,ONS Open Geography Portal,United Kingdom,UK,Geospatial / GIS,Names and codes,Lookup / identifiers | Context,GIS | Spatial join | Geocoding | Statistical geography,administrative / statistical geography,versioned,United Kingdom,Shapefile | GeoJSON | CSV | ArcGIS REST,Open,Open Government Licence v3.0,Official,https://geoportal.statistics.gov.uk/search?q=London+Assembly+Constituencies+Names+and+Codes,official_search_query,indexed_family_from_official_portal,,Official ONS Open Geography search URL; import resolver should replace with current ArcGIS item URL when uniquely resolved.,2026-09-04
inq-0480,Senedd Cymru Constituencies Names and Codes,Office for National Statistics,ONS Open Geography Portal,United Kingdom,UK,Geospatial / GIS,Names and codes,Lookup / identifiers | Context,GIS | Spatial join | Geocoding | Statistical geography,administrative / statistical geography,versioned,United Kingdom,Shapefile | GeoJSON | CSV | ArcGIS REST,Open,Open Government Licence v3.0,Official,https://geoportal.statistics.gov.uk/search?q=Senedd+Cymru+Constituencies+Names+and+Codes,official_search_query,indexed_family_from_official_portal,,Official ONS Open Geography search URL; import resolver should replace with current ArcGIS item URL when uniquely resolved.,2026-09-04
inq-0481,Senedd Cymru Electoral Regions Names and Codes,Office for National Statistics,ONS Open Geography Portal,United Kingdom,UK,Geospatial / GIS,Names and codes,Lookup / identifiers | Context,GIS | Spatial join | Geocoding | Statistical geography,administrative / statistical geography,versioned,United Kingdom,Shapefile | GeoJSON | CSV | ArcGIS REST,Open,Open Government Licence v3.0,Official,https://geoportal.statistics.gov.uk/search?q=Senedd+Cymru+Electoral+Regions+Names+and+Codes,official_search_query,indexed_family_from_official_portal,,Official ONS Open Geography search URL; import resolver should replace with current ArcGIS item URL when uniquely resolved.,2026-09-04
inq-0482,Scottish Parliamentary Constituencies Names and Codes,Office for National Statistics,ONS Open Geography Portal,United Kingdom,UK,Geospatial / GIS,Names and codes,Lookup / identifiers | Context,GIS | Spatial join | Geocoding | Statistical geography,administrative / statistical geography,versioned,United Kingdom,Shapefile | GeoJSON | CSV | ArcGIS REST,Open,Open Government Licence v3.0,Official,https://geoportal.statistics.gov.uk/search?q=Scottish+Parliamentary+Constituencies+Names+and+Codes,official_search_query,indexed_family_from_official_portal,,Official ONS Open Geography search URL; import resolver should replace with current ArcGIS item URL when uniquely resolved.,2026-09-04
inq-0483,Scottish Parliamentary Regions Names and Codes,Office for National Statistics,ONS Open Geography Portal,United Kingdom,UK,Geospatial / GIS,Names and codes,Lookup / identifiers | Context,GIS | Spatial join | Geocoding | Statistical geography,administrative / statistical geography,versioned,United Kingdom,Shapefile | GeoJSON | CSV | ArcGIS REST,Open,Open Government Licence v3.0,Official,https://geoportal.statistics.gov.uk/search?q=Scottish+Parliamentary+Regions+Names+and+Codes,official_search_query,indexed_family_from_official_portal,,Official ONS Open Geography search URL; import resolver should replace with current ArcGIS item URL when uniquely resolved.,2026-09-04
inq-0484,Westminster Parliamentary Constituencies Names and Codes,Office for National Statistics,ONS Open Geography Portal,United Kingdom,UK,Geospatial / GIS,Names and codes,Lookup / identifiers | Context,GIS | Spatial join | Geocoding | Statistical geography,administrative / statistical geography,versioned,United Kingdom,Shapefile | GeoJSON | CSV | ArcGIS REST,Open,Open Government Licence v3.0,Official,https://geoportal.statistics.gov.uk/search?q=Westminster+Parliamentary+Constituencies+Names+and+Codes,official_search_query,indexed_family_from_official_portal,,Official ONS Open Geography search URL; import resolver should replace with current ArcGIS item URL when uniquely resolved.,2026-09-04
inq-0485,International Territorial Levels Level 1 Names and Codes,Office for National Statistics,ONS Open Geography Portal,United Kingdom,UK,Geospatial / GIS,Names and codes,Lookup / identifiers | Context,GIS | Spatial join | Geocoding | Statistical geography,administrative / statistical geography,versioned,United Kingdom,Shapefile | GeoJSON | CSV | ArcGIS REST,Open,Open Government Licence v3.0,Official,https://geoportal.statistics.gov.uk/search?q=International+Territorial+Levels+Level+1+Names+and+Codes,official_search_query,indexed_family_from_official_portal,,Official ONS Open Geography search URL; import resolver should replace with current ArcGIS item URL when uniquely resolved.,2026-09-04
inq-0486,International Territorial Levels Level 2 Names and Codes,Office for National Statistics,ONS Open Geography Portal,United Kingdom,UK,Geospatial / GIS,Names and codes,Lookup / identifiers | Context,GIS | Spatial join | Geocoding | Statistical geography,administrative / statistical geography,versioned,United Kingdom,Shapefile | GeoJSON | CSV | ArcGIS REST,Open,Open Government Licence v3.0,Official,https://geoportal.statistics.gov.uk/search?q=International+Territorial+Levels+Level+2+Names+and+Codes,official_search_query,indexed_family_from_official_portal,,Official ONS Open Geography search URL; import resolver should replace with current ArcGIS item URL when uniquely resolved.,2026-09-04
inq-0487,International Territorial Levels Level 3 Names and Codes,Office for National Statistics,ONS Open Geography Portal,United Kingdom,UK,Geospatial / GIS,Names and codes,Lookup / identifiers | Context,GIS | Spatial join | Geocoding | Statistical geography,administrative / statistical geography,versioned,United Kingdom,Shapefile | GeoJSON | CSV | ArcGIS REST,Open,Open Government Licence v3.0,Official,https://geoportal.statistics.gov.uk/search?q=International+Territorial+Levels+Level+3+Names+and+Codes,official_search_query,indexed_family_from_official_portal,,Official ONS Open Geography search URL; import resolver should replace with current ArcGIS item URL when uniquely resolved.,2026-09-04
inq-0488,NUTS 1 Names and Codes,Office for National Statistics,ONS Open Geography Portal,United Kingdom,UK,Geospatial / GIS,Names and codes,Lookup / identifiers | Context,GIS | Spatial join | Geocoding | Statistical geography,administrative / statistical geography,versioned,United Kingdom,Shapefile | GeoJSON | CSV | ArcGIS REST,Open,Open Government Licence v3.0,Official,https://geoportal.statistics.gov.uk/search?q=NUTS+1+Names+and+Codes,official_search_query,indexed_family_from_official_portal,,Official ONS Open Geography search URL; import resolver should replace with current ArcGIS item URL when uniquely resolved.,2026-09-04
inq-0489,NUTS 2 Names and Codes,Office for National Statistics,ONS Open Geography Portal,United Kingdom,UK,Geospatial / GIS,Names and codes,Lookup / identifiers | Context,GIS | Spatial join | Geocoding | Statistical geography,administrative / statistical geography,versioned,United Kingdom,Shapefile | GeoJSON | CSV | ArcGIS REST,Open,Open Government Licence v3.0,Official,https://geoportal.statistics.gov.uk/search?q=NUTS+2+Names+and+Codes,official_search_query,indexed_family_from_official_portal,,Official ONS Open Geography search URL; import resolver should replace with current ArcGIS item URL when uniquely resolved.,2026-09-04
inq-0490,NUTS 3 Names and Codes,Office for National Statistics,ONS Open Geography Portal,United Kingdom,UK,Geospatial / GIS,Names and codes,Lookup / identifiers | Context,GIS | Spatial join | Geocoding | Statistical geography,administrative / statistical geography,versioned,United Kingdom,Shapefile | GeoJSON | CSV | ArcGIS REST,Open,Open Government Licence v3.0,Official,https://geoportal.statistics.gov.uk/search?q=NUTS+3+Names+and+Codes,official_search_query,indexed_family_from_official_portal,,Official ONS Open Geography search URL; import resolver should replace with current ArcGIS item URL when uniquely resolved.,2026-09-04
inq-0491,LAU 1 Names and Codes,Office for National Statistics,ONS Open Geography Portal,United Kingdom,UK,Geospatial / GIS,Names and codes,Lookup / identifiers | Context,GIS | Spatial join | Geocoding | Statistical geography,administrative / statistical geography,versioned,United Kingdom,Shapefile | GeoJSON | CSV | ArcGIS REST,Open,Open Government Licence v3.0,Official,https://geoportal.statistics.gov.uk/search?q=LAU+1+Names+and+Codes,official_search_query,indexed_family_from_official_portal,,Official ONS Open Geography search URL; import resolver should replace with current ArcGIS item URL when uniquely resolved.,2026-09-04
inq-0492,LAU 2 Names and Codes,Office for National Statistics,ONS Open Geography Portal,United Kingdom,UK,Geospatial / GIS,Names and codes,Lookup / identifiers | Context,GIS | Spatial join | Geocoding | Statistical geography,administrative / statistical geography,versioned,United Kingdom,Shapefile | GeoJSON | CSV | ArcGIS REST,Open,Open Government Licence v3.0,Official,https://geoportal.statistics.gov.uk/search?q=LAU+2+Names+and+Codes,official_search_query,indexed_family_from_official_portal,,Official ONS Open Geography search URL; import resolver should replace with current ArcGIS item URL when uniquely resolved.,2026-09-04
inq-0493,Cancer Alliances Names and Codes,Office for National Statistics,ONS Open Geography Portal,United Kingdom,UK,Geospatial / GIS,Names and codes,Lookup / identifiers | Context,GIS | Spatial join | Geocoding | Statistical geography,administrative / statistical geography,versioned,United Kingdom,Shapefile | GeoJSON | CSV | ArcGIS REST,Open,Open Government Licence v3.0,Official,https://geoportal.statistics.gov.uk/search?q=Cancer+Alliances+Names+and+Codes,official_search_query,indexed_family_from_official_portal,,Official ONS Open Geography search URL; import resolver should replace with current ArcGIS item URL when uniquely resolved.,2026-09-04
inq-0494,Integrated Care Boards Names and Codes,Office for National Statistics,ONS Open Geography Portal,United Kingdom,UK,Geospatial / GIS,Names and codes,Lookup / identifiers | Context,GIS | Spatial join | Geocoding | Statistical geography,administrative / statistical geography,versioned,United Kingdom,Shapefile | GeoJSON | CSV | ArcGIS REST,Open,Open Government Licence v3.0,Official,https://geoportal.statistics.gov.uk/search?q=Integrated+Care+Boards+Names+and+Codes,official_search_query,indexed_family_from_official_portal,,Official ONS Open Geography search URL; import resolver should replace with current ArcGIS item URL when uniquely resolved.,2026-09-04
inq-0495,ONS Postcode Directory (August 2026),Office for National Statistics,ONS Open Geography Portal,United Kingdom,UK,Geospatial / GIS,Postcode directory,Lookup / identifiers | Context,GIS | Spatial join | Geocoding | Statistical geography,administrative / statistical geography,versioned,United Kingdom,Shapefile | GeoJSON | CSV | ArcGIS REST,Open,Open Government Licence v3.0,Official,https://geoportal.statistics.gov.uk/search?q=ONS+Postcode+Directory+%28August+2026%29,official_search_query,indexed_family_from_official_portal,,Official ONS Open Geography search URL; import resolver should replace with current ArcGIS item URL when uniquely resolved.,2026-09-04
inq-0496,ONS Postcode Directory (May 2026),Office for National Statistics,ONS Open Geography Portal,United Kingdom,UK,Geospatial / GIS,Postcode directory,Lookup / identifiers | Context,GIS | Spatial join | Geocoding | Statistical geography,administrative / statistical geography,versioned,United Kingdom,Shapefile | GeoJSON | CSV | ArcGIS REST,Open,Open Government Licence v3.0,Official,https://geoportal.statistics.gov.uk/search?q=ONS+Postcode+Directory+%28May+2026%29,official_search_query,indexed_family_from_official_portal,,Official ONS Open Geography search URL; import resolver should replace with current ArcGIS item URL when uniquely resolved.,2026-09-04
inq-0497,ONS Postcode Directory (February 2026),Office for National Statistics,ONS Open Geography Portal,United Kingdom,UK,Geospatial / GIS,Postcode directory,Lookup / identifiers | Context,GIS | Spatial join | Geocoding | Statistical geography,administrative / statistical geography,versioned,United Kingdom,Shapefile | GeoJSON | CSV | ArcGIS REST,Open,Open Government Licence v3.0,Official,https://geoportal.statistics.gov.uk/search?q=ONS+Postcode+Directory+%28February+2026%29,official_search_query,indexed_family_from_official_portal,,Official ONS Open Geography search URL; import resolver should replace with current ArcGIS item URL when uniquely resolved.,2026-09-04
inq-0498,ONS Postcode Directory (November 2025),Office for National Statistics,ONS Open Geography Portal,United Kingdom,UK,Geospatial / GIS,Postcode directory,Lookup / identifiers | Context,GIS | Spatial join | Geocoding | Statistical geography,administrative / statistical geography,versioned,United Kingdom,Shapefile | GeoJSON | CSV | ArcGIS REST,Open,Open Government Licence v3.0,Official,https://geoportal.statistics.gov.uk/search?q=ONS+Postcode+Directory+%28November+2025%29,official_search_query,indexed_family_from_official_portal,,Official ONS Open Geography search URL; import resolver should replace with current ArcGIS item URL when uniquely resolved.,2026-09-04
inq-0499,ONS Postcode Directory (August 2025),Office for National Statistics,ONS Open Geography Portal,United Kingdom,UK,Geospatial / GIS,Postcode directory,Lookup / identifiers | Context,GIS | Spatial join | Geocoding | Statistical geography,administrative / statistical geography,versioned,United Kingdom,Shapefile | GeoJSON | CSV | ArcGIS REST,Open,Open Government Licence v3.0,Official,https://geoportal.statistics.gov.uk/search?q=ONS+Postcode+Directory+%28August+2025%29,official_search_query,indexed_family_from_official_portal,,Official ONS Open Geography search URL; import resolver should replace with current ArcGIS item URL when uniquely resolved.,2026-09-04
inq-0500,ONS Postcode Directory (May 2025),Office for National Statistics,ONS Open Geography Portal,United Kingdom,UK,Geospatial / GIS,Postcode directory,Lookup / identifiers | Context,GIS | Spatial join | Geocoding | Statistical geography,administrative / statistical geography,versioned,United Kingdom,Shapefile | GeoJSON | CSV | ArcGIS REST,Open,Open Government Licence v3.0,Official,https://geoportal.statistics.gov.uk/search?q=ONS+Postcode+Directory+%28May+2025%29,official_search_query,indexed_family_from_official_portal,,Official ONS Open Geography search URL; import resolver should replace with current ArcGIS item URL when uniquely resolved.,2026-09-04
inq-0501,ONS Postcode Directory (February 2025),Office for National Statistics,ONS Open Geography Portal,United Kingdom,UK,Geospatial / GIS,Postcode directory,Lookup / identifiers | Context,GIS | Spatial join | Geocoding | Statistical geography,administrative / statistical geography,versioned,United Kingdom,Shapefile | GeoJSON | CSV | ArcGIS REST,Open,Open Government Licence v3.0,Official,https://geoportal.statistics.gov.uk/search?q=ONS+Postcode+Directory+%28February+2025%29,official_search_query,indexed_family_from_official_portal,,Official ONS Open Geography search URL; import resolver should replace with current ArcGIS item URL when uniquely resolved.,2026-09-04
inq-0502,ONS Postcode Directory (November 2024),Office for National Statistics,ONS Open Geography Portal,United Kingdom,UK,Geospatial / GIS,Postcode directory,Lookup / identifiers | Context,GIS | Spatial join | Geocoding | Statistical geography,administrative / statistical geography,versioned,United Kingdom,Shapefile | GeoJSON | CSV | ArcGIS REST,Open,Open Government Licence v3.0,Official,https://geoportal.statistics.gov.uk/search?q=ONS+Postcode+Directory+%28November+2024%29,official_search_query,indexed_family_from_official_portal,,Official ONS Open Geography search URL; import resolver should replace with current ArcGIS item URL when uniquely resolved.,2026-09-04
inq-0503,ONS Postcode Directory (August 2024),Office for National Statistics,ONS Open Geography Portal,United Kingdom,UK,Geospatial / GIS,Postcode directory,Lookup / identifiers | Context,GIS | Spatial join | Geocoding | Statistical geography,administrative / statistical geography,versioned,United Kingdom,Shapefile | GeoJSON | CSV | ArcGIS REST,Open,Open Government Licence v3.0,Official,https://geoportal.statistics.gov.uk/search?q=ONS+Postcode+Directory+%28August+2024%29,official_search_query,indexed_family_from_official_portal,,Official ONS Open Geography search URL; import resolver should replace with current ArcGIS item URL when uniquely resolved.,2026-09-04
inq-0504,ONS Postcode Directory (May 2024),Office for National Statistics,ONS Open Geography Portal,United Kingdom,UK,Geospatial / GIS,Postcode directory,Lookup / identifiers | Context,GIS | Spatial join | Geocoding | Statistical geography,administrative / statistical geography,versioned,United Kingdom,Shapefile | GeoJSON | CSV | ArcGIS REST,Open,Open Government Licence v3.0,Official,https://geoportal.statistics.gov.uk/search?q=ONS+Postcode+Directory+%28May+2024%29,official_search_query,indexed_family_from_official_portal,,Official ONS Open Geography search URL; import resolver should replace with current ArcGIS item URL when uniquely resolved.,2026-09-04
inq-0505,ONS Postcode Directory (August 2021),Office for National Statistics,ONS Open Geography Portal,United Kingdom,UK,Geospatial / GIS,Postcode directory,Lookup / identifiers | Context,GIS | Spatial join | Geocoding | Statistical geography,administrative / statistical geography,versioned,United Kingdom,Shapefile | GeoJSON | CSV | ArcGIS REST,Open,Open Government Licence v3.0,Official,https://geoportal.statistics.gov.uk/search?q=ONS+Postcode+Directory+%28August+2021%29,official_search_query,indexed_family_from_official_portal,,Official ONS Open Geography search URL; import resolver should replace with current ArcGIS item URL when uniquely resolved.,2026-09-04
inq-0506,ONS Postcode Directory (August 2011),Office for National Statistics,ONS Open Geography Portal,United Kingdom,UK,Geospatial / GIS,Postcode directory,Lookup / identifiers | Context,GIS | Spatial join | Geocoding | Statistical geography,administrative / statistical geography,versioned,United Kingdom,Shapefile | GeoJSON | CSV | ArcGIS REST,Open,Open Government Licence v3.0,Official,https://geoportal.statistics.gov.uk/search?q=ONS+Postcode+Directory+%28August+2011%29,official_search_query,indexed_family_from_official_portal,,Official ONS Open Geography search URL; import resolver should replace with current ArcGIS item URL when uniquely resolved.,2026-09-04
inq-0507,NHS Postcode Directory (August 2026),Office for National Statistics,ONS Open Geography Portal,United Kingdom,UK,Geospatial / GIS,Postcode directory,Lookup / identifiers | Context,GIS | Spatial join | Geocoding | Statistical geography,administrative / statistical geography,versioned,United Kingdom,Shapefile | GeoJSON | CSV | ArcGIS REST,Open,Open Government Licence v3.0,Official,https://geoportal.statistics.gov.uk/search?q=NHS+Postcode+Directory+%28August+2026%29,official_search_query,indexed_family_from_official_portal,,Official ONS Open Geography search URL; import resolver should replace with current ArcGIS item URL when uniquely resolved.,2026-09-04
inq-0508,NHS Postcode Directory (May 2026),Office for National Statistics,ONS Open Geography Portal,United Kingdom,UK,Geospatial / GIS,Postcode directory,Lookup / identifiers | Context,GIS | Spatial join | Geocoding | Statistical geography,administrative / statistical geography,versioned,United Kingdom,Shapefile | GeoJSON | CSV | ArcGIS REST,Open,Open Government Licence v3.0,Official,https://geoportal.statistics.gov.uk/search?q=NHS+Postcode+Directory+%28May+2026%29,official_search_query,indexed_family_from_official_portal,,Official ONS Open Geography search URL; import resolver should replace with current ArcGIS item URL when uniquely resolved.,2026-09-04
inq-0509,NHS Postcode Directory (February 2026),Office for National Statistics,ONS Open Geography Portal,United Kingdom,UK,Geospatial / GIS,Postcode directory,Lookup / identifiers | Context,GIS | Spatial join | Geocoding | Statistical geography,administrative / statistical geography,versioned,United Kingdom,Shapefile | GeoJSON | CSV | ArcGIS REST,Open,Open Government Licence v3.0,Official,https://geoportal.statistics.gov.uk/search?q=NHS+Postcode+Directory+%28February+2026%29,official_search_query,indexed_family_from_official_portal,,Official ONS Open Geography search URL; import resolver should replace with current ArcGIS item URL when uniquely resolved.,2026-09-04
inq-0510,NHS Postcode Directory (November 2025),Office for National Statistics,ONS Open Geography Portal,United Kingdom,UK,Geospatial / GIS,Postcode directory,Lookup / identifiers | Context,GIS | Spatial join | Geocoding | Statistical geography,administrative / statistical geography,versioned,United Kingdom,Shapefile | GeoJSON | CSV | ArcGIS REST,Open,Open Government Licence v3.0,Official,https://geoportal.statistics.gov.uk/search?q=NHS+Postcode+Directory+%28November+2025%29,official_search_query,indexed_family_from_official_portal,,Official ONS Open Geography search URL; import resolver should replace with current ArcGIS item URL when uniquely resolved.,2026-09-04
inq-0511,NHS Postcode Directory (August 2025),Office for National Statistics,ONS Open Geography Portal,United Kingdom,UK,Geospatial / GIS,Postcode directory,Lookup / identifiers | Context,GIS | Spatial join | Geocoding | Statistical geography,administrative / statistical geography,versioned,United Kingdom,Shapefile | GeoJSON | CSV | ArcGIS REST,Open,Open Government Licence v3.0,Official,https://geoportal.statistics.gov.uk/search?q=NHS+Postcode+Directory+%28August+2025%29,official_search_query,indexed_family_from_official_portal,,Official ONS Open Geography search URL; import resolver should replace with current ArcGIS item URL when uniquely resolved.,2026-09-04
inq-0512,NHS Postcode Directory (May 2025),Office for National Statistics,ONS Open Geography Portal,United Kingdom,UK,Geospatial / GIS,Postcode directory,Lookup / identifiers | Context,GIS | Spatial join | Geocoding | Statistical geography,administrative / statistical geography,versioned,United Kingdom,Shapefile | GeoJSON | CSV | ArcGIS REST,Open,Open Government Licence v3.0,Official,https://geoportal.statistics.gov.uk/search?q=NHS+Postcode+Directory+%28May+2025%29,official_search_query,indexed_family_from_official_portal,,Official ONS Open Geography search URL; import resolver should replace with current ArcGIS item URL when uniquely resolved.,2026-09-04
inq-0513,NHS Postcode Directory (February 2025),Office for National Statistics,ONS Open Geography Portal,United Kingdom,UK,Geospatial / GIS,Postcode directory,Lookup / identifiers | Context,GIS | Spatial join | Geocoding | Statistical geography,administrative / statistical geography,versioned,United Kingdom,Shapefile | GeoJSON | CSV | ArcGIS REST,Open,Open Government Licence v3.0,Official,https://geoportal.statistics.gov.uk/search?q=NHS+Postcode+Directory+%28February+2025%29,official_search_query,indexed_family_from_official_portal,,Official ONS Open Geography search URL; import resolver should replace with current ArcGIS item URL when uniquely resolved.,2026-09-04
inq-0514,NHS Postcode Directory (November 2024),Office for National Statistics,ONS Open Geography Portal,United Kingdom,UK,Geospatial / GIS,Postcode directory,Lookup / identifiers | Context,GIS | Spatial join | Geocoding | Statistical geography,administrative / statistical geography,versioned,United Kingdom,Shapefile | GeoJSON | CSV | ArcGIS REST,Open,Open Government Licence v3.0,Official,https://geoportal.statistics.gov.uk/search?q=NHS+Postcode+Directory+%28November+2024%29,official_search_query,indexed_family_from_official_portal,,Official ONS Open Geography search URL; import resolver should replace with current ArcGIS item URL when uniquely resolved.,2026-09-04
inq-0515,NHS Postcode Directory (August 2024),Office for National Statistics,ONS Open Geography Portal,United Kingdom,UK,Geospatial / GIS,Postcode directory,Lookup / identifiers | Context,GIS | Spatial join | Geocoding | Statistical geography,administrative / statistical geography,versioned,United Kingdom,Shapefile | GeoJSON | CSV | ArcGIS REST,Open,Open Government Licence v3.0,Official,https://geoportal.statistics.gov.uk/search?q=NHS+Postcode+Directory+%28August+2024%29,official_search_query,indexed_family_from_official_portal,,Official ONS Open Geography search URL; import resolver should replace with current ArcGIS item URL when uniquely resolved.,2026-09-04
inq-0516,NHS Postcode Directory (May 2024),Office for National Statistics,ONS Open Geography Portal,United Kingdom,UK,Geospatial / GIS,Postcode directory,Lookup / identifiers | Context,GIS | Spatial join | Geocoding | Statistical geography,administrative / statistical geography,versioned,United Kingdom,Shapefile | GeoJSON | CSV | ArcGIS REST,Open,Open Government Licence v3.0,Official,https://geoportal.statistics.gov.uk/search?q=NHS+Postcode+Directory+%28May+2024%29,official_search_query,indexed_family_from_official_portal,,Official ONS Open Geography search URL; import resolver should replace with current ArcGIS item URL when uniquely resolved.,2026-09-04
inq-0517,NHS Postcode Directory (August 2021),Office for National Statistics,ONS Open Geography Portal,United Kingdom,UK,Geospatial / GIS,Postcode directory,Lookup / identifiers | Context,GIS | Spatial join | Geocoding | Statistical geography,administrative / statistical geography,versioned,United Kingdom,Shapefile | GeoJSON | CSV | ArcGIS REST,Open,Open Government Licence v3.0,Official,https://geoportal.statistics.gov.uk/search?q=NHS+Postcode+Directory+%28August+2021%29,official_search_query,indexed_family_from_official_portal,,Official ONS Open Geography search URL; import resolver should replace with current ArcGIS item URL when uniquely resolved.,2026-09-04
inq-0518,National Statistics UPRN Lookup (June 2026),Office for National Statistics,ONS Open Geography Portal,United Kingdom,UK,Geospatial / GIS,UPRN lookup,Lookup / identifiers | Context,GIS | Spatial join | Geocoding | Statistical geography,administrative / statistical geography,versioned,United Kingdom,Shapefile | GeoJSON | CSV | ArcGIS REST,Open,Open Government Licence v3.0,Official,https://geoportal.statistics.gov.uk/search?q=National+Statistics+UPRN+Lookup+%28June+2026%29,official_search_query,indexed_family_from_official_portal,,Official ONS Open Geography search URL; import resolver should replace with current ArcGIS item URL when uniquely resolved.,2026-09-04
inq-0519,National Statistics UPRN Lookup (December 2025),Office for National Statistics,ONS Open Geography Portal,United Kingdom,UK,Geospatial / GIS,UPRN lookup,Lookup / identifiers | Context,GIS | Spatial join | Geocoding | Statistical geography,administrative / statistical geography,versioned,United Kingdom,Shapefile | GeoJSON | CSV | ArcGIS REST,Open,Open Government Licence v3.0,Official,https://geoportal.statistics.gov.uk/search?q=National+Statistics+UPRN+Lookup+%28December+2025%29,official_search_query,indexed_family_from_official_portal,,Official ONS Open Geography search URL; import resolver should replace with current ArcGIS item URL when uniquely resolved.,2026-09-04
inq-0520,National Statistics UPRN Lookup (November 2025),Office for National Statistics,ONS Open Geography Portal,United Kingdom,UK,Geospatial / GIS,UPRN lookup,Lookup / identifiers | Context,GIS | Spatial join | Geocoding | Statistical geography,administrative / statistical geography,versioned,United Kingdom,Shapefile | GeoJSON | CSV | ArcGIS REST,Open,Open Government Licence v3.0,Official,https://geoportal.statistics.gov.uk/search?q=National+Statistics+UPRN+Lookup+%28November+2025%29,official_search_query,indexed_family_from_official_portal,,Official ONS Open Geography search URL; import resolver should replace with current ArcGIS item URL when uniquely resolved.,2026-09-04
inq-0521,National Statistics UPRN Lookup (October 2025),Office for National Statistics,ONS Open Geography Portal,United Kingdom,UK,Geospatial / GIS,UPRN lookup,Lookup / identifiers | Context,GIS | Spatial join | Geocoding | Statistical geography,administrative / statistical geography,versioned,United Kingdom,Shapefile | GeoJSON | CSV | ArcGIS REST,Open,Open Government Licence v3.0,Official,https://geoportal.statistics.gov.uk/search?q=National+Statistics+UPRN+Lookup+%28October+2025%29,official_search_query,indexed_family_from_official_portal,,Official ONS Open Geography search URL; import resolver should replace with current ArcGIS item URL when uniquely resolved.,2026-09-04
inq-0522,National Statistics UPRN Lookup (August 2025),Office for National Statistics,ONS Open Geography Portal,United Kingdom,UK,Geospatial / GIS,UPRN lookup,Lookup / identifiers | Context,GIS | Spatial join | Geocoding | Statistical geography,administrative / statistical geography,versioned,United Kingdom,Shapefile | GeoJSON | CSV | ArcGIS REST,Open,Open Government Licence v3.0,Official,https://geoportal.statistics.gov.uk/search?q=National+Statistics+UPRN+Lookup+%28August+2025%29,official_search_query,indexed_family_from_official_portal,,Official ONS Open Geography search URL; import resolver should replace with current ArcGIS item URL when uniquely resolved.,2026-09-04
inq-0523,National Statistics UPRN Lookup (July 2025),Office for National Statistics,ONS Open Geography Portal,United Kingdom,UK,Geospatial / GIS,UPRN lookup,Lookup / identifiers | Context,GIS | Spatial join | Geocoding | Statistical geography,administrative / statistical geography,versioned,United Kingdom,Shapefile | GeoJSON | CSV | ArcGIS REST,Open,Open Government Licence v3.0,Official,https://geoportal.statistics.gov.uk/search?q=National+Statistics+UPRN+Lookup+%28July+2025%29,official_search_query,indexed_family_from_official_portal,,Official ONS Open Geography search URL; import resolver should replace with current ArcGIS item URL when uniquely resolved.,2026-09-04
inq-0524,National Statistics UPRN Lookup (May 2025),Office for National Statistics,ONS Open Geography Portal,United Kingdom,UK,Geospatial / GIS,UPRN lookup,Lookup / identifiers | Context,GIS | Spatial join | Geocoding | Statistical geography,administrative / statistical geography,versioned,United Kingdom,Shapefile | GeoJSON | CSV | ArcGIS REST,Open,Open Government Licence v3.0,Official,https://geoportal.statistics.gov.uk/search?q=National+Statistics+UPRN+Lookup+%28May+2025%29,official_search_query,indexed_family_from_official_portal,,Official ONS Open Geography search URL; import resolver should replace with current ArcGIS item URL when uniquely resolved.,2026-09-04
inq-0525,National Statistics UPRN Lookup (April 2025),Office for National Statistics,ONS Open Geography Portal,United Kingdom,UK,Geospatial / GIS,UPRN lookup,Lookup / identifiers | Context,GIS | Spatial join | Geocoding | Statistical geography,administrative / statistical geography,versioned,United Kingdom,Shapefile | GeoJSON | CSV | ArcGIS REST,Open,Open Government Licence v3.0,Official,https://geoportal.statistics.gov.uk/search?q=National+Statistics+UPRN+Lookup+%28April+2025%29,official_search_query,indexed_family_from_official_portal,,Official ONS Open Geography search URL; import resolver should replace with current ArcGIS item URL when uniquely resolved.,2026-09-04
inq-0526,National Statistics UPRN Lookup (February 2025),Office for National Statistics,ONS Open Geography Portal,United Kingdom,UK,Geospatial / GIS,UPRN lookup,Lookup / identifiers | Context,GIS | Spatial join | Geocoding | Statistical geography,administrative / statistical geography,versioned,United Kingdom,Shapefile | GeoJSON | CSV | ArcGIS REST,Open,Open Government Licence v3.0,Official,https://geoportal.statistics.gov.uk/search?q=National+Statistics+UPRN+Lookup+%28February+2025%29,official_search_query,indexed_family_from_official_portal,,Official ONS Open Geography search URL; import resolver should replace with current ArcGIS item URL when uniquely resolved.,2026-09-04
inq-0527,National Statistics UPRN Lookup (January 2025),Office for National Statistics,ONS Open Geography Portal,United Kingdom,UK,Geospatial / GIS,UPRN lookup,Lookup / identifiers | Context,GIS | Spatial join | Geocoding | Statistical geography,administrative / statistical geography,versioned,United Kingdom,Shapefile | GeoJSON | CSV | ArcGIS REST,Open,Open Government Licence v3.0,Official,https://geoportal.statistics.gov.uk/search?q=National+Statistics+UPRN+Lookup+%28January+2025%29,official_search_query,indexed_family_from_official_portal,,Official ONS Open Geography search URL; import resolver should replace with current ArcGIS item URL when uniquely resolved.,2026-09-04
inq-0528,National Statistics UPRN Lookup (November 2024),Office for National Statistics,ONS Open Geography Portal,United Kingdom,UK,Geospatial / GIS,UPRN lookup,Lookup / identifiers | Context,GIS | Spatial join | Geocoding | Statistical geography,administrative / statistical geography,versioned,United Kingdom,Shapefile | GeoJSON | CSV | ArcGIS REST,Open,Open Government Licence v3.0,Official,https://geoportal.statistics.gov.uk/search?q=National+Statistics+UPRN+Lookup+%28November+2024%29,official_search_query,indexed_family_from_official_portal,,Official ONS Open Geography search URL; import resolver should replace with current ArcGIS item URL when uniquely resolved.,2026-09-04
inq-0529,Code History Database (June 2026),Office for National Statistics,ONS Open Geography Portal,United Kingdom,UK,Geospatial / GIS,Code history,Lookup / identifiers | Context,GIS | Spatial join | Geocoding | Statistical geography,administrative / statistical geography,versioned,United Kingdom,Shapefile | GeoJSON | CSV | ArcGIS REST,Open,Open Government Licence v3.0,Official,https://geoportal.statistics.gov.uk/search?q=Code+History+Database+%28June+2026%29,official_search_query,indexed_family_from_official_portal,,Official ONS Open Geography search URL; import resolver should replace with current ArcGIS item URL when uniquely resolved.,2026-09-04
inq-0530,Register of Geographic Codes (June 2026),Office for National Statistics,ONS Open Geography Portal,United Kingdom,UK,Geospatial / GIS,Geographic codes,Lookup / identifiers | Context,GIS | Spatial join | Geocoding | Statistical geography,administrative / statistical geography,versioned,United Kingdom,Shapefile | GeoJSON | CSV | ArcGIS REST,Open,Open Government Licence v3.0,Official,https://geoportal.statistics.gov.uk/search?q=Register+of+Geographic+Codes+%28June+2026%29,official_search_query,indexed_family_from_official_portal,,Official ONS Open Geography search URL; import resolver should replace with current ArcGIS item URL when uniquely resolved.,2026-09-04
inq-0531,Code History Database (December 2025),Office for National Statistics,ONS Open Geography Portal,United Kingdom,UK,Geospatial / GIS,Code history,Lookup / identifiers | Context,GIS | Spatial join | Geocoding | Statistical geography,administrative / statistical geography,versioned,United Kingdom,Shapefile | GeoJSON | CSV | ArcGIS REST,Open,Open Government Licence v3.0,Official,https://geoportal.statistics.gov.uk/search?q=Code+History+Database+%28December+2025%29,official_search_query,indexed_family_from_official_portal,,Official ONS Open Geography search URL; import resolver should replace with current ArcGIS item URL when uniquely resolved.,2026-09-04
inq-0532,Register of Geographic Codes (December 2025),Office for National Statistics,ONS Open Geography Portal,United Kingdom,UK,Geospatial / GIS,Geographic codes,Lookup / identifiers | Context,GIS | Spatial join | Geocoding | Statistical geography,administrative / statistical geography,versioned,United Kingdom,Shapefile | GeoJSON | CSV | ArcGIS REST,Open,Open Government Licence v3.0,Official,https://geoportal.statistics.gov.uk/search?q=Register+of+Geographic+Codes+%28December+2025%29,official_search_query,indexed_family_from_official_portal,,Official ONS Open Geography search URL; import resolver should replace with current ArcGIS item URL when uniquely resolved.,2026-09-04
inq-0533,Code History Database (June 2025),Office for National Statistics,ONS Open Geography Portal,United Kingdom,UK,Geospatial / GIS,Code history,Lookup / identifiers | Context,GIS | Spatial join | Geocoding | Statistical geography,administrative / statistical geography,versioned,United Kingdom,Shapefile | GeoJSON | CSV | ArcGIS REST,Open,Open Government Licence v3.0,Official,https://geoportal.statistics.gov.uk/search?q=Code+History+Database+%28June+2025%29,official_search_query,indexed_family_from_official_portal,,Official ONS Open Geography search URL; import resolver should replace with current ArcGIS item URL when uniquely resolved.,2026-09-04
inq-0534,Register of Geographic Codes (June 2025),Office for National Statistics,ONS Open Geography Portal,United Kingdom,UK,Geospatial / GIS,Geographic codes,Lookup / identifiers | Context,GIS | Spatial join | Geocoding | Statistical geography,administrative / statistical geography,versioned,United Kingdom,Shapefile | GeoJSON | CSV | ArcGIS REST,Open,Open Government Licence v3.0,Official,https://geoportal.statistics.gov.uk/search?q=Register+of+Geographic+Codes+%28June+2025%29,official_search_query,indexed_family_from_official_portal,,Official ONS Open Geography search URL; import resolver should replace with current ArcGIS item URL when uniquely resolved.,2026-09-04
inq-0535,Code History Database (December 2024),Office for National Statistics,ONS Open Geography Portal,United Kingdom,UK,Geospatial / GIS,Code history,Lookup / identifiers | Context,GIS | Spatial join | Geocoding | Statistical geography,administrative / statistical geography,versioned,United Kingdom,Shapefile | GeoJSON | CSV | ArcGIS REST,Open,Open Government Licence v3.0,Official,https://geoportal.statistics.gov.uk/search?q=Code+History+Database+%28December+2024%29,official_search_query,indexed_family_from_official_portal,,Official ONS Open Geography search URL; import resolver should replace with current ArcGIS item URL when uniquely resolved.,2026-09-04
inq-0536,Register of Geographic Codes (December 2024),Office for National Statistics,ONS Open Geography Portal,United Kingdom,UK,Geospatial / GIS,Geographic codes,Lookup / identifiers | Context,GIS | Spatial join | Geocoding | Statistical geography,administrative / statistical geography,versioned,United Kingdom,Shapefile | GeoJSON | CSV | ArcGIS REST,Open,Open Government Licence v3.0,Official,https://geoportal.statistics.gov.uk/search?q=Register+of+Geographic+Codes+%28December+2024%29,official_search_query,indexed_family_from_official_portal,,Official ONS Open Geography search URL; import resolver should replace with current ArcGIS item URL when uniquely resolved.,2026-09-04
inq-0537,Code History Database (July 2024),Office for National Statistics,ONS Open Geography Portal,United Kingdom,UK,Geospatial / GIS,Code history,Lookup / identifiers | Context,GIS | Spatial join | Geocoding | Statistical geography,administrative / statistical geography,versioned,United Kingdom,Shapefile | GeoJSON | CSV | ArcGIS REST,Open,Open Government Licence v3.0,Official,https://geoportal.statistics.gov.uk/search?q=Code+History+Database+%28July+2024%29,official_search_query,indexed_family_from_official_portal,,Official ONS Open Geography search URL; import resolver should replace with current ArcGIS item URL when uniquely resolved.,2026-09-04
inq-0538,Register of Geographic Codes (July 2024),Office for National Statistics,ONS Open Geography Portal,United Kingdom,UK,Geospatial / GIS,Geographic codes,Lookup / identifiers | Context,GIS | Spatial join | Geocoding | Statistical geography,administrative / statistical geography,versioned,United Kingdom,Shapefile | GeoJSON | CSV | ArcGIS REST,Open,Open Government Licence v3.0,Official,https://geoportal.statistics.gov.uk/search?q=Register+of+Geographic+Codes+%28July+2024%29,official_search_query,indexed_family_from_official_portal,,Official ONS Open Geography search URL; import resolver should replace with current ArcGIS item URL when uniquely resolved.,2026-09-04
inq-0539,Code History Database (December 2023),Office for National Statistics,ONS Open Geography Portal,United Kingdom,UK,Geospatial / GIS,Code history,Lookup / identifiers | Context,GIS | Spatial join | Geocoding | Statistical geography,administrative / statistical geography,versioned,United Kingdom,Shapefile | GeoJSON | CSV | ArcGIS REST,Open,Open Government Licence v3.0,Official,https://geoportal.statistics.gov.uk/search?q=Code+History+Database+%28December+2023%29,official_search_query,indexed_family_from_official_portal,,Official ONS Open Geography search URL; import resolver should replace with current ArcGIS item URL when uniquely resolved.,2026-09-04
inq-0540,Register of Geographic Codes (December 2023),Office for National Statistics,ONS Open Geography Portal,United Kingdom,UK,Geospatial / GIS,Geographic codes,Lookup / identifiers | Context,GIS | Spatial join | Geocoding | Statistical geography,administrative / statistical geography,versioned,United Kingdom,Shapefile | GeoJSON | CSV | ArcGIS REST,Open,Open Government Licence v3.0,Official,https://geoportal.statistics.gov.uk/search?q=Register+of+Geographic+Codes+%28December+2023%29,official_search_query,indexed_family_from_official_portal,,Official ONS Open Geography search URL; import resolver should replace with current ArcGIS item URL when uniquely resolved.,2026-09-04
inq-0541,Code History Database (May 2023),Office for National Statistics,ONS Open Geography Portal,United Kingdom,UK,Geospatial / GIS,Code history,Lookup / identifiers | Context,GIS | Spatial join | Geocoding | Statistical geography,administrative / statistical geography,versioned,United Kingdom,Shapefile | GeoJSON | CSV | ArcGIS REST,Open,Open Government Licence v3.0,Official,https://geoportal.statistics.gov.uk/search?q=Code+History+Database+%28May+2023%29,official_search_query,indexed_family_from_official_portal,,Official ONS Open Geography search URL; import resolver should replace with current ArcGIS item URL when uniquely resolved.,2026-09-04
inq-0542,Register of Geographic Codes (May 2023),Office for National Statistics,ONS Open Geography Portal,United Kingdom,UK,Geospatial / GIS,Geographic codes,Lookup / identifiers | Context,GIS | Spatial join | Geocoding | Statistical geography,administrative / statistical geography,versioned,United Kingdom,Shapefile | GeoJSON | CSV | ArcGIS REST,Open,Open Government Licence v3.0,Official,https://geoportal.statistics.gov.uk/search?q=Register+of+Geographic+Codes+%28May+2023%29,official_search_query,indexed_family_from_official_portal,,Official ONS Open Geography search URL; import resolver should replace with current ArcGIS item URL when uniquely resolved.,2026-09-04
inq-0543,Rural Urban Classification – Clinical Commissioning Groups,Office for National Statistics,ONS Open Geography Portal,United Kingdom,UK,Geospatial / GIS,Area classification,Lookup / identifiers | Context,GIS | Spatial join | Geocoding | Statistical geography,administrative / statistical geography,versioned,United Kingdom,Shapefile | GeoJSON | CSV | ArcGIS REST,Open,Open Government Licence v3.0,Official,https://geoportal.statistics.gov.uk/search?q=Rural+Urban+Classification+%E2%80%93+Clinical+Commissioning+Groups,official_search_query,indexed_family_from_official_portal,,Official ONS Open Geography search URL; import resolver should replace with current ArcGIS item URL when uniquely resolved.,2026-09-04
inq-0544,Rural Urban Classification – Counties,Office for National Statistics,ONS Open Geography Portal,United Kingdom,UK,Geospatial / GIS,Area classification,Lookup / identifiers | Context,GIS | Spatial join | Geocoding | Statistical geography,administrative / statistical geography,versioned,United Kingdom,Shapefile | GeoJSON | CSV | ArcGIS REST,Open,Open Government Licence v3.0,Official,https://geoportal.statistics.gov.uk/search?q=Rural+Urban+Classification+%E2%80%93+Counties,official_search_query,indexed_family_from_official_portal,,Official ONS Open Geography search URL; import resolver should replace with current ArcGIS item URL when uniquely resolved.,2026-09-04
inq-0545,Rural Urban Classification – Local Authority Districts 2024,Office for National Statistics,ONS Open Geography Portal,United Kingdom,UK,Geospatial / GIS,Area classification,Lookup / identifiers | Context,GIS | Spatial join | Geocoding | Statistical geography,administrative / statistical geography,versioned,United Kingdom,Shapefile | GeoJSON | CSV | ArcGIS REST,Open,Open Government Licence v3.0,Official,https://geoportal.statistics.gov.uk/search?q=Rural+Urban+Classification+%E2%80%93+Local+Authority+Districts+2024,official_search_query,indexed_family_from_official_portal,,Official ONS Open Geography search URL; import resolver should replace with current ArcGIS item URL when uniquely resolved.,2026-09-04
inq-0546,Rural Urban Classification – Local Authority Districts 2021,Office for National Statistics,ONS Open Geography Portal,United Kingdom,UK,Geospatial / GIS,Area classification,Lookup / identifiers | Context,GIS | Spatial join | Geocoding | Statistical geography,administrative / statistical geography,versioned,United Kingdom,Shapefile | GeoJSON | CSV | ArcGIS REST,Open,Open Government Licence v3.0,Official,https://geoportal.statistics.gov.uk/search?q=Rural+Urban+Classification+%E2%80%93+Local+Authority+Districts+2021,official_search_query,indexed_family_from_official_portal,,Official ONS Open Geography search URL; import resolver should replace with current ArcGIS item URL when uniquely resolved.,2026-09-04
inq-0547,Rural Urban Classification – Lower Layer Super Output Areas 2021,Office for National Statistics,ONS Open Geography Portal,United Kingdom,UK,Geospatial / GIS,Area classification,Lookup / identifiers | Context,GIS | Spatial join | Geocoding | Statistical geography,administrative / statistical geography,versioned,United Kingdom,Shapefile | GeoJSON | CSV | ArcGIS REST,Open,Open Government Licence v3.0,Official,https://geoportal.statistics.gov.uk/search?q=Rural+Urban+Classification+%E2%80%93+Lower+Layer+Super+Output+Areas+2021,official_search_query,indexed_family_from_official_portal,,Official ONS Open Geography search URL; import resolver should replace with current ArcGIS item URL when uniquely resolved.,2026-09-04
inq-0548,Rural Urban Classification – Lower Layer Super Output Areas,Office for National Statistics,ONS Open Geography Portal,United Kingdom,UK,Geospatial / GIS,Area classification,Lookup / identifiers | Context,GIS | Spatial join | Geocoding | Statistical geography,administrative / statistical geography,versioned,United Kingdom,Shapefile | GeoJSON | CSV | ArcGIS REST,Open,Open Government Licence v3.0,Official,https://geoportal.statistics.gov.uk/search?q=Rural+Urban+Classification+%E2%80%93+Lower+Layer+Super+Output+Areas,official_search_query,indexed_family_from_official_portal,,Official ONS Open Geography search URL; import resolver should replace with current ArcGIS item URL when uniquely resolved.,2026-09-04
inq-0549,Rural Urban Classification – Middle Layer Super Output Areas 2021,Office for National Statistics,ONS Open Geography Portal,United Kingdom,UK,Geospatial / GIS,Area classification,Lookup / identifiers | Context,GIS | Spatial join | Geocoding | Statistical geography,administrative / statistical geography,versioned,United Kingdom,Shapefile | GeoJSON | CSV | ArcGIS REST,Open,Open Government Licence v3.0,Official,https://geoportal.statistics.gov.uk/search?q=Rural+Urban+Classification+%E2%80%93+Middle+Layer+Super+Output+Areas+2021,official_search_query,indexed_family_from_official_portal,,Official ONS Open Geography search URL; import resolver should replace with current ArcGIS item URL when uniquely resolved.,2026-09-04
inq-0550,Rural Urban Classification – Middle Layer Super Output Areas,Office for National Statistics,ONS Open Geography Portal,United Kingdom,UK,Geospatial / GIS,Area classification,Lookup / identifiers | Context,GIS | Spatial join | Geocoding | Statistical geography,administrative / statistical geography,versioned,United Kingdom,Shapefile | GeoJSON | CSV | ArcGIS REST,Open,Open Government Licence v3.0,Official,https://geoportal.statistics.gov.uk/search?q=Rural+Urban+Classification+%E2%80%93+Middle+Layer+Super+Output+Areas,official_search_query,indexed_family_from_official_portal,,Official ONS Open Geography search URL; import resolver should replace with current ArcGIS item URL when uniquely resolved.,2026-09-04
inq-0551,Rural Urban Classification – NUTS 3,Office for National Statistics,ONS Open Geography Portal,United Kingdom,UK,Geospatial / GIS,Area classification,Lookup / identifiers | Context,GIS | Spatial join | Geocoding | Statistical geography,administrative / statistical geography,versioned,United Kingdom,Shapefile | GeoJSON | CSV | ArcGIS REST,Open,Open Government Licence v3.0,Official,https://geoportal.statistics.gov.uk/search?q=Rural+Urban+Classification+%E2%80%93+NUTS+3,official_search_query,indexed_family_from_official_portal,,Official ONS Open Geography search URL; import resolver should replace with current ArcGIS item URL when uniquely resolved.,2026-09-04
inq-0552,Rural Urban Classification – Output Areas 2021,Office for National Statistics,ONS Open Geography Portal,United Kingdom,UK,Geospatial / GIS,Area classification,Lookup / identifiers | Context,GIS | Spatial join | Geocoding | Statistical geography,administrative / statistical geography,versioned,United Kingdom,Shapefile | GeoJSON | CSV | ArcGIS REST,Open,Open Government Licence v3.0,Official,https://geoportal.statistics.gov.uk/search?q=Rural+Urban+Classification+%E2%80%93+Output+Areas+2021,official_search_query,indexed_family_from_official_portal,,Official ONS Open Geography search URL; import resolver should replace with current ArcGIS item URL when uniquely resolved.,2026-09-04
inq-0553,Rural Urban Classification – Output Areas,Office for National Statistics,ONS Open Geography Portal,United Kingdom,UK,Geospatial / GIS,Area classification,Lookup / identifiers | Context,GIS | Spatial join | Geocoding | Statistical geography,administrative / statistical geography,versioned,United Kingdom,Shapefile | GeoJSON | CSV | ArcGIS REST,Open,Open Government Licence v3.0,Official,https://geoportal.statistics.gov.uk/search?q=Rural+Urban+Classification+%E2%80%93+Output+Areas,official_search_query,indexed_family_from_official_portal,,Official ONS Open Geography search URL; import resolver should replace with current ArcGIS item URL when uniquely resolved.,2026-09-04
inq-0554,Rural Urban Classification – Parliamentary Constituencies,Office for National Statistics,ONS Open Geography Portal,United Kingdom,UK,Geospatial / GIS,Area classification,Lookup / identifiers | Context,GIS | Spatial join | Geocoding | Statistical geography,administrative / statistical geography,versioned,United Kingdom,Shapefile | GeoJSON | CSV | ArcGIS REST,Open,Open Government Licence v3.0,Official,https://geoportal.statistics.gov.uk/search?q=Rural+Urban+Classification+%E2%80%93+Parliamentary+Constituencies,official_search_query,indexed_family_from_official_portal,,Official ONS Open Geography search URL; import resolver should replace with current ArcGIS item URL when uniquely resolved.,2026-09-04
inq-0555,Rural Urban Classification – Senedd Constituencies,Office for National Statistics,ONS Open Geography Portal,United Kingdom,UK,Geospatial / GIS,Area classification,Lookup / identifiers | Context,GIS | Spatial join | Geocoding | Statistical geography,administrative / statistical geography,versioned,United Kingdom,Shapefile | GeoJSON | CSV | ArcGIS REST,Open,Open Government Licence v3.0,Official,https://geoportal.statistics.gov.uk/search?q=Rural+Urban+Classification+%E2%80%93+Senedd+Constituencies,official_search_query,indexed_family_from_official_portal,,Official ONS Open Geography search URL; import resolver should replace with current ArcGIS item URL when uniquely resolved.,2026-09-04
inq-0556,Rural Urban Classification – Upper Tier Local Authorities,Office for National Statistics,ONS Open Geography Portal,United Kingdom,UK,Geospatial / GIS,Area classification,Lookup / identifiers | Context,GIS | Spatial join | Geocoding | Statistical geography,administrative / statistical geography,versioned,United Kingdom,Shapefile | GeoJSON | CSV | ArcGIS REST,Open,Open Government Licence v3.0,Official,https://geoportal.statistics.gov.uk/search?q=Rural+Urban+Classification+%E2%80%93+Upper+Tier+Local+Authorities,official_search_query,indexed_family_from_official_portal,,Official ONS Open Geography search URL; import resolver should replace with current ArcGIS item URL when uniquely resolved.,2026-09-04
inq-0557,Rural Urban Classification – Wards,Office for National Statistics,ONS Open Geography Portal,United Kingdom,UK,Geospatial / GIS,Area classification,Lookup / identifiers | Context,GIS | Spatial join | Geocoding | Statistical geography,administrative / statistical geography,versioned,United Kingdom,Shapefile | GeoJSON | CSV | ArcGIS REST,Open,Open Government Licence v3.0,Official,https://geoportal.statistics.gov.uk/search?q=Rural+Urban+Classification+%E2%80%93+Wards,official_search_query,indexed_family_from_official_portal,,Official ONS Open Geography search URL; import resolver should replace with current ArcGIS item URL when uniquely resolved.,2026-09-04
inq-0558,Standard Area Measurements – Administrative,Office for National Statistics,ONS Open Geography Portal,United Kingdom,UK,Geospatial / GIS,Area measurement,Lookup / identifiers | Context,GIS | Spatial join | Geocoding | Statistical geography,administrative / statistical geography,versioned,United Kingdom,Shapefile | GeoJSON | CSV | ArcGIS REST,Open,Open Government Licence v3.0,Official,https://geoportal.statistics.gov.uk/search?q=Standard+Area+Measurements+%E2%80%93+Administrative,official_search_query,indexed_family_from_official_portal,,Official ONS Open Geography search URL; import resolver should replace with current ArcGIS item URL when uniquely resolved.,2026-09-04
inq-0559,Standard Area Measurements – 2021 Census,Office for National Statistics,ONS Open Geography Portal,United Kingdom,UK,Geospatial / GIS,Area measurement,Lookup / identifiers | Context,GIS | Spatial join | Geocoding | Statistical geography,administrative / statistical geography,versioned,United Kingdom,Shapefile | GeoJSON | CSV | ArcGIS REST,Open,Open Government Licence v3.0,Official,https://geoportal.statistics.gov.uk/search?q=Standard+Area+Measurements+%E2%80%93+2021+Census,official_search_query,indexed_family_from_official_portal,,Official ONS Open Geography search URL; import resolver should replace with current ArcGIS item URL when uniquely resolved.,2026-09-04
inq-0560,Standard Area Measurements – 2011 Census,Office for National Statistics,ONS Open Geography Portal,United Kingdom,UK,Geospatial / GIS,Area measurement,Lookup / identifiers | Context,GIS | Spatial join | Geocoding | Statistical geography,administrative / statistical geography,versioned,United Kingdom,Shapefile | GeoJSON | CSV | ArcGIS REST,Open,Open Government Licence v3.0,Official,https://geoportal.statistics.gov.uk/search?q=Standard+Area+Measurements+%E2%80%93+2011+Census,official_search_query,indexed_family_from_official_portal,,Official ONS Open Geography search URL; import resolver should replace with current ArcGIS item URL when uniquely resolved.,2026-09-04
inq-0561,Standard Area Measurements – Electoral,Office for National Statistics,ONS Open Geography Portal,United Kingdom,UK,Geospatial / GIS,Area measurement,Lookup / identifiers | Context,GIS | Spatial join | Geocoding | Statistical geography,administrative / statistical geography,versioned,United Kingdom,Shapefile | GeoJSON | CSV | ArcGIS REST,Open,Open Government Licence v3.0,Official,https://geoportal.statistics.gov.uk/search?q=Standard+Area+Measurements+%E2%80%93+Electoral,official_search_query,indexed_family_from_official_portal,,Official ONS Open Geography search URL; import resolver should replace with current ArcGIS item URL when uniquely resolved.,2026-09-04
inq-0562,Standard Area Measurements – Eurostat/OECD,Office for National Statistics,ONS Open Geography Portal,United Kingdom,UK,Geospatial / GIS,Area measurement,Lookup / identifiers | Context,GIS | Spatial join | Geocoding | Statistical geography,administrative / statistical geography,versioned,United Kingdom,Shapefile | GeoJSON | CSV | ArcGIS REST,Open,Open Government Licence v3.0,Official,https://geoportal.statistics.gov.uk/search?q=Standard+Area+Measurements+%E2%80%93+Eurostat%2FOECD,official_search_query,indexed_family_from_official_portal,,Official ONS Open Geography search URL; import resolver should replace with current ArcGIS item URL when uniquely resolved.,2026-09-04
inq-0563,Standard Area Measurements – Health,Office for National Statistics,ONS Open Geography Portal,United Kingdom,UK,Geospatial / GIS,Area measurement,Lookup / identifiers | Context,GIS | Spatial join | Geocoding | Statistical geography,administrative / statistical geography,versioned,United Kingdom,Shapefile | GeoJSON | CSV | ArcGIS REST,Open,Open Government Licence v3.0,Official,https://geoportal.statistics.gov.uk/search?q=Standard+Area+Measurements+%E2%80%93+Health,official_search_query,indexed_family_from_official_portal,,Official ONS Open Geography search URL; import resolver should replace with current ArcGIS item URL when uniquely resolved.,2026-09-04
inq-0564,Standard Area Measurements – Local Enterprise Partnerships,Office for National Statistics,ONS Open Geography Portal,United Kingdom,UK,Geospatial / GIS,Area measurement,Lookup / identifiers | Context,GIS | Spatial join | Geocoding | Statistical geography,administrative / statistical geography,versioned,United Kingdom,Shapefile | GeoJSON | CSV | ArcGIS REST,Open,Open Government Licence v3.0,Official,https://geoportal.statistics.gov.uk/search?q=Standard+Area+Measurements+%E2%80%93+Local+Enterprise+Partnerships,official_search_query,indexed_family_from_official_portal,,Official ONS Open Geography search URL; import resolver should replace with current ArcGIS item URL when uniquely resolved.,2026-09-04
inq-0565,Standard Area Measurements – National Parks,Office for National Statistics,ONS Open Geography Portal,United Kingdom,UK,Geospatial / GIS,Area measurement,Lookup / identifiers | Context,GIS | Spatial join | Geocoding | Statistical geography,administrative / statistical geography,versioned,United Kingdom,Shapefile | GeoJSON | CSV | ArcGIS REST,Open,Open Government Licence v3.0,Official,https://geoportal.statistics.gov.uk/search?q=Standard+Area+Measurements+%E2%80%93+National+Parks,official_search_query,indexed_family_from_official_portal,,Official ONS Open Geography search URL; import resolver should replace with current ArcGIS item URL when uniquely resolved.,2026-09-04
inq-0566,Standard Area Measurements – Parishes and Non-Civil Parished Areas,Office for National Statistics,ONS Open Geography Portal,United Kingdom,UK,Geospatial / GIS,Area measurement,Lookup / identifiers | Context,GIS | Spatial join | Geocoding | Statistical geography,administrative / statistical geography,versioned,United Kingdom,Shapefile | GeoJSON | CSV | ArcGIS REST,Open,Open Government Licence v3.0,Official,https://geoportal.statistics.gov.uk/search?q=Standard+Area+Measurements+%E2%80%93+Parishes+and+Non-Civil+Parished+Areas,official_search_query,indexed_family_from_official_portal,,Official ONS Open Geography search URL; import resolver should replace with current ArcGIS item URL when uniquely resolved.,2026-09-04
inq-0567,Standard Area Measurements – 2011 Travel to Work Areas,Office for National Statistics,ONS Open Geography Portal,United Kingdom,UK,Geospatial / GIS,Area measurement,Lookup / identifiers | Context,GIS | Spatial join | Geocoding | Statistical geography,administrative / statistical geography,versioned,United Kingdom,Shapefile | GeoJSON | CSV | ArcGIS REST,Open,Open Government Licence v3.0,Official,https://geoportal.statistics.gov.uk/search?q=Standard+Area+Measurements+%E2%80%93+2011+Travel+to+Work+Areas,official_search_query,indexed_family_from_official_portal,,Official ONS Open Geography search URL; import resolver should replace with current ArcGIS item URL when uniquely resolved.,2026-09-04
inq-0568,1:250 000 Scale Colour Raster,Ordnance Survey,OS Data Hub,United Kingdom,Great Britain,Geospatial / GIS,Maps and imagery,Geometry | Lookup / identifiers | Study boundary,GIS | Spatial analysis | Data linking,national vector/raster,current,Great Britain,GeoPackage | GML | Shapefile | CSV | Vector tiles,Open,Open Government Licence,Official,https://www.ordnancesurvey.co.uk/products/open-data,official_collection,collection_record_link_checked,,Legacy product URL returned 404 on 2026-09-04; official OpenData collection link substituted pending current product resolution.,2026-09-04
inq-0569,Boundary-Line,Ordnance Survey,OS Data Hub,United Kingdom,Great Britain,Geospatial / GIS,Areas and zones,Geometry | Lookup / identifiers | Study boundary,GIS | Spatial analysis | Data linking,national vector/raster,current,Great Britain,GeoPackage | GML | Shapefile | CSV | Vector tiles,Open,Open Government Licence,Official,https://www.ordnancesurvey.co.uk/products/boundary-line,direct_dataset,verified_official,,,2026-09-04
inq-0570,Code-Point Open,Ordnance Survey,OS Data Hub,United Kingdom,Great Britain,Geospatial / GIS,Addresses and names,Geometry | Lookup / identifiers | Study boundary,GIS | Spatial analysis | Data linking,national vector/raster,current,Great Britain,GeoPackage | GML | Shapefile | CSV | Vector tiles,Open,Open Government Licence,Official,https://www.ordnancesurvey.co.uk/products/code-point-open,direct_dataset,verified_official,,,2026-09-04
inq-0571,GB Overview Maps,Ordnance Survey,OS Data Hub,United Kingdom,Great Britain,Geospatial / GIS,Maps and imagery,Geometry | Lookup / identifiers | Study boundary,GIS | Spatial analysis | Data linking,national vector/raster,current,Great Britain,GeoPackage | GML | Shapefile | CSV | Vector tiles,Open,Open Government Licence,Official,https://www.ordnancesurvey.co.uk/products/open-data,official_collection,collection_record_link_checked,,Legacy product URL returned 404 on 2026-09-04; official OpenData collection link substituted pending current product resolution.,2026-09-04
inq-0572,MiniScale,Ordnance Survey,OS Data Hub,United Kingdom,Great Britain,Geospatial / GIS,Maps and imagery,Geometry | Lookup / identifiers | Study boundary,GIS | Spatial analysis | Data linking,national vector/raster,current,Great Britain,GeoPackage | GML | Shapefile | CSV | Vector tiles,Open,Open Government Licence,Official,https://www.ordnancesurvey.co.uk/products/miniscale,direct_dataset,verified_official,,,2026-09-04
inq-0573,OS Open Built Up Areas,Ordnance Survey,OS Data Hub,United Kingdom,Great Britain,Geospatial / GIS,Areas and zones,Geometry | Lookup / identifiers | Study boundary,GIS | Spatial analysis | Data linking,national vector/raster,current,Great Britain,GeoPackage | GML | Shapefile | CSV | Vector tiles,Open,Open Government Licence,Official,https://www.ordnancesurvey.co.uk/products/os-open-built-up-areas,direct_dataset,verified_official,,,2026-09-04
inq-0574,OS Open Greenspace,Ordnance Survey,OS Data Hub,United Kingdom,Great Britain,Geospatial / GIS,Land and terrain,Built environment | Context | Predictor,GIS | Spatial analysis | Data linking,national vector/raster,current,Great Britain,GeoPackage | GML | Shapefile | CSV | Vector tiles,Open,Open Government Licence,Official,https://www.ordnancesurvey.co.uk/products/os-open-greenspace,direct_dataset,verified_official,,,2026-09-04
inq-0575,OS Open Linked Identifiers,Ordnance Survey,OS Data Hub,United Kingdom,Great Britain,Geospatial / GIS,Identifiers,Geometry | Lookup / identifiers | Study boundary,GIS | Spatial analysis | Data linking,national vector/raster,current,Great Britain,GeoPackage | GML | Shapefile | CSV | Vector tiles,Open,Open Government Licence,Official,https://www.ordnancesurvey.co.uk/products/os-open-linked-identifiers,direct_dataset,verified_official,,,2026-09-04
inq-0576,OS Open Names,Ordnance Survey,OS Data Hub,United Kingdom,Great Britain,Geospatial / GIS,Addresses and names,Geometry | Lookup / identifiers | Study boundary,GIS | Spatial analysis | Data linking,national vector/raster,current,Great Britain,GeoPackage | GML | Shapefile | CSV | Vector tiles,Open,Open Government Licence,Official,https://www.ordnancesurvey.co.uk/products/os-open-names,direct_dataset,verified_official,,,2026-09-04
inq-0577,OS Open Rivers,Ordnance Survey,OS Data Hub,United Kingdom,Great Britain,Geospatial / GIS,Water,Geometry | Lookup / identifiers | Study boundary,GIS | Spatial analysis | Data linking,national vector/raster,current,Great Britain,GeoPackage | GML | Shapefile | CSV | Vector tiles,Open,Open Government Licence,Official,https://www.ordnancesurvey.co.uk/products/os-open-rivers,direct_dataset,verified_official,,,2026-09-04
inq-0578,OS Open Roads,Ordnance Survey,OS Data Hub,United Kingdom,Great Britain,Geospatial / GIS,Transport networks,Mobility / accessibility | Network | Lookup / identifiers,GIS | Spatial analysis | Data linking,national vector/raster,current,Great Britain,GeoPackage | GML | Shapefile | CSV | Vector tiles,Open,Open Government Licence,Official,https://www.ordnancesurvey.co.uk/products/os-open-roads,direct_dataset,verified_official,,,2026-09-04
inq-0579,OS Open TOID,Ordnance Survey,OS Data Hub,United Kingdom,Great Britain,Geospatial / GIS,Identifiers,Geometry | Lookup / identifiers | Study boundary,GIS | Spatial analysis | Data linking,national vector/raster,current,Great Britain,GeoPackage | GML | Shapefile | CSV | Vector tiles,Open,Open Government Licence,Official,https://www.ordnancesurvey.co.uk/products/os-open-toid,direct_dataset,verified_official,,,2026-09-04
inq-0580,OS Open UPRN,Ordnance Survey,OS Data Hub,United Kingdom,Great Britain,Geospatial / GIS,Addresses and names,Geometry | Lookup / identifiers | Study boundary,GIS | Spatial analysis | Data linking,national vector/raster,current,Great Britain,GeoPackage | GML | Shapefile | CSV | Vector tiles,Open,Open Government Licence,Official,https://www.ordnancesurvey.co.uk/products/os-open-uprn,direct_dataset,verified_official,,,2026-09-04
inq-0581,OS Open USRN,Ordnance Survey,OS Data Hub,United Kingdom,Great Britain,Geospatial / GIS,Transport networks,Mobility / accessibility | Network | Lookup / identifiers,GIS | Spatial analysis | Data linking,national vector/raster,current,Great Britain,GeoPackage | GML | Shapefile | CSV | Vector tiles,Open,Open Government Licence,Official,https://www.ordnancesurvey.co.uk/products/os-open-usrn,direct_dataset,verified_official,,,2026-09-04
inq-0582,OS Open Zoomstack,Ordnance Survey,OS Data Hub,United Kingdom,Great Britain,Geospatial / GIS,Maps and imagery,Geometry | Lookup / identifiers | Study boundary,GIS | Spatial analysis | Data linking,national vector/raster,current,Great Britain,GeoPackage | GML | Shapefile | CSV | Vector tiles,Open,Open Government Licence,Official,https://www.ordnancesurvey.co.uk/products/os-open-zoomstack,direct_dataset,verified_official,,,2026-09-04
inq-0583,OS OpenMap – Local,Ordnance Survey,OS Data Hub,United Kingdom,Great Britain,Geospatial / GIS,Maps and imagery,Geometry | Lookup / identifiers | Study boundary,GIS | Spatial analysis | Data linking,national vector/raster,current,Great Britain,GeoPackage | GML | Shapefile | CSV | Vector tiles,Open,Open Government Licence,Official,https://www.ordnancesurvey.co.uk/products/open-data,official_collection,collection_record_link_checked,,Legacy product URL returned 404 on 2026-09-04; official OpenData collection link substituted pending current product resolution.,2026-09-04
inq-0584,OS Terrain 50,Ordnance Survey,OS Data Hub,United Kingdom,Great Britain,Geospatial / GIS,Land and terrain,Built environment | Context | Predictor,GIS | Spatial analysis | Data linking,national vector/raster,current,Great Britain,GeoPackage | GML | Shapefile | CSV | Vector tiles,Open,Open Government Licence,Official,https://www.ordnancesurvey.co.uk/products/os-terrain-50,direct_dataset,verified_official,,,2026-09-04
inq-0585,OS VectorMap District,Ordnance Survey,OS Data Hub,United Kingdom,Great Britain,Geospatial / GIS,Maps and imagery,Geometry | Lookup / identifiers | Study boundary,GIS | Spatial analysis | Data linking,national vector/raster,current,Great Britain,GeoPackage | GML | Shapefile | CSV | Vector tiles,Open,Open Government Licence,Official,https://www.ordnancesurvey.co.uk/products/os-vectormap-district,direct_dataset,verified_official,,,2026-09-04
inq-0586,OS MasterMap Topography Layer,Ordnance Survey,OS Data Hub,United Kingdom,Great Britain,Geospatial / GIS,Maps and imagery,Built environment | Geometry | Lookup / identifiers,GIS | Spatial analysis | Building-stock analysis,feature-level,current,Great Britain,Download | API,Subscription / licensed,Product-specific OS licence,Official,https://www.ordnancesurvey.co.uk/products/search-for-os-products,official_product_catalogue,indexed_official_product,,Do not redistribute. Preserve entitlement/licence state; resolve direct product URL during ingestion.,2026-09-04
inq-0587,OS MasterMap Building Height Attribute,Ordnance Survey,OS Data Hub,United Kingdom,Great Britain,Geospatial / GIS,Buildings and infrastructure,Built environment | Geometry | Lookup / identifiers,GIS | Spatial analysis | Building-stock analysis,feature-level,current,Great Britain,Download | API,Subscription / licensed,Product-specific OS licence,Official,https://www.ordnancesurvey.co.uk/products/search-for-os-products,official_product_catalogue,indexed_official_product,,Do not redistribute. Preserve entitlement/licence state; resolve direct product URL during ingestion.,2026-09-04
inq-0588,OS Building Features,Ordnance Survey,OS Data Hub,United Kingdom,Great Britain,Geospatial / GIS,Buildings and infrastructure,Built environment | Geometry | Lookup / identifiers,GIS | Spatial analysis | Building-stock analysis,feature-level,current,Great Britain,Download | API,Subscription / licensed,Product-specific OS licence,Official,https://www.ordnancesurvey.co.uk/products/search-for-os-products,official_product_catalogue,indexed_official_product,,Do not redistribute. Preserve entitlement/licence state; resolve direct product URL during ingestion.,2026-09-04
inq-0589,OS Structure Features,Ordnance Survey,OS Data Hub,United Kingdom,Great Britain,Geospatial / GIS,Buildings and infrastructure,Built environment | Geometry | Lookup / identifiers,GIS | Spatial analysis | Building-stock analysis,feature-level,current,Great Britain,Download | API,Subscription / licensed,Product-specific OS licence,Official,https://www.ordnancesurvey.co.uk/products/search-for-os-products,official_product_catalogue,indexed_official_product,,Do not redistribute. Preserve entitlement/licence state; resolve direct product URL during ingestion.,2026-09-04
inq-0590,OS MasterMap Sites Layer,Ordnance Survey,OS Data Hub,United Kingdom,Great Britain,Geospatial / GIS,Land and terrain,Built environment | Geometry | Lookup / identifiers,GIS | Spatial analysis | Building-stock analysis,feature-level,current,Great Britain,Download | API,Subscription / licensed,Product-specific OS licence,Official,https://www.ordnancesurvey.co.uk/products/search-for-os-products,official_product_catalogue,indexed_official_product,,Do not redistribute. Preserve entitlement/licence state; resolve direct product URL during ingestion.,2026-09-04
inq-0591,OS Land Use Features,Ordnance Survey,OS Data Hub,United Kingdom,Great Britain,Geospatial / GIS,Land and terrain,Built environment | Geometry | Lookup / identifiers,GIS | Spatial analysis | Building-stock analysis,feature-level,current,Great Britain,Download | API,Subscription / licensed,Product-specific OS licence,Official,https://www.ordnancesurvey.co.uk/products/search-for-os-products,official_product_catalogue,indexed_official_product,,Do not redistribute. Preserve entitlement/licence state; resolve direct product URL during ingestion.,2026-09-04
inq-0592,OS Transport Network,Ordnance Survey,OS Data Hub,United Kingdom,Great Britain,Geospatial / GIS,Transport networks,Built environment | Geometry | Lookup / identifiers,GIS | Spatial analysis | Building-stock analysis,feature-level,current,Great Britain,Download | API,Subscription / licensed,Product-specific OS licence,Official,https://www.ordnancesurvey.co.uk/products/search-for-os-products,official_product_catalogue,indexed_official_product,,Do not redistribute. Preserve entitlement/licence state; resolve direct product URL during ingestion.,2026-09-04
inq-0593,OS MasterMap Highways Network - Roads,Ordnance Survey,OS Data Hub,United Kingdom,Great Britain,Geospatial / GIS,Transport networks,Built environment | Geometry | Lookup / identifiers,GIS | Spatial analysis | Building-stock analysis,feature-level,current,Great Britain,Download | API,Subscription / licensed,Product-specific OS licence,Official,https://www.ordnancesurvey.co.uk/products/search-for-os-products,official_product_catalogue,indexed_official_product,,Do not redistribute. Preserve entitlement/licence state; resolve direct product URL during ingestion.,2026-09-04
inq-0594,AddressBase Premium,Ordnance Survey,OS Data Hub,United Kingdom,Great Britain,Geospatial / GIS,Addresses and names,Built environment | Geometry | Lookup / identifiers,GIS | Spatial analysis | Building-stock analysis,feature-level,current,Great Britain,Download | API,Subscription / licensed,Product-specific OS licence,Official,https://www.ordnancesurvey.co.uk/products/search-for-os-products,official_product_catalogue,indexed_official_product,,Do not redistribute. Preserve entitlement/licence state; resolve direct product URL during ingestion.,2026-09-04
inq-0595,OS GB Postcodes,Ordnance Survey,OS Data Hub,United Kingdom,Great Britain,Geospatial / GIS,Areas and zones,Built environment | Geometry | Lookup / identifiers,GIS | Spatial analysis | Building-stock analysis,feature-level,current,Great Britain,Download | API,Subscription / licensed,Product-specific OS licence,Official,https://www.ordnancesurvey.co.uk/products/search-for-os-products,official_product_catalogue,indexed_official_product,,Do not redistribute. Preserve entitlement/licence state; resolve direct product URL during ingestion.,2026-09-04
inq-0596,Listed Buildings – polygons,Historic England,Historic England Open Data Hub,United Kingdom,England,Heritage,Heritage designation,Built environment | Policy / constraint | Study boundary,GIS | Heritage assessment | Planning analysis,feature / polygon / point,periodic,England,GIS download | API,Open,Open Government Licence,Official,https://historicengland.org.uk/listing/the-list/data-downloads/,official_collection,verified_collection_entry,,,2026-09-04
inq-0597,Listed Buildings – points,Historic England,Historic England Open Data Hub,United Kingdom,England,Heritage,Heritage designation,Built environment | Policy / constraint | Study boundary,GIS | Heritage assessment | Planning analysis,feature / polygon / point,periodic,England,GIS download | API,Open,Open Government Licence,Official,https://historicengland.org.uk/listing/the-list/data-downloads/,official_collection,verified_collection_entry,,,2026-09-04
inq-0598,Building Preservation Notices – polygons,Historic England,Historic England Open Data Hub,United Kingdom,England,Heritage,Heritage designation,Built environment | Policy / constraint | Study boundary,GIS | Heritage assessment | Planning analysis,feature / polygon / point,periodic,England,GIS download | API,Open,Open Government Licence,Official,https://historicengland.org.uk/listing/the-list/data-downloads/,official_collection,verified_collection_entry,,,2026-09-04
inq-0599,Building Preservation Notices – points,Historic England,Historic England Open Data Hub,United Kingdom,England,Heritage,Heritage designation,Built environment | Policy / constraint | Study boundary,GIS | Heritage assessment | Planning analysis,feature / polygon / point,periodic,England,GIS download | API,Open,Open Government Licence,Official,https://historicengland.org.uk/listing/the-list/data-downloads/,official_collection,verified_collection_entry,,,2026-09-04
inq-0600,Certificates of Immunity – polygons,Historic England,Historic England Open Data Hub,United Kingdom,England,Heritage,Heritage designation,Built environment | Policy / constraint | Study boundary,GIS | Heritage assessment | Planning analysis,feature / polygon / point,periodic,England,GIS download | API,Open,Open Government Licence,Official,https://historicengland.org.uk/listing/the-list/data-downloads/,official_collection,verified_collection_entry,,,2026-09-04
inq-0601,Certificates of Immunity – points,Historic England,Historic England Open Data Hub,United Kingdom,England,Heritage,Heritage designation,Built environment | Policy / constraint | Study boundary,GIS | Heritage assessment | Planning analysis,feature / polygon / point,periodic,England,GIS download | API,Open,Open Government Licence,Official,https://historicengland.org.uk/listing/the-list/data-downloads/,official_collection,verified_collection_entry,,,2026-09-04
inq-0602,Scheduled Monuments,Historic England,Historic England Open Data Hub,United Kingdom,England,Heritage,Heritage designation,Built environment | Policy / constraint | Study boundary,GIS | Heritage assessment | Planning analysis,feature / polygon / point,periodic,England,GIS download | API,Open,Open Government Licence,Official,https://historicengland.org.uk/listing/the-list/data-downloads/,official_collection,verified_collection_entry,,,2026-09-04
inq-0603,Registered Parks and Gardens,Historic England,Historic England Open Data Hub,United Kingdom,England,Heritage,Heritage designation,Built environment | Policy / constraint | Study boundary,GIS | Heritage assessment | Planning analysis,feature / polygon / point,periodic,England,GIS download | API,Open,Open Government Licence,Official,https://historicengland.org.uk/listing/the-list/data-downloads/,official_collection,verified_collection_entry,,,2026-09-04
inq-0604,Registered Battlefields,Historic England,Historic England Open Data Hub,United Kingdom,England,Heritage,Heritage designation,Built environment | Policy / constraint | Study boundary,GIS | Heritage assessment | Planning analysis,feature / polygon / point,periodic,England,GIS download | API,Open,Open Government Licence,Official,https://historicengland.org.uk/listing/the-list/data-downloads/,official_collection,verified_collection_entry,,,2026-09-04
inq-0605,Protected Wrecks,Historic England,Historic England Open Data Hub,United Kingdom,England,Heritage,Heritage designation,Built environment | Policy / constraint | Study boundary,GIS | Heritage assessment | Planning analysis,feature / polygon / point,periodic,England,GIS download | API,Open,Open Government Licence,Official,https://historicengland.org.uk/listing/the-list/data-downloads/,official_collection,verified_collection_entry,,,2026-09-04
inq-0606,World Heritage Sites,Historic England,Historic England Open Data Hub,United Kingdom,England,Heritage,Heritage designation,Built environment | Policy / constraint | Study boundary,GIS | Heritage assessment | Planning analysis,feature / polygon / point,periodic,England,GIS download | API,Open,Open Government Licence,Official,https://historicengland.org.uk/listing/the-list/data-downloads/,official_collection,verified_collection_entry,,,2026-09-04
inq-0607,De-Designated Sites,Historic England,Historic England Open Data Hub,United Kingdom,England,Heritage,Heritage designation,Built environment | Policy / constraint | Study boundary,GIS | Heritage assessment | Planning analysis,feature / polygon / point,periodic,England,GIS download | API,Open,Open Government Licence,Official,https://historicengland.org.uk/listing/the-list/data-downloads/,official_collection,verified_collection_entry,,,2026-09-04
inq-0608,Conservation Areas,Historic England,Historic England Open Data Hub,United Kingdom,England,Heritage,Heritage designation,Built environment | Policy / constraint | Study boundary,GIS | Heritage assessment | Planning analysis,feature / polygon / point,periodic,England,GIS download | API,Open,Open Government Licence,Official,https://historicengland.org.uk/listing/the-list/data-downloads/,official_collection,verified_collection_entry,,,2026-09-04
inq-0609,Heritage at Risk Register,Historic England,Historic England Open Data Hub,United Kingdom,England,Heritage,Heritage designation,Built environment | Policy / constraint | Study boundary,GIS | Heritage assessment | Planning analysis,feature / polygon / point,periodic,England,GIS download | API,Open,Open Government Licence,Official,https://historicengland.org.uk/listing/the-list/data-downloads/,official_collection,verified_collection_entry,,,2026-09-04
inq-0610,Greater London Archaeological Priority Areas,Historic England,Historic England Open Data Hub,United Kingdom,England,Heritage,Heritage designation,Built environment | Policy / constraint | Study boundary,GIS | Heritage assessment | Planning analysis,feature / polygon / point,periodic,England,GIS download | API,Open,Open Government Licence,Official,https://historicengland.org.uk/listing/the-list/data-downloads/,official_collection,verified_collection_entry,,,2026-09-04
inq-0611,Aerial Investigation Mapping,Historic England,Historic England Open Data Hub,United Kingdom,England,Heritage,Heritage designation,Built environment | Policy / constraint | Study boundary,GIS | Heritage assessment | Planning analysis,feature / polygon / point,periodic,England,GIS download | API,Open,Open Government Licence,Official,https://historicengland.org.uk/listing/the-list/data-downloads/,official_collection,verified_collection_entry,,,2026-09-04
inq-0612,LIDAR Composite Digital Terrain Model (DTM) – 1m,Environment Agency,Defra Data Services Platform,United Kingdom,England,Topography & Terrain,Terrain / elevation,Climate / exposure | Study boundary | Predictor,GIS | Risk analysis | Terrain analysis,raster / vector,current,England,GeoPackage | GeoJSON | GDB | WMS | WFS | OGC API,Open,Source-specific OGL / terms,Official,https://environment.data.gov.uk/dataset/13787b9a-26a4-4775-8523-806d13af58fc,direct_dataset,verified_official,,,2026-09-04
inq-0613,Flood Map for Planning – Flood Zones,Environment Agency,Defra Data Services Platform,United Kingdom,England,Flooding & Hazards,Flood risk,Climate / exposure | Study boundary | Predictor,GIS | Risk analysis | Terrain analysis,raster / vector,current,England,GeoPackage | GeoJSON | GDB | WMS | WFS | OGC API,Open,Source-specific OGL / terms,Official,https://environment.data.gov.uk/dataset/04532375-a198-476e-985e-0579a0a11b47,direct_dataset,verified_official,,,2026-09-04
inq-0614,Rivers and Sea 1in30 defended flood risk depths – present day,Environment Agency,Defra Data Services Platform,United Kingdom,England,Flooding & Hazards,Flood risk,Climate / exposure | Study boundary | Predictor,GIS | Risk analysis | Terrain analysis,raster / vector,current,England,GeoPackage | GeoJSON | GDB | WMS | WFS | OGC API,Open,Source-specific OGL / terms,Official,https://environment.data.gov.uk/dataset/767c96e6-b149-4744-9d4d-34b32f6c0e1b,direct_dataset,verified_official,,,2026-09-04
inq-0615,Rivers and Sea 1in30 defended flood risk depths – climate change,Environment Agency,Defra Data Services Platform,United Kingdom,England,Flooding & Hazards,Flood risk,Climate / exposure | Study boundary | Predictor,GIS | Risk analysis | Terrain analysis,raster / vector,current,England,GeoPackage | GeoJSON | GDB | WMS | WFS | OGC API,Open,Source-specific OGL / terms,Official,https://environment.data.gov.uk/dataset/defaf0fb-8574-46c6-bb2e-e6eb1a5e467a,direct_dataset,verified_official,,,2026-09-04
inq-0616,LIDAR Composite Digital Surface Model (DSM) – 1m,Environment Agency / Defra,Defra Data Services Platform,United Kingdom,England,Environment,Terrain / elevation,Climate / exposure | Context | Validation / reference,GIS | Environmental analysis,raster / vector,varies,England,OGC API | WMS | WFS | download,Open / check record,Dataset-specific,Official,https://environment.data.gov.uk/,official_collection,collection_record_link_checked,,Portal root substituted after legacy dataset URL returned 404 on 2026-09-04; resolve a current dataset UUID before publication.,2026-09-04
inq-0617,LIDAR Composite DTM – 2m,Environment Agency / Defra,Defra Data Services Platform,United Kingdom,England,Environment,Terrain / elevation,Climate / exposure | Context | Validation / reference,GIS | Environmental analysis,raster / vector,varies,England,OGC API | WMS | WFS | download,Open / check record,Dataset-specific,Official,https://environment.data.gov.uk/,official_collection,collection_record_link_checked,,Portal root substituted after legacy dataset URL returned 404 on 2026-09-04; resolve a current dataset UUID before publication.,2026-09-04
inq-0618,LIDAR Composite DSM – 2m,Environment Agency / Defra,Defra Data Services Platform,United Kingdom,England,Environment,Terrain / elevation,Climate / exposure | Context | Validation / reference,GIS | Environmental analysis,raster / vector,varies,England,OGC API | WMS | WFS | download,Open / check record,Dataset-specific,Official,https://environment.data.gov.uk/,official_collection,collection_record_link_checked,,Portal root substituted after legacy dataset URL returned 404 on 2026-09-04; resolve a current dataset UUID before publication.,2026-09-04
inq-0619,Risk of Flooding from Rivers and Sea,Environment Agency / Defra,Defra Data Services Platform,United Kingdom,England,Flooding & Hazards,Flood risk,Climate / exposure | Context | Validation / reference,GIS | Environmental analysis,raster / vector,varies,England,OGC API | WMS | WFS | download,Open / check record,Dataset-specific,Official,https://environment.data.gov.uk/,official_collection,collection_record_link_checked,,Portal root substituted after legacy dataset URL returned 404 on 2026-09-04; resolve a current dataset UUID before publication.,2026-09-04
inq-0620,Risk of Flooding from Surface Water,Environment Agency / Defra,Defra Data Services Platform,United Kingdom,England,Flooding & Hazards,Flood risk,Climate / exposure | Context | Validation / reference,GIS | Environmental analysis,raster / vector,varies,England,OGC API | WMS | WFS | download,Open / check record,Dataset-specific,Official,https://environment.data.gov.uk/,official_collection,collection_record_link_checked,,Portal root substituted after legacy dataset URL returned 404 on 2026-09-04; resolve a current dataset UUID before publication.,2026-09-04
inq-0621,Historic Flood Map,Environment Agency / Defra,Defra Data Services Platform,United Kingdom,England,Flooding & Hazards,Flood risk,Climate / exposure | Context | Validation / reference,GIS | Environmental analysis,raster / vector,varies,England,OGC API | WMS | WFS | download,Open / check record,Dataset-specific,Official,https://environment.data.gov.uk/,official_collection,collection_record_link_checked,,Portal root substituted after legacy dataset URL returned 404 on 2026-09-04; resolve a current dataset UUID before publication.,2026-09-04
inq-0622,Recorded Flood Outlines,Environment Agency / Defra,Defra Data Services Platform,United Kingdom,England,Flooding & Hazards,Flood risk,Climate / exposure | Context | Validation / reference,GIS | Environmental analysis,raster / vector,varies,England,OGC API | WMS | WFS | download,Open / check record,Dataset-specific,Official,https://environment.data.gov.uk/,official_collection,collection_record_link_checked,,Portal root substituted after legacy dataset URL returned 404 on 2026-09-04; resolve a current dataset UUID before publication.,2026-09-04
inq-0623,Flood Defences,Environment Agency / Defra,Defra Data Services Platform,United Kingdom,England,Flooding & Hazards,Flood defence,Climate / exposure | Context | Validation / reference,GIS | Environmental analysis,raster / vector,varies,England,OGC API | WMS | WFS | download,Open / check record,Dataset-specific,Official,https://environment.data.gov.uk/,official_collection,collection_record_link_checked,,Portal root substituted after legacy dataset URL returned 404 on 2026-09-04; resolve a current dataset UUID before publication.,2026-09-04
inq-0624,Areas Benefiting from Flood Defences,Environment Agency / Defra,Defra Data Services Platform,United Kingdom,England,Flooding & Hazards,Flood defence,Climate / exposure | Context | Validation / reference,GIS | Environmental analysis,raster / vector,varies,England,OGC API | WMS | WFS | download,Open / check record,Dataset-specific,Official,https://environment.data.gov.uk/,official_collection,collection_record_link_checked,,Portal root substituted after legacy dataset URL returned 404 on 2026-09-04; resolve a current dataset UUID before publication.,2026-09-04
inq-0625,Main River Map,Environment Agency / Defra,Defra Data Services Platform,United Kingdom,England,Environment,Hydrology,Climate / exposure | Context | Validation / reference,GIS | Environmental analysis,raster / vector,varies,England,OGC API | WMS | WFS | download,Open / check record,Dataset-specific,Official,https://environment.data.gov.uk/,official_collection,collection_record_link_checked,,Portal root substituted after legacy dataset URL returned 404 on 2026-09-04; resolve a current dataset UUID before publication.,2026-09-04
inq-0626,Water Framework Directive River Waterbodies,Environment Agency / Defra,Defra Data Services Platform,United Kingdom,England,Environment,Water quality,Climate / exposure | Context | Validation / reference,GIS | Environmental analysis,raster / vector,varies,England,OGC API | WMS | WFS | download,Open / check record,Dataset-specific,Official,https://environment.data.gov.uk/,official_collection,collection_record_link_checked,,Portal root substituted after legacy dataset URL returned 404 on 2026-09-04; resolve a current dataset UUID before publication.,2026-09-04
inq-0627,Air Quality monitoring / environmental data catalogue family,Environment Agency / Defra,Defra Data Services Platform,United Kingdom,England,Environment,Environment,Climate / exposure | Context | Validation / reference,GIS | Environmental analysis,raster / vector,varies,England,OGC API | WMS | WFS | download,Open / check record,Dataset-specific,Official,https://environment.data.gov.uk/,official_collection,collection_record_link_checked,,Portal root substituted after legacy dataset URL returned 404 on 2026-09-04; resolve a current dataset UUID before publication.,2026-09-04
inq-0628,HM Land Registry Price Paid Data – 1995,HM Land Registry,GOV.UK,United Kingdom,England and Wales,Land & Property,Property transactions,Economic / policy | Outcome | Validation / reference,Property-market analysis | Spatial economics | GIS,address / transaction,transaction event,England and Wales,CSV | TXT | Linked data,Open,Open Government Licence v3.0,Official,https://www.gov.uk/government/statistical-data-sets/price-paid-data-yearly-file,official_collection,year_partition_of_verified_dataset,"price, date, property type, tenure, address, locality, district, county",,2026-09-04
inq-0629,HM Land Registry Price Paid Data – 1996,HM Land Registry,GOV.UK,United Kingdom,England and Wales,Land & Property,Property transactions,Economic / policy | Outcome | Validation / reference,Property-market analysis | Spatial economics | GIS,address / transaction,transaction event,England and Wales,CSV | TXT | Linked data,Open,Open Government Licence v3.0,Official,https://www.gov.uk/government/statistical-data-sets/price-paid-data-yearly-file,official_collection,year_partition_of_verified_dataset,"price, date, property type, tenure, address, locality, district, county",,2026-09-04
inq-0630,HM Land Registry Price Paid Data – 1997,HM Land Registry,GOV.UK,United Kingdom,England and Wales,Land & Property,Property transactions,Economic / policy | Outcome | Validation / reference,Property-market analysis | Spatial economics | GIS,address / transaction,transaction event,England and Wales,CSV | TXT | Linked data,Open,Open Government Licence v3.0,Official,https://www.gov.uk/government/statistical-data-sets/price-paid-data-yearly-file,official_collection,year_partition_of_verified_dataset,"price, date, property type, tenure, address, locality, district, county",,2026-09-04
inq-0631,HM Land Registry Price Paid Data – 1998,HM Land Registry,GOV.UK,United Kingdom,England and Wales,Land & Property,Property transactions,Economic / policy | Outcome | Validation / reference,Property-market analysis | Spatial economics | GIS,address / transaction,transaction event,England and Wales,CSV | TXT | Linked data,Open,Open Government Licence v3.0,Official,https://www.gov.uk/government/statistical-data-sets/price-paid-data-yearly-file,official_collection,year_partition_of_verified_dataset,"price, date, property type, tenure, address, locality, district, county",,2026-09-04
inq-0632,HM Land Registry Price Paid Data – 1999,HM Land Registry,GOV.UK,United Kingdom,England and Wales,Land & Property,Property transactions,Economic / policy | Outcome | Validation / reference,Property-market analysis | Spatial economics | GIS,address / transaction,transaction event,England and Wales,CSV | TXT | Linked data,Open,Open Government Licence v3.0,Official,https://www.gov.uk/government/statistical-data-sets/price-paid-data-yearly-file,official_collection,year_partition_of_verified_dataset,"price, date, property type, tenure, address, locality, district, county",,2026-09-04
inq-0633,HM Land Registry Price Paid Data – 2000,HM Land Registry,GOV.UK,United Kingdom,England and Wales,Land & Property,Property transactions,Economic / policy | Outcome | Validation / reference,Property-market analysis | Spatial economics | GIS,address / transaction,transaction event,England and Wales,CSV | TXT | Linked data,Open,Open Government Licence v3.0,Official,https://www.gov.uk/government/statistical-data-sets/price-paid-data-yearly-file,official_collection,year_partition_of_verified_dataset,"price, date, property type, tenure, address, locality, district, county",,2026-09-04
inq-0634,HM Land Registry Price Paid Data – 2001,HM Land Registry,GOV.UK,United Kingdom,England and Wales,Land & Property,Property transactions,Economic / policy | Outcome | Validation / reference,Property-market analysis | Spatial economics | GIS,address / transaction,transaction event,England and Wales,CSV | TXT | Linked data,Open,Open Government Licence v3.0,Official,https://www.gov.uk/government/statistical-data-sets/price-paid-data-yearly-file,official_collection,year_partition_of_verified_dataset,"price, date, property type, tenure, address, locality, district, county",,2026-09-04
inq-0635,HM Land Registry Price Paid Data – 2002,HM Land Registry,GOV.UK,United Kingdom,England and Wales,Land & Property,Property transactions,Economic / policy | Outcome | Validation / reference,Property-market analysis | Spatial economics | GIS,address / transaction,transaction event,England and Wales,CSV | TXT | Linked data,Open,Open Government Licence v3.0,Official,https://www.gov.uk/government/statistical-data-sets/price-paid-data-yearly-file,official_collection,year_partition_of_verified_dataset,"price, date, property type, tenure, address, locality, district, county",,2026-09-04
inq-0636,HM Land Registry Price Paid Data – 2003,HM Land Registry,GOV.UK,United Kingdom,England and Wales,Land & Property,Property transactions,Economic / policy | Outcome | Validation / reference,Property-market analysis | Spatial economics | GIS,address / transaction,transaction event,England and Wales,CSV | TXT | Linked data,Open,Open Government Licence v3.0,Official,https://www.gov.uk/government/statistical-data-sets/price-paid-data-yearly-file,official_collection,year_partition_of_verified_dataset,"price, date, property type, tenure, address, locality, district, county",,2026-09-04
inq-0637,HM Land Registry Price Paid Data – 2004,HM Land Registry,GOV.UK,United Kingdom,England and Wales,Land & Property,Property transactions,Economic / policy | Outcome | Validation / reference,Property-market analysis | Spatial economics | GIS,address / transaction,transaction event,England and Wales,CSV | TXT | Linked data,Open,Open Government Licence v3.0,Official,https://www.gov.uk/government/statistical-data-sets/price-paid-data-yearly-file,official_collection,year_partition_of_verified_dataset,"price, date, property type, tenure, address, locality, district, county",,2026-09-04
inq-0638,HM Land Registry Price Paid Data – 2005,HM Land Registry,GOV.UK,United Kingdom,England and Wales,Land & Property,Property transactions,Economic / policy | Outcome | Validation / reference,Property-market analysis | Spatial economics | GIS,address / transaction,transaction event,England and Wales,CSV | TXT | Linked data,Open,Open Government Licence v3.0,Official,https://www.gov.uk/government/statistical-data-sets/price-paid-data-yearly-file,official_collection,year_partition_of_verified_dataset,"price, date, property type, tenure, address, locality, district, county",,2026-09-04
inq-0639,HM Land Registry Price Paid Data – 2006,HM Land Registry,GOV.UK,United Kingdom,England and Wales,Land & Property,Property transactions,Economic / policy | Outcome | Validation / reference,Property-market analysis | Spatial economics | GIS,address / transaction,transaction event,England and Wales,CSV | TXT | Linked data,Open,Open Government Licence v3.0,Official,https://www.gov.uk/government/statistical-data-sets/price-paid-data-yearly-file,official_collection,year_partition_of_verified_dataset,"price, date, property type, tenure, address, locality, district, county",,2026-09-04
inq-0640,HM Land Registry Price Paid Data – 2007,HM Land Registry,GOV.UK,United Kingdom,England and Wales,Land & Property,Property transactions,Economic / policy | Outcome | Validation / reference,Property-market analysis | Spatial economics | GIS,address / transaction,transaction event,England and Wales,CSV | TXT | Linked data,Open,Open Government Licence v3.0,Official,https://www.gov.uk/government/statistical-data-sets/price-paid-data-yearly-file,official_collection,year_partition_of_verified_dataset,"price, date, property type, tenure, address, locality, district, county",,2026-09-04
inq-0641,HM Land Registry Price Paid Data – 2008,HM Land Registry,GOV.UK,United Kingdom,England and Wales,Land & Property,Property transactions,Economic / policy | Outcome | Validation / reference,Property-market analysis | Spatial economics | GIS,address / transaction,transaction event,England and Wales,CSV | TXT | Linked data,Open,Open Government Licence v3.0,Official,https://www.gov.uk/government/statistical-data-sets/price-paid-data-yearly-file,official_collection,year_partition_of_verified_dataset,"price, date, property type, tenure, address, locality, district, county",,2026-09-04
inq-0642,HM Land Registry Price Paid Data – 2009,HM Land Registry,GOV.UK,United Kingdom,England and Wales,Land & Property,Property transactions,Economic / policy | Outcome | Validation / reference,Property-market analysis | Spatial economics | GIS,address / transaction,transaction event,England and Wales,CSV | TXT | Linked data,Open,Open Government Licence v3.0,Official,https://www.gov.uk/government/statistical-data-sets/price-paid-data-yearly-file,official_collection,year_partition_of_verified_dataset,"price, date, property type, tenure, address, locality, district, county",,2026-09-04
inq-0643,HM Land Registry Price Paid Data – 2010,HM Land Registry,GOV.UK,United Kingdom,England and Wales,Land & Property,Property transactions,Economic / policy | Outcome | Validation / reference,Property-market analysis | Spatial economics | GIS,address / transaction,transaction event,England and Wales,CSV | TXT | Linked data,Open,Open Government Licence v3.0,Official,https://www.gov.uk/government/statistical-data-sets/price-paid-data-yearly-file,official_collection,year_partition_of_verified_dataset,"price, date, property type, tenure, address, locality, district, county",,2026-09-04
inq-0644,HM Land Registry Price Paid Data – 2011,HM Land Registry,GOV.UK,United Kingdom,England and Wales,Land & Property,Property transactions,Economic / policy | Outcome | Validation / reference,Property-market analysis | Spatial economics | GIS,address / transaction,transaction event,England and Wales,CSV | TXT | Linked data,Open,Open Government Licence v3.0,Official,https://www.gov.uk/government/statistical-data-sets/price-paid-data-yearly-file,official_collection,year_partition_of_verified_dataset,"price, date, property type, tenure, address, locality, district, county",,2026-09-04
inq-0645,HM Land Registry Price Paid Data – 2012,HM Land Registry,GOV.UK,United Kingdom,England and Wales,Land & Property,Property transactions,Economic / policy | Outcome | Validation / reference,Property-market analysis | Spatial economics | GIS,address / transaction,transaction event,England and Wales,CSV | TXT | Linked data,Open,Open Government Licence v3.0,Official,https://www.gov.uk/government/statistical-data-sets/price-paid-data-yearly-file,official_collection,year_partition_of_verified_dataset,"price, date, property type, tenure, address, locality, district, county",,2026-09-04
inq-0646,HM Land Registry Price Paid Data – 2013,HM Land Registry,GOV.UK,United Kingdom,England and Wales,Land & Property,Property transactions,Economic / policy | Outcome | Validation / reference,Property-market analysis | Spatial economics | GIS,address / transaction,transaction event,England and Wales,CSV | TXT | Linked data,Open,Open Government Licence v3.0,Official,https://www.gov.uk/government/statistical-data-sets/price-paid-data-yearly-file,official_collection,year_partition_of_verified_dataset,"price, date, property type, tenure, address, locality, district, county",,2026-09-04
inq-0647,HM Land Registry Price Paid Data – 2014,HM Land Registry,GOV.UK,United Kingdom,England and Wales,Land & Property,Property transactions,Economic / policy | Outcome | Validation / reference,Property-market analysis | Spatial economics | GIS,address / transaction,transaction event,England and Wales,CSV | TXT | Linked data,Open,Open Government Licence v3.0,Official,https://www.gov.uk/government/statistical-data-sets/price-paid-data-yearly-file,official_collection,year_partition_of_verified_dataset,"price, date, property type, tenure, address, locality, district, county",,2026-09-04
inq-0648,HM Land Registry Price Paid Data – 2015,HM Land Registry,GOV.UK,United Kingdom,England and Wales,Land & Property,Property transactions,Economic / policy | Outcome | Validation / reference,Property-market analysis | Spatial economics | GIS,address / transaction,transaction event,England and Wales,CSV | TXT | Linked data,Open,Open Government Licence v3.0,Official,https://www.gov.uk/government/statistical-data-sets/price-paid-data-yearly-file,official_collection,year_partition_of_verified_dataset,"price, date, property type, tenure, address, locality, district, county",,2026-09-04
inq-0649,HM Land Registry Price Paid Data – 2016,HM Land Registry,GOV.UK,United Kingdom,England and Wales,Land & Property,Property transactions,Economic / policy | Outcome | Validation / reference,Property-market analysis | Spatial economics | GIS,address / transaction,transaction event,England and Wales,CSV | TXT | Linked data,Open,Open Government Licence v3.0,Official,https://www.gov.uk/government/statistical-data-sets/price-paid-data-yearly-file,official_collection,year_partition_of_verified_dataset,"price, date, property type, tenure, address, locality, district, county",,2026-09-04
inq-0650,HM Land Registry Price Paid Data – 2017,HM Land Registry,GOV.UK,United Kingdom,England and Wales,Land & Property,Property transactions,Economic / policy | Outcome | Validation / reference,Property-market analysis | Spatial economics | GIS,address / transaction,transaction event,England and Wales,CSV | TXT | Linked data,Open,Open Government Licence v3.0,Official,https://www.gov.uk/government/statistical-data-sets/price-paid-data-yearly-file,official_collection,year_partition_of_verified_dataset,"price, date, property type, tenure, address, locality, district, county",,2026-09-04
inq-0651,HM Land Registry Price Paid Data – 2018,HM Land Registry,GOV.UK,United Kingdom,England and Wales,Land & Property,Property transactions,Economic / policy | Outcome | Validation / reference,Property-market analysis | Spatial economics | GIS,address / transaction,transaction event,England and Wales,CSV | TXT | Linked data,Open,Open Government Licence v3.0,Official,https://www.gov.uk/government/statistical-data-sets/price-paid-data-yearly-file,official_collection,year_partition_of_verified_dataset,"price, date, property type, tenure, address, locality, district, county",,2026-09-04
inq-0652,HM Land Registry Price Paid Data – 2019,HM Land Registry,GOV.UK,United Kingdom,England and Wales,Land & Property,Property transactions,Economic / policy | Outcome | Validation / reference,Property-market analysis | Spatial economics | GIS,address / transaction,transaction event,England and Wales,CSV | TXT | Linked data,Open,Open Government Licence v3.0,Official,https://www.gov.uk/government/statistical-data-sets/price-paid-data-yearly-file,official_collection,year_partition_of_verified_dataset,"price, date, property type, tenure, address, locality, district, county",,2026-09-04
inq-0653,HM Land Registry Price Paid Data – 2020,HM Land Registry,GOV.UK,United Kingdom,England and Wales,Land & Property,Property transactions,Economic / policy | Outcome | Validation / reference,Property-market analysis | Spatial economics | GIS,address / transaction,transaction event,England and Wales,CSV | TXT | Linked data,Open,Open Government Licence v3.0,Official,https://www.gov.uk/government/statistical-data-sets/price-paid-data-yearly-file,official_collection,year_partition_of_verified_dataset,"price, date, property type, tenure, address, locality, district, county",,2026-09-04
inq-0654,HM Land Registry Price Paid Data – 2021,HM Land Registry,GOV.UK,United Kingdom,England and Wales,Land & Property,Property transactions,Economic / policy | Outcome | Validation / reference,Property-market analysis | Spatial economics | GIS,address / transaction,transaction event,England and Wales,CSV | TXT | Linked data,Open,Open Government Licence v3.0,Official,https://www.gov.uk/government/statistical-data-sets/price-paid-data-yearly-file,official_collection,year_partition_of_verified_dataset,"price, date, property type, tenure, address, locality, district, county",,2026-09-04
inq-0655,HM Land Registry Price Paid Data – 2022,HM Land Registry,GOV.UK,United Kingdom,England and Wales,Land & Property,Property transactions,Economic / policy | Outcome | Validation / reference,Property-market analysis | Spatial economics | GIS,address / transaction,transaction event,England and Wales,CSV | TXT | Linked data,Open,Open Government Licence v3.0,Official,https://www.gov.uk/government/statistical-data-sets/price-paid-data-yearly-file,official_collection,year_partition_of_verified_dataset,"price, date, property type, tenure, address, locality, district, county",,2026-09-04
inq-0656,HM Land Registry Price Paid Data – 2023,HM Land Registry,GOV.UK,United Kingdom,England and Wales,Land & Property,Property transactions,Economic / policy | Outcome | Validation / reference,Property-market analysis | Spatial economics | GIS,address / transaction,transaction event,England and Wales,CSV | TXT | Linked data,Open,Open Government Licence v3.0,Official,https://www.gov.uk/government/statistical-data-sets/price-paid-data-yearly-file,official_collection,year_partition_of_verified_dataset,"price, date, property type, tenure, address, locality, district, county",,2026-09-04
inq-0657,HM Land Registry Price Paid Data – 2024,HM Land Registry,GOV.UK,United Kingdom,England and Wales,Land & Property,Property transactions,Economic / policy | Outcome | Validation / reference,Property-market analysis | Spatial economics | GIS,address / transaction,transaction event,England and Wales,CSV | TXT | Linked data,Open,Open Government Licence v3.0,Official,https://www.gov.uk/government/statistical-data-sets/price-paid-data-yearly-file,official_collection,year_partition_of_verified_dataset,"price, date, property type, tenure, address, locality, district, county",,2026-09-04
inq-0658,HM Land Registry Price Paid Data – 2025,HM Land Registry,GOV.UK,United Kingdom,England and Wales,Land & Property,Property transactions,Economic / policy | Outcome | Validation / reference,Property-market analysis | Spatial economics | GIS,address / transaction,transaction event,England and Wales,CSV | TXT | Linked data,Open,Open Government Licence v3.0,Official,https://www.gov.uk/government/statistical-data-sets/price-paid-data-yearly-file,official_collection,year_partition_of_verified_dataset,"price, date, property type, tenure, address, locality, district, county",,2026-09-04
inq-0659,HM Land Registry Price Paid Data – 2026,HM Land Registry,GOV.UK,United Kingdom,England and Wales,Land & Property,Property transactions,Economic / policy | Outcome | Validation / reference,Property-market analysis | Spatial economics | GIS,address / transaction,transaction event,England and Wales,CSV | TXT | Linked data,Open,Open Government Licence v3.0,Official,https://www.gov.uk/government/statistical-data-sets/price-paid-data-yearly-file,official_collection,year_partition_of_verified_dataset,"price, date, property type, tenure, address, locality, district, county",,2026-09-04
inq-0660,Price Paid Data – complete single file,HM Land Registry,GOV.UK,United Kingdom,England and Wales,Land & Property,Property transactions / identifiers,Economic / policy | Lookup / identifiers | Outcome,Property-market analysis | Data linking | GIS,property / transaction,monthly,England and Wales,CSV | TXT | Linked data,Open,Open Government Licence v3.0,Official,https://www.gov.uk/government/statistical-data-sets/price-paid-data-single-file,official_collection,verified_official,,,2026-09-04
inq-0661,Transaction unique identifier and UPRN Look Up Table dataset,HM Land Registry,GOV.UK,United Kingdom,England and Wales,Land & Property,Property transactions / identifiers,Economic / policy | Lookup / identifiers | Outcome,Property-market analysis | Data linking | GIS,property / transaction,monthly,England and Wales,CSV | TXT | Linked data,Open,Open Government Licence v3.0,Official,https://www.gov.uk/government/statistical-data-sets/price-paid-data-downloads,official_collection,verified_official,,,2026-09-04
inq-0662,Transaction unique identifier and INSPIRE ID Look Up Table dataset,HM Land Registry,GOV.UK,United Kingdom,England and Wales,Land & Property,Property transactions / identifiers,Economic / policy | Lookup / identifiers | Outcome,Property-market analysis | Data linking | GIS,property / transaction,monthly,England and Wales,CSV | TXT | Linked data,Open,Open Government Licence v3.0,Official,https://www.gov.uk/government/statistical-data-sets/price-paid-data-downloads,official_collection,verified_official,,,2026-09-04
inq-0663,Subnational electricity consumption – local authority,Department for Energy Security and Net Zero,GOV.UK,United Kingdom,UK,Energy & Carbon,Electricity consumption,Outcome | Economic / policy | Validation / reference,Energy analysis | GIS | Housing vulnerability,LA / LSOA / MSOA / postcode,annual,Great Britain / UK depending release,CSV | ODS,Open,Open Government Licence,Official,https://www.gov.uk/government/collections/sub-national-electricity-consumption-data,official_collection,verified_series_family,,,2026-09-04
inq-0664,Subnational electricity consumption – LSOA/MSOA,Department for Energy Security and Net Zero,GOV.UK,United Kingdom,UK,Energy & Carbon,Electricity consumption,Outcome | Economic / policy | Validation / reference,Energy analysis | GIS | Housing vulnerability,LA / LSOA / MSOA / postcode,annual,Great Britain / UK depending release,CSV | ODS,Open,Open Government Licence,Official,https://www.gov.uk/government/collections/sub-national-electricity-consumption-data,official_collection,verified_series_family,,,2026-09-04
inq-0665,Subnational electricity consumption – postcode,Department for Energy Security and Net Zero,GOV.UK,United Kingdom,UK,Energy & Carbon,Electricity consumption,Outcome | Economic / policy | Validation / reference,Energy analysis | GIS | Housing vulnerability,LA / LSOA / MSOA / postcode,annual,Great Britain / UK depending release,CSV | ODS,Open,Open Government Licence,Official,https://www.gov.uk/government/collections/sub-national-electricity-consumption-data,official_collection,verified_series_family,,,2026-09-04
inq-0666,Prepayment electricity meter statistics,Department for Energy Security and Net Zero,GOV.UK,United Kingdom,UK,Energy & Carbon,Electricity consumption,Outcome | Economic / policy | Validation / reference,Energy analysis | GIS | Housing vulnerability,LA / LSOA / MSOA / postcode,annual,Great Britain / UK depending release,CSV | ODS,Open,Open Government Licence,Official,https://www.gov.uk/government/collections/sub-national-electricity-consumption-data,official_collection,verified_series_family,,,2026-09-04
inq-0667,Subnational gas consumption – local authority,Department for Energy Security and Net Zero,GOV.UK,United Kingdom,UK,Energy & Carbon,Gas consumption,Outcome | Economic / policy | Validation / reference,Energy analysis | GIS | Housing vulnerability,LA / LSOA / MSOA / postcode,annual,Great Britain / UK depending release,CSV | ODS,Open,Open Government Licence,Official,https://www.gov.uk/government/collections/sub-national-gas-consumption-data,official_collection,verified_series_family,,,2026-09-04
inq-0668,Subnational gas consumption – LSOA/MSOA,Department for Energy Security and Net Zero,GOV.UK,United Kingdom,UK,Energy & Carbon,Gas consumption,Outcome | Economic / policy | Validation / reference,Energy analysis | GIS | Housing vulnerability,LA / LSOA / MSOA / postcode,annual,Great Britain / UK depending release,CSV | ODS,Open,Open Government Licence,Official,https://www.gov.uk/government/collections/sub-national-gas-consumption-data,official_collection,verified_series_family,,,2026-09-04
inq-0669,Subnational gas consumption – postcode,Department for Energy Security and Net Zero,GOV.UK,United Kingdom,UK,Energy & Carbon,Gas consumption,Outcome | Economic / policy | Validation / reference,Energy analysis | GIS | Housing vulnerability,LA / LSOA / MSOA / postcode,annual,Great Britain / UK depending release,CSV | ODS,Open,Open Government Licence,Official,https://www.gov.uk/government/collections/sub-national-gas-consumption-data,official_collection,verified_series_family,,,2026-09-04
inq-0670,Households without mains gas,Department for Energy Security and Net Zero,GOV.UK,United Kingdom,UK,Energy & Carbon,Fuel / infrastructure,Outcome | Economic / policy | Validation / reference,Energy analysis | GIS | Housing vulnerability,LA / LSOA / MSOA / postcode,annual,Great Britain / UK depending release,CSV | ODS,Open,Open Government Licence,Official,https://www.gov.uk/government/collections/sub-national-gas-consumption-data,official_collection,verified_series_family,,,2026-09-04
inq-0671,Domestic Energy Performance Certificates – England and Wales,"Ministry of Housing, Communities and Local Government",Energy Performance of Buildings Data,United Kingdom,England and Wales,Buildings & Housing,Energy performance certificates,Built environment | Outcome | Predictor | Validation / reference,Building-stock analysis | Energy modelling | GIS | Retrofit analysis,certificate / property,event / certificate,England and Wales,CSV | API,Registration for bulk; API available,Service-specific licensing restrictions,Official,https://get-energy-performance-data.communities.gov.uk/,official_service,verified_official,,,2026-09-04
inq-0672,Non-domestic Energy Performance Certificates – England and Wales,"Ministry of Housing, Communities and Local Government",Energy Performance of Buildings Data,United Kingdom,England and Wales,Buildings & Housing,Energy performance certificates,Built environment | Outcome | Predictor | Validation / reference,Building-stock analysis | Energy modelling | GIS | Retrofit analysis,certificate / property,event / certificate,England and Wales,CSV | API,Registration for bulk; API available,Service-specific licensing restrictions,Official,https://get-energy-performance-data.communities.gov.uk/,official_service,verified_official,,,2026-09-04
inq-0673,Display Energy Certificates – England and Wales,"Ministry of Housing, Communities and Local Government",Energy Performance of Buildings Data,United Kingdom,England and Wales,Buildings & Housing,Energy performance certificates,Built environment | Outcome | Predictor | Validation / reference,Building-stock analysis | Energy modelling | GIS | Retrofit analysis,certificate / property,event / certificate,England and Wales,CSV | API,Registration for bulk; API available,Service-specific licensing restrictions,Official,https://get-energy-performance-data.communities.gov.uk/,official_service,verified_official,,,2026-09-04
inq-0674,"English Housing Survey – dwelling condition, security and fire safety","Ministry of Housing, Communities and Local Government",GOV.UK,United Kingdom,UK,Buildings & Housing,English Housing Survey,Built environment | Population / demographics | Outcome,Housing analysis | Survey analysis | Policy analysis,national survey / table,annual,England,ODS | XLSX | CSV,Open,Open Government Licence,Official,https://www.gov.uk/government/collections/english-housing-survey,official_collection,collection_series,,,2026-09-04
inq-0675,English Housing Survey – energy efficiency,"Ministry of Housing, Communities and Local Government",GOV.UK,United Kingdom,UK,Buildings & Housing,English Housing Survey,Built environment | Population / demographics | Outcome,Housing analysis | Survey analysis | Policy analysis,national survey / table,annual,England,ODS | XLSX | CSV,Open,Open Government Licence,Official,https://www.gov.uk/government/collections/english-housing-survey,official_collection,collection_series,,,2026-09-04
inq-0676,English Housing Survey – household characteristics,"Ministry of Housing, Communities and Local Government",GOV.UK,United Kingdom,UK,Buildings & Housing,English Housing Survey,Built environment | Population / demographics | Outcome,Housing analysis | Survey analysis | Policy analysis,national survey / table,annual,England,ODS | XLSX | CSV,Open,Open Government Licence,Official,https://www.gov.uk/government/collections/english-housing-survey,official_collection,collection_series,,,2026-09-04
inq-0677,English Housing Survey – housing costs and affordability,"Ministry of Housing, Communities and Local Government",GOV.UK,United Kingdom,UK,Buildings & Housing,English Housing Survey,Built environment | Population / demographics | Outcome,Housing analysis | Survey analysis | Policy analysis,national survey / table,annual,England,ODS | XLSX | CSV,Open,Open Government Licence,Official,https://www.gov.uk/government/collections/english-housing-survey,official_collection,collection_series,,,2026-09-04
inq-0678,English Housing Survey – tenure and demographics,"Ministry of Housing, Communities and Local Government",GOV.UK,United Kingdom,UK,Buildings & Housing,English Housing Survey,Built environment | Population / demographics | Outcome,Housing analysis | Survey analysis | Policy analysis,national survey / table,annual,England,ODS | XLSX | CSV,Open,Open Government Licence,Official,https://www.gov.uk/government/collections/english-housing-survey,official_collection,collection_series,,,2026-09-04
inq-0679,English Housing Survey – damp and mould,"Ministry of Housing, Communities and Local Government",GOV.UK,United Kingdom,UK,Buildings & Housing,English Housing Survey,Built environment | Population / demographics | Outcome,Housing analysis | Survey analysis | Policy analysis,national survey / table,annual,England,ODS | XLSX | CSV,Open,Open Government Licence,Official,https://www.gov.uk/government/collections/english-housing-survey,official_collection,collection_series,,,2026-09-04
inq-0680,English Housing Survey – Decent Homes,"Ministry of Housing, Communities and Local Government",GOV.UK,United Kingdom,UK,Buildings & Housing,English Housing Survey,Built environment | Population / demographics | Outcome,Housing analysis | Survey analysis | Policy analysis,national survey / table,annual,England,ODS | XLSX | CSV,Open,Open Government Licence,Official,https://www.gov.uk/government/collections/english-housing-survey,official_collection,collection_series,,,2026-09-04
inq-0681,English Housing Survey – accessibility and adaptations,"Ministry of Housing, Communities and Local Government",GOV.UK,United Kingdom,UK,Buildings & Housing,English Housing Survey,Built environment | Population / demographics | Outcome,Housing analysis | Survey analysis | Policy analysis,national survey / table,annual,England,ODS | XLSX | CSV,Open,Open Government Licence,Official,https://www.gov.uk/government/collections/english-housing-survey,official_collection,collection_series,,,2026-09-04
inq-0682,English Housing Survey – private rented sector,"Ministry of Housing, Communities and Local Government",GOV.UK,United Kingdom,UK,Buildings & Housing,English Housing Survey,Built environment | Population / demographics | Outcome,Housing analysis | Survey analysis | Policy analysis,national survey / table,annual,England,ODS | XLSX | CSV,Open,Open Government Licence,Official,https://www.gov.uk/government/collections/english-housing-survey,official_collection,collection_series,,,2026-09-04
inq-0683,English Housing Survey – social rented sector,"Ministry of Housing, Communities and Local Government",GOV.UK,United Kingdom,UK,Buildings & Housing,English Housing Survey,Built environment | Population / demographics | Outcome,Housing analysis | Survey analysis | Policy analysis,national survey / table,annual,England,ODS | XLSX | CSV,Open,Open Government Licence,Official,https://www.gov.uk/government/collections/english-housing-survey,official_collection,collection_series,,,2026-09-04
inq-0684,Index of Multiple Deprivation 2025,"Ministry of Housing, Communities and Local Government",GOV.UK,United Kingdom,England,Population & Demographics,Deprivation,Population / demographics | Economic / policy | Predictor | Context,GIS | Social analysis | Vulnerability analysis,LSOA / local authority,2025 release,England,XLSX | CSV,Open,Open Government Licence,Official,https://www.gov.uk/government/statistics/english-indices-of-deprivation-2025,official_collection,verified_release,,,2026-09-04
inq-0685,Income Deprivation Domain 2025,"Ministry of Housing, Communities and Local Government",GOV.UK,United Kingdom,England,Population & Demographics,Deprivation,Population / demographics | Economic / policy | Predictor | Context,GIS | Social analysis | Vulnerability analysis,LSOA / local authority,2025 release,England,XLSX | CSV,Open,Open Government Licence,Official,https://www.gov.uk/government/statistics/english-indices-of-deprivation-2025,official_collection,verified_release,,,2026-09-04
inq-0686,Employment Deprivation Domain 2025,"Ministry of Housing, Communities and Local Government",GOV.UK,United Kingdom,England,Population & Demographics,Deprivation,Population / demographics | Economic / policy | Predictor | Context,GIS | Social analysis | Vulnerability analysis,LSOA / local authority,2025 release,England,XLSX | CSV,Open,Open Government Licence,Official,https://www.gov.uk/government/statistics/english-indices-of-deprivation-2025,official_collection,verified_release,,,2026-09-04
inq-0687,Education Skills and Training Deprivation Domain 2025,"Ministry of Housing, Communities and Local Government",GOV.UK,United Kingdom,England,Population & Demographics,Deprivation,Population / demographics | Economic / policy | Predictor | Context,GIS | Social analysis | Vulnerability analysis,LSOA / local authority,2025 release,England,XLSX | CSV,Open,Open Government Licence,Official,https://www.gov.uk/government/statistics/english-indices-of-deprivation-2025,official_collection,verified_release,,,2026-09-04
inq-0688,Health Deprivation and Disability Domain 2025,"Ministry of Housing, Communities and Local Government",GOV.UK,United Kingdom,England,Population & Demographics,Deprivation,Population / demographics | Economic / policy | Predictor | Context,GIS | Social analysis | Vulnerability analysis,LSOA / local authority,2025 release,England,XLSX | CSV,Open,Open Government Licence,Official,https://www.gov.uk/government/statistics/english-indices-of-deprivation-2025,official_collection,verified_release,,,2026-09-04
inq-0689,Crime Domain 2025,"Ministry of Housing, Communities and Local Government",GOV.UK,United Kingdom,England,Population & Demographics,Deprivation,Population / demographics | Economic / policy | Predictor | Context,GIS | Social analysis | Vulnerability analysis,LSOA / local authority,2025 release,England,XLSX | CSV,Open,Open Government Licence,Official,https://www.gov.uk/government/statistics/english-indices-of-deprivation-2025,official_collection,verified_release,,,2026-09-04
inq-0690,Barriers to Housing and Services Domain 2025,"Ministry of Housing, Communities and Local Government",GOV.UK,United Kingdom,England,Population & Demographics,Deprivation,Population / demographics | Economic / policy | Predictor | Context,GIS | Social analysis | Vulnerability analysis,LSOA / local authority,2025 release,England,XLSX | CSV,Open,Open Government Licence,Official,https://www.gov.uk/government/statistics/english-indices-of-deprivation-2025,official_collection,verified_release,,,2026-09-04
inq-0691,Living Environment Deprivation Domain 2025,"Ministry of Housing, Communities and Local Government",GOV.UK,United Kingdom,England,Population & Demographics,Deprivation,Population / demographics | Economic / policy | Predictor | Context,GIS | Social analysis | Vulnerability analysis,LSOA / local authority,2025 release,England,XLSX | CSV,Open,Open Government Licence,Official,https://www.gov.uk/government/statistics/english-indices-of-deprivation-2025,official_collection,verified_release,,,2026-09-04
inq-0692,Income Deprivation Affecting Children Index 2025,"Ministry of Housing, Communities and Local Government",GOV.UK,United Kingdom,England,Population & Demographics,Deprivation,Population / demographics | Economic / policy | Predictor | Context,GIS | Social analysis | Vulnerability analysis,LSOA / local authority,2025 release,England,XLSX | CSV,Open,Open Government Licence,Official,https://www.gov.uk/government/statistics/english-indices-of-deprivation-2025,official_collection,verified_release,,,2026-09-04
inq-0693,Income Deprivation Affecting Older People Index 2025,"Ministry of Housing, Communities and Local Government",GOV.UK,United Kingdom,England,Population & Demographics,Deprivation,Population / demographics | Economic / policy | Predictor | Context,GIS | Social analysis | Vulnerability analysis,LSOA / local authority,2025 release,England,XLSX | CSV,Open,Open Government Licence,Official,https://www.gov.uk/government/statistics/english-indices-of-deprivation-2025,official_collection,verified_release,,,2026-09-04
inq-0694,Road Traffic Average Annual Daily Flow,Department for Transport,DfT,United Kingdom,UK,Transport & Mobility,Road traffic,Mobility / accessibility | Network | Outcome,Network analysis | GIS | Accessibility analysis,point / network / LA,varies,Great Britain / England depending dataset,JSON API | CSV | XML,Open,Open Government Licence,Official,https://roadtraffic.dft.gov.uk/api/average-annual-daily-flow,api_endpoint,verified_official,,,2026-09-04
inq-0695,Road Traffic Count Points,Department for Transport,DfT,United Kingdom,UK,Transport & Mobility,Road network / traffic,Mobility / accessibility | Network | Outcome,Network analysis | GIS | Accessibility analysis,point / network / LA,varies,Great Britain / England depending dataset,JSON API | CSV | XML,Open,Open Government Licence,Official,https://roadtraffic.dft.gov.uk/api/count-points,api_endpoint,verified_official,,,2026-09-04
inq-0696,Road Traffic Raw Counts,Department for Transport,DfT,United Kingdom,UK,Transport & Mobility,Road traffic,Mobility / accessibility | Network | Outcome,Network analysis | GIS | Accessibility analysis,point / network / LA,varies,Great Britain / England depending dataset,JSON API | CSV | XML,Open,Open Government Licence,Official,https://roadtraffic.dft.gov.uk/api/raw-counts,api_endpoint,verified_official,,,2026-09-04
inq-0697,NaPTAN Public Transport Access Nodes,Department for Transport,DfT,United Kingdom,UK,Transport & Mobility,Public transport,Mobility / accessibility | Network | Outcome,Network analysis | GIS | Accessibility analysis,point / network / LA,varies,Great Britain / England depending dataset,JSON API | CSV | XML,Open,Open Government Licence,Official,https://www.gov.uk/government/publications/national-public-transport-access-node-schema,official_collection,verified_official,,,2026-09-04
inq-0698,Bus Open Data Service – timetables,Department for Transport,DfT,United Kingdom,UK,Transport & Mobility,Public transport,Mobility / accessibility | Network | Outcome,Network analysis | GIS | Accessibility analysis,point / network / LA,varies,Great Britain / England depending dataset,JSON API | CSV | XML,Open,Open Government Licence,Official,https://www.gov.uk/government/collections/bus-open-data-service,official_collection,collection_record_link_checked,,The bus-data landing page blocked the automated health check on 2026-09-04; a GOV.UK collection page is used pending service-specific resolution.,2026-09-04
inq-0699,Bus Open Data Service – vehicle locations,Department for Transport,DfT,United Kingdom,UK,Transport & Mobility,Public transport,Mobility / accessibility | Network | Outcome,Network analysis | GIS | Accessibility analysis,point / network / LA,varies,Great Britain / England depending dataset,JSON API | CSV | XML,Open,Open Government Licence,Official,https://www.gov.uk/government/collections/bus-open-data-service,official_collection,collection_record_link_checked,,The bus-data landing page blocked the automated health check on 2026-09-04; a GOV.UK collection page is used pending service-specific resolution.,2026-09-04
inq-0700,Bus Open Data Service – fares,Department for Transport,DfT,United Kingdom,UK,Transport & Mobility,Public transport,Mobility / accessibility | Network | Outcome,Network analysis | GIS | Accessibility analysis,point / network / LA,varies,Great Britain / England depending dataset,JSON API | CSV | XML,Open,Open Government Licence,Official,https://www.gov.uk/government/collections/bus-open-data-service,official_collection,collection_record_link_checked,,The bus-data landing page blocked the automated health check on 2026-09-04; a GOV.UK collection page is used pending service-specific resolution.,2026-09-04
inq-0701,Public electric vehicle charging device statistics,Department for Transport,DfT,United Kingdom,UK,Transport & Mobility,EV infrastructure,Mobility / accessibility | Network | Outcome,Network analysis | GIS | Accessibility analysis,point / network / LA,varies,Great Britain / England depending dataset,JSON API | CSV | XML,Open,Open Government Licence,Official,https://www.gov.uk/government/collections/electric-vehicle-charging-infrastructure-statistics,official_collection,verified_official,,,2026-09-04
inq-0702,Police.uk Street-level crime,Home Office / UK police forces,data.police.uk,United Kingdom,UK,Crime & Safety,Crime and policing,Outcome | Context | Population / demographics,GIS | Safety analysis | Urban analysis,approximate street / force,monthly,"England, Wales and Northern Ireland",JSON API | CSV bulk,Open,Open Government Licence v3.0,Official,https://data.police.uk/docs/method/crime-street/,api_documentation,verified_official,,,2026-09-04
inq-0703,Police.uk Crimes at a location,Home Office / UK police forces,data.police.uk,United Kingdom,UK,Crime & Safety,Crime and policing,Outcome | Context | Population / demographics,GIS | Safety analysis | Urban analysis,approximate street / force,monthly,"England, Wales and Northern Ireland",JSON API | CSV bulk,Open,Open Government Licence v3.0,Official,https://data.police.uk/docs/method/crimes-at-location/,api_documentation,verified_official,,,2026-09-04
inq-0704,Police.uk Stop and search by force,Home Office / UK police forces,data.police.uk,United Kingdom,UK,Crime & Safety,Crime and policing,Outcome | Context | Population / demographics,GIS | Safety analysis | Urban analysis,approximate street / force,monthly,"England, Wales and Northern Ireland",JSON API | CSV bulk,Open,Open Government Licence v3.0,Official,https://data.police.uk/docs/method/stops-force/,api_documentation,verified_official,,,2026-09-04
inq-0705,Police.uk Crime categories,Home Office / UK police forces,data.police.uk,United Kingdom,UK,Crime & Safety,Crime and policing,Outcome | Context | Population / demographics,GIS | Safety analysis | Urban analysis,approximate street / force,monthly,"England, Wales and Northern Ireland",JSON API | CSV bulk,Open,Open Government Licence v3.0,Official,https://data.police.uk/docs/method/crime-categories/,api_documentation,verified_official,,,2026-09-04
inq-0706,Police.uk Crime data availability,Home Office / UK police forces,data.police.uk,United Kingdom,UK,Crime & Safety,Crime and policing,Outcome | Context | Population / demographics,GIS | Safety analysis | Urban analysis,approximate street / force,monthly,"England, Wales and Northern Ireland",JSON API | CSV bulk,Open,Open Government Licence v3.0,Official,https://data.police.uk/docs/method/crimes-street-dates/,api_documentation,verified_official,,,2026-09-04
inq-0707,Wider Determinants – road casualties,Department of Health and Social Care,Fingertips,United Kingdom,England,Health & Wellbeing,Natural and built environment,Outcome | Population / demographics | Context,Public-health analysis | GIS | Place analysis,LA / public health geographies,annual / latest,England,CSV | JSON API,Open,Open Government Licence,Official,https://fingertips.phe.org.uk/profile/wider-determinants/data,official_profile,verified_indicator_family,,,2026-09-04
inq-0708,Wider Determinants – noise complaints,Department of Health and Social Care,Fingertips,United Kingdom,England,Health & Wellbeing,Natural and built environment,Outcome | Population / demographics | Context,Public-health analysis | GIS | Place analysis,LA / public health geographies,annual / latest,England,CSV | JSON API,Open,Open Government Licence,Official,https://fingertips.phe.org.uk/profile/wider-determinants/data,official_profile,verified_indicator_family,,,2026-09-04
inq-0709,Wider Determinants – population exposed to daytime transport noise,Department of Health and Social Care,Fingertips,United Kingdom,England,Health & Wellbeing,Natural and built environment,Outcome | Population / demographics | Context,Public-health analysis | GIS | Place analysis,LA / public health geographies,annual / latest,England,CSV | JSON API,Open,Open Government Licence,Official,https://fingertips.phe.org.uk/profile/wider-determinants/data,official_profile,verified_indicator_family,,,2026-09-04
inq-0710,Wider Determinants – population exposed to night-time transport noise,Department of Health and Social Care,Fingertips,United Kingdom,England,Health & Wellbeing,Natural and built environment,Outcome | Population / demographics | Context,Public-health analysis | GIS | Place analysis,LA / public health geographies,annual / latest,England,CSV | JSON API,Open,Open Government Licence,Official,https://fingertips.phe.org.uk/profile/wider-determinants/data,official_profile,verified_indicator_family,,,2026-09-04
inq-0711,Wider Determinants – Access to Healthy Assets & Hazards Index,Department of Health and Social Care,Fingertips,United Kingdom,England,Health & Wellbeing,Natural and built environment,Outcome | Population / demographics | Context,Public-health analysis | GIS | Place analysis,LA / public health geographies,annual / latest,England,CSV | JSON API,Open,Open Government Licence,Official,https://fingertips.phe.org.uk/profile/wider-determinants/data,official_profile,verified_indicator_family,,,2026-09-04
inq-0712,Wider Determinants – fast food outlets,Department of Health and Social Care,Fingertips,United Kingdom,England,Health & Wellbeing,Natural and built environment,Outcome | Population / demographics | Context,Public-health analysis | GIS | Place analysis,LA / public health geographies,annual / latest,England,CSV | JSON API,Open,Open Government Licence,Official,https://fingertips.phe.org.uk/profile/wider-determinants/data,official_profile,verified_indicator_family,,,2026-09-04
inq-0713,Wider Determinants – air pollution PM2.5,Department of Health and Social Care,Fingertips,United Kingdom,England,Health & Wellbeing,Natural and built environment,Outcome | Population / demographics | Context,Public-health analysis | GIS | Place analysis,LA / public health geographies,annual / latest,England,CSV | JSON API,Open,Open Government Licence,Official,https://fingertips.phe.org.uk/profile/wider-determinants/data,official_profile,verified_indicator_family,,,2026-09-04
inq-0714,Wider Determinants – affordability of home ownership,Department of Health and Social Care,Fingertips,United Kingdom,England,Health & Wellbeing,Natural and built environment,Outcome | Population / demographics | Context,Public-health analysis | GIS | Place analysis,LA / public health geographies,annual / latest,England,CSV | JSON API,Open,Open Government Licence,Official,https://fingertips.phe.org.uk/profile/wider-determinants/data,official_profile,verified_indicator_family,,,2026-09-04
inq-0715,Wider Determinants – fuel poverty,Department of Health and Social Care,Fingertips,United Kingdom,England,Health & Wellbeing,Natural and built environment,Outcome | Population / demographics | Context,Public-health analysis | GIS | Place analysis,LA / public health geographies,annual / latest,England,CSV | JSON API,Open,Open Government Licence,Official,https://fingertips.phe.org.uk/profile/wider-determinants/data,official_profile,verified_indicator_family,,,2026-09-04
inq-0716,Wider Determinants – natural and built environment indicators,Department of Health and Social Care,Fingertips,United Kingdom,England,Health & Wellbeing,Natural and built environment,Outcome | Population / demographics | Context,Public-health analysis | GIS | Place analysis,LA / public health geographies,annual / latest,England,CSV | JSON API,Open,Open Government Licence,Official,https://fingertips.phe.org.uk/profile/wider-determinants/data,official_profile,verified_indicator_family,,,2026-09-04
inq-0717,NISRA Census 2021 Data Zone boundaries,Northern Ireland Statistics and Research Agency,NISRA,United Kingdom,Northern Ireland,Population & Demographics,Census geography,Population / demographics | Study boundary | Lookup / identifiers,GIS | Census analysis | Spatial join,statistical geography,census / current,Northern Ireland,CSV | GeoJSON | Shapefile | GDB,Open,Open Government Licence,Official,https://www.nisra.gov.uk/support/geography/data-zones-census-2021,official_collection,verified_official,,,2026-09-04
inq-0718,NISRA Census 2021 Super Data Zone boundaries,Northern Ireland Statistics and Research Agency,NISRA,United Kingdom,Northern Ireland,Population & Demographics,Census geography,Population / demographics | Study boundary | Lookup / identifiers,GIS | Census analysis | Spatial join,statistical geography,census / current,Northern Ireland,CSV | GeoJSON | Shapefile | GDB,Open,Open Government Licence,Official,https://www.nisra.gov.uk/support/geography/super-data-zones-census-2021,official_collection,verified_official,,,2026-09-04
inq-0719,NISRA Census 2021 Grid Square 1km,Northern Ireland Statistics and Research Agency,NISRA,United Kingdom,Northern Ireland,Population & Demographics,Census grid,Population / demographics | Study boundary | Lookup / identifiers,GIS | Census analysis | Spatial join,statistical geography,census / current,Northern Ireland,CSV | GeoJSON | Shapefile | GDB,Open,Open Government Licence,Official,https://www.nisra.gov.uk/publications/census-2021-grid-square-product-northern-ireland,official_collection,verified_official,,,2026-09-04
inq-0720,NISRA Census 2021 Grid Square 100m,Northern Ireland Statistics and Research Agency,NISRA,United Kingdom,Northern Ireland,Population & Demographics,Census grid,Population / demographics | Study boundary | Lookup / identifiers,GIS | Census analysis | Spatial join,statistical geography,census / current,Northern Ireland,CSV | GeoJSON | Shapefile | GDB,Open,Open Government Licence,Official,https://www.nisra.gov.uk/publications/census-2021-grid-square-product-northern-ireland,official_collection,verified_official,,,2026-09-04
inq-0721,NISRA Central Postcode Directory,Northern Ireland Statistics and Research Agency,NISRA,United Kingdom,Northern Ireland,Geospatial / GIS,Postcode,Population / demographics | Study boundary | Lookup / identifiers,GIS | Census analysis | Spatial join,statistical geography,census / current,Northern Ireland,CSV | GeoJSON | Shapefile | GDB,Open,Open Government Licence,Official,https://www.nisra.gov.uk/support/geography,official_collection,verified_official,,,2026-09-04
inq-0722,NISRA Geography Lookups,Northern Ireland Statistics and Research Agency,NISRA,United Kingdom,Northern Ireland,Geospatial / GIS,Geography lookup,Population / demographics | Study boundary | Lookup / identifiers,GIS | Census analysis | Spatial join,statistical geography,census / current,Northern Ireland,CSV | GeoJSON | Shapefile | GDB,Open,Open Government Licence,Official,https://www.nisra.gov.uk/support/geography/geography-lookups,official_collection,verified_official,,,2026-09-04
inq-0723,NISRA Census 2021 downloadable datasets,Northern Ireland Statistics and Research Agency,NISRA,United Kingdom,Northern Ireland,Population & Demographics,Census,Population / demographics | Study boundary | Lookup / identifiers,GIS | Census analysis | Spatial join,statistical geography,census / current,Northern Ireland,CSV | GeoJSON | Shapefile | GDB,Open,Open Government Licence,Official,https://www.nisra.gov.uk/statistics/census/find-census-data-you-need,official_collection,verified_official,,,2026-09-04
inq-0724,NISRA Census 2011 downloadable datasets,Northern Ireland Statistics and Research Agency,NISRA,United Kingdom,Northern Ireland,Population & Demographics,Census,Population / demographics | Study boundary | Lookup / identifiers,GIS | Census analysis | Spatial join,statistical geography,census / current,Northern Ireland,CSV | GeoJSON | Shapefile | GDB,Open,Open Government Licence,Official,https://www.nisra.gov.uk/statistics/census/find-census-data-you-need,official_collection,verified_official,,,2026-09-04
inq-0725,NISRA Census 2001 downloadable datasets,Northern Ireland Statistics and Research Agency,NISRA,United Kingdom,Northern Ireland,Population & Demographics,Census,Population / demographics | Study boundary | Lookup / identifiers,GIS | Census analysis | Spatial join,statistical geography,census / current,Northern Ireland,CSV | GeoJSON | Shapefile | GDB,Open,Open Government Licence,Official,https://www.nisra.gov.uk/statistics/census/find-census-data-you-need,official_collection,verified_official,,,2026-09-04
inq-0726,Ordnance Survey Digimap,EDINA / University of Edinburgh,Digimap,United Kingdom,UK,Geospatial / GIS,Subscription collection,Geometry | Context | Study boundary,GIS | Spatial analysis,varies,varies,UK / collection dependent,Download / web map,Institutional subscription / product dependent,Product-specific / collection terms,Official,https://digimap.edina.ac.uk/help/our-maps-and-data/,official_collection,collection_metadata_only,,INQETRA must index metadata and access conditions only; never bypass institutional authentication or redistribute licensed data.,2026-09-04
inq-0727,Historic Digimap,EDINA / University of Edinburgh,Digimap,United Kingdom,UK,Geospatial / GIS,Subscription collection,Geometry | Context | Study boundary,GIS | Spatial analysis,varies,varies,UK / collection dependent,Download / web map,Institutional subscription / product dependent,Product-specific / collection terms,Official,https://digimap.edina.ac.uk/help/our-maps-and-data/,official_collection,collection_metadata_only,,INQETRA must index metadata and access conditions only; never bypass institutional authentication or redistribute licensed data.,2026-09-04
inq-0728,Geology Digimap,EDINA / University of Edinburgh,Digimap,United Kingdom,UK,Geospatial / GIS,Subscription collection,Geometry | Context | Study boundary,GIS | Spatial analysis,varies,varies,UK / collection dependent,Download / web map,Institutional subscription / product dependent,Product-specific / collection terms,Official,https://digimap.edina.ac.uk/help/our-maps-and-data/,official_collection,collection_metadata_only,,INQETRA must index metadata and access conditions only; never bypass institutional authentication or redistribute licensed data.,2026-09-04
inq-0729,Marine Digimap,EDINA / University of Edinburgh,Digimap,United Kingdom,UK,Geospatial / GIS,Subscription collection,Geometry | Context | Study boundary,GIS | Spatial analysis,varies,varies,UK / collection dependent,Download / web map,Institutional subscription / product dependent,Product-specific / collection terms,Official,https://digimap.edina.ac.uk/help/our-maps-and-data/,official_collection,collection_metadata_only,,INQETRA must index metadata and access conditions only; never bypass institutional authentication or redistribute licensed data.,2026-09-04
inq-0730,Environment Digimap,EDINA / University of Edinburgh,Digimap,United Kingdom,UK,Geospatial / GIS,Subscription collection,Geometry | Context | Study boundary,GIS | Spatial analysis,varies,varies,UK / collection dependent,Download / web map,Institutional subscription / product dependent,Product-specific / collection terms,Official,https://digimap.edina.ac.uk/help/our-maps-and-data/,official_collection,collection_metadata_only,,INQETRA must index metadata and access conditions only; never bypass institutional authentication or redistribute licensed data.,2026-09-04
inq-0731,Aerial Digimap,EDINA / University of Edinburgh,Digimap,United Kingdom,UK,Geospatial / GIS,Subscription collection,Geometry | Context | Study boundary,GIS | Spatial analysis,varies,varies,UK / collection dependent,Download / web map,Institutional subscription / product dependent,Product-specific / collection terms,Official,https://digimap.edina.ac.uk/help/our-maps-and-data/,official_collection,collection_metadata_only,,INQETRA must index metadata and access conditions only; never bypass institutional authentication or redistribute licensed data.,2026-09-04
inq-0732,LiDAR Digimap,EDINA / University of Edinburgh,Digimap,United Kingdom,UK,Geospatial / GIS,Subscription collection,Geometry | Context | Study boundary,GIS | Spatial analysis,varies,varies,UK / collection dependent,Download / web map,Institutional subscription / product dependent,Product-specific / collection terms,Official,https://digimap.edina.ac.uk/help/our-maps-and-data/,official_collection,collection_metadata_only,,INQETRA must index metadata and access conditions only; never bypass institutional authentication or redistribute licensed data.,2026-09-04
inq-0733,Global Digimap,EDINA / University of Edinburgh,Digimap,United Kingdom,UK,Geospatial / GIS,Subscription collection,Geometry | Context | Study boundary,GIS | Spatial analysis,varies,varies,UK / collection dependent,Download / web map,Institutional subscription / product dependent,Product-specific / collection terms,Official,https://digimap.edina.ac.uk/help/our-maps-and-data/,official_collection,collection_metadata_only,,INQETRA must index metadata and access conditions only; never bypass institutional authentication or redistribute licensed data.,2026-09-04
inq-0734,Society Digimap,EDINA / University of Edinburgh,Digimap,United Kingdom,UK,Geospatial / GIS,Subscription collection,Geometry | Context | Study boundary,GIS | Spatial analysis,varies,varies,UK / collection dependent,Download / web map,Institutional subscription / product dependent,Product-specific / collection terms,Official,https://digimap.edina.ac.uk/help/our-maps-and-data/,official_collection,collection_metadata_only,,INQETRA must index metadata and access conditions only; never bypass institutional authentication or redistribute licensed data.,2026-09-04
inq-0735,agCensus Digimap,EDINA / University of Edinburgh,Digimap,United Kingdom,UK,Geospatial / GIS,Subscription collection,Geometry | Context | Study boundary,GIS | Spatial analysis,varies,varies,UK / collection dependent,Download / web map,Institutional subscription / product dependent,Product-specific / collection terms,Official,https://digimap.edina.ac.uk/help/our-maps-and-data/,official_collection,collection_metadata_only,,INQETRA must index metadata and access conditions only; never bypass institutional authentication or redistribute licensed data.,2026-09-04
inq-0736,National Tree Map Digimap,EDINA / University of Edinburgh,Digimap,United Kingdom,UK,Geospatial / GIS,Subscription collection,Geometry | Context | Study boundary,GIS | Spatial analysis,varies,varies,UK / collection dependent,Download / web map,Institutional subscription / product dependent,Product-specific / collection terms,Official,https://digimap.edina.ac.uk/help/our-maps-and-data/,official_collection,collection_metadata_only,,INQETRA must index metadata and access conditions only; never bypass institutional authentication or redistribute licensed data.,2026-09-04
inq-0737,OS Northern Ireland Digimap,EDINA / University of Edinburgh,Digimap,United Kingdom,UK,Geospatial / GIS,Subscription collection,Geometry | Context | Study boundary,GIS | Spatial analysis,varies,varies,UK / collection dependent,Download / web map,Institutional subscription / product dependent,Product-specific / collection terms,Official,https://digimap.edina.ac.uk/help/our-maps-and-data/,official_collection,collection_metadata_only,,INQETRA must index metadata and access conditions only; never bypass institutional authentication or redistribute licensed data.,2026-09-04
inq-0738,Scottish House Condition Survey,Scottish Government,gov.scot,United Kingdom,Scotland,Buildings & Housing,Housing condition and energy efficiency,Outcome | Exposure | Context,Survey analysis | Descriptive statistics | Small-area analysis,Dwelling / local authority,Annual,Scotland,HTML | XLSX,Open,Open Government Licence,Official,https://www.gov.scot/collections/scottish-house-condition-survey/,official_collection,official_landing_page_link_checked,dwelling condition | energy efficiency | fuel poverty | disrepair,Official collection; landing page link checked 2026-09-04. Microdata access is separately controlled.,2026-09-04
inq-0739,Scottish House Condition Survey Local Authority Tables 2022-2024,Scottish Government,gov.scot,United Kingdom,Scotland,Buildings & Housing,Housing condition local statistics,Outcome | Context | Validation/reference,Descriptive statistics | Spatial comparison,Local authority,Annual,Scotland,HTML | XLSX,Open,Open Government Licence,Official,https://www.gov.scot/publications/scottish-house-condition-survey-local-authority-tables-2022-2024/,direct_dataset,official_landing_page_link_checked,housing stock | insulation | energy efficiency | fuel poverty | damp | disrepair,Official statistical tables; landing page link checked 2026-09-04.,2026-09-04
inq-0740,Welsh Housing Conditions Survey,Welsh Government,GOV.WALES,United Kingdom,Wales,Buildings & Housing,Housing condition and energy efficiency,Outcome | Exposure | Context,Survey analysis | Descriptive statistics,Dwelling / Wales,Survey wave,Wales,HTML | XLSX,Open,Open Government Licence,Official,https://www.gov.wales/welsh-housing-conditions-survey,official_collection,official_landing_page_link_checked,housing condition | energy efficiency | fuel poverty | hazards,Official survey collection; landing page link checked 2026-09-04.,2026-09-04
inq-0741,Energy performance and the presence of hazards in dwellings,Welsh Government,StatsWales,United Kingdom,Wales,Buildings & Housing,Housing energy and health hazards,Outcome | Exposure | Context,Descriptive statistics | Spatial comparison,Local authority / Wales,Survey wave,Wales,HTML | CSV,Open,Open Government Licence,Official,https://stats.gov.wales/en-GB/491241a0-aaaf-48bb-ad46-4a4ea2e3e792/start,direct_dataset,official_landing_page_link_checked,energy performance | repair cost | fuel poverty | HHSRS,StatsWales dataset; landing page link checked 2026-09-04.,2026-09-04
inq-0742,Welsh Index of Multiple Deprivation 2025 housing-domain indicators,Welsh Government,StatsWales,United Kingdom,Wales,Housing Vulnerability,"Housing affordability, condition and energy",Outcome | Predictor | Context,Deprivation analysis | Spatial comparison,LSOA / local authority,Static,Wales,HTML | CSV,Open,Open Government Licence,Official,https://stats.gov.wales/en-GB/8c4e387a-d221-4a24-9fd4-50bdaacbe273,direct_dataset,official_landing_page_link_checked,overcrowding | housing affordability | poor-quality housing | SAP | hazards | disrepair,StatsWales dataset; landing page link checked 2026-09-04.,2026-09-04
inq-0743,UK greenhouse gas emissions: local authority and regional,Department for Energy Security and Net Zero,National Data Library,United Kingdom,UK,Energy & Carbon,Local and regional emissions,Outcome | Baseline | Context,Carbon accounting | Spatial comparison | Trend analysis,Local authority / region,Annual,United Kingdom,CSV | XLSX,Open,Open Government Licence,Official,https://www.data.gov.uk/dataset/723c243d-2f1a-4d27-8b61-cdb93e5b10ff/local_authority_carbon_dioxide_emissions,direct_dataset,official_landing_page_link_checked,greenhouse gas emissions | sector | local authority,Official catalogue record; landing page link checked 2026-09-04.,2026-09-04
inq-0744,UK climate projections,Met Office,National Data Library,United Kingdom,UK,Climate Change,Climate projection collection,Scenario | Exposure | Future projection,Climate scenario analysis | Downscaling | Risk assessment,Raster cell / region,Projection period,United Kingdom,XLSX | maps,Open,Licence stated by publisher,Official,https://www.data.gov.uk/collections/environment/climate-projections,official_collection,official_landing_page_link_checked,temperature | precipitation | sea-level rise | climate scenarios,Official collection page; landing page link checked 2026-09-04. Confirm resource-specific terms before reuse.,2026-09-04
inq-0745,UKCP18 convection-permitting rainfall-event summaries,Environmental Information Data Centre,National Data Library,United Kingdom,Great Britain,Climate Change,Extreme rainfall projections,Exposure | Scenario | Future projection,Climate risk analysis | Extreme-event analysis,Raster cell / event,Projection period,Mainland Great Britain,ZIP | CSV,Open,Licence stated by publisher,Official,https://www.data.gov.uk/dataset/f4dc2240-1f45-4834-86fb-75fce65edc85/uk-climate-projections-2018-ukcp18-convection-permitting-model-cpm-and-empirical-copu-2060-2080,direct_dataset,official_landing_page_link_checked,peak daily rainfall | event summaries | ensemble member,Official catalogue record; landing page link checked 2026-09-04.,2026-09-04
inq-0746,UKCP18 climate projections and clay shrink-swell susceptibility,British Geological Survey,National Data Library,United Kingdom,Great Britain,Climate Change,Climate-related ground hazard,Exposure | Scenario | Future projection,GIS | Hazard mapping | Risk assessment,Raster cell,Projection period,Great Britain,GIS | raster,Commercial,Licence stated by publisher,Official,https://www.data.gov.uk/dataset/c90f8455-5ed7-4170-946a-d0de97acf9f9/ukcp18-climate-projections-and-clay-shrink-swell-susceptibility-premium,direct_dataset,official_landing_page_link_checked,clay shrink-swell susceptibility | climate scenario,Official catalogue record; premium access/reuse terms must be checked before use.,2026-09-04
inq-0747,UK Air Quality Measurements Bulk Data Download,"Department for Environment, Food and Rural Affairs",National Data Library,United Kingdom,UK,Air Quality,Monitoring observations,Exposure | Outcome | Validation/reference,Time-series analysis | Exposure assessment,Monitoring station,Hourly | daily | annual,United Kingdom,XML | CSV,Open,Open Government Licence,Official,https://www.data.gov.uk/dataset/bfaf890c-0ebc-42f7-954d-9cde251902a2/uk-air-quality-measurements-bulk-data-download,direct_dataset,official_landing_page_link_checked,PM10 | PM2.5 | NO2 | O3 | SO2 | monitoring station,Official catalogue record; landing page link checked 2026-09-04.,2026-09-04
inq-0748,Air Quality Statistics,"Department for Environment, Food and Rural Affairs",National Data Library,United Kingdom,UK,Air Quality,National air pollution statistics,Exposure | Outcome | Context,Trend analysis | Environmental health analysis,Monitoring station / UK,Annual,United Kingdom,HTML | CSV,Open,Open Government Licence,Official,https://www.data.gov.uk/dataset/90768ec4-9e1d-43be-bdc0-36e47cc42d9a/air_quality_statistics,direct_dataset,official_landing_page_link_checked,PM10 | PM2.5 | NO2 | O3 | SO2,Official catalogue record; landing page link checked 2026-09-04.,2026-09-04
inq-0749,Air quality,"Department for Environment, Food and Rural Affairs",National Data Library,United Kingdom,UK,Air Quality,National air quality collection,Exposure | Outcome | Context,Exposure assessment | Time-series analysis,Monitoring station / UK,Hourly | daily | annual,United Kingdom,HTML | CSV,Open,Open Government Licence,Official,https://www.data.gov.uk/collections/environment/air-quality,official_collection,official_landing_page_link_checked,air pollution | monitoring stations | hourly concentrations,Official collection page; landing page link checked 2026-09-04.,2026-09-04
inq-0750,ICP Forests Level II UK air-quality data,Forestry Commission,Defra Data Services Platform,United Kingdom,UK,Environment,Forest and air-quality monitoring,Exposure | Validation/reference | Context,Environmental monitoring | Time-series analysis,Monitoring plot,Every four weeks,United Kingdom,ZIP | GIS,Open,Open Government Licence,Official,https://environment.data.gov.uk/dataset/ad0794ed-3184-4765-b173-b31959ef8272,direct_dataset,official_landing_page_link_checked,ozone | ammonia | nitrogen dioxide | forest plot,Official dataset record; landing page link checked 2026-09-04.,2026-09-04
inq-0751,CS-N0W projected river-flow modelling outputs,Environment Agency,Defra Data Services Platform,United Kingdom,UK,Flooding & Hazards,Future hydrological projections,Scenario | Exposure | Future projection,Hydrological modelling | Climate-risk analysis,River reach / catchment,Projection period,United Kingdom,HTML | model outputs,Open,Licence stated by publisher,Official,https://environment.data.gov.uk/future-water/portal/modelling,official_collection,official_landing_page_link_checked,river flow | climate projection | abstraction | discharge,Official modelling portal; landing page link checked 2026-09-04. Resolve individual model-output resources before production publication.,2026-09-04
